<?xml version='1.0' encoding='UTF-8' standalone='yes' ?>
<gpx xsi:schemaLocation="http://www.topografix.com/GPX/1/1 http://www.topografix.com/GPX/1/1/gpx.xsd" xmlns="http://www.topografix.com/GPX/1/1" xmlns:xsi="http://www.w3.org/2001/XMLSchema-instance" xmlns:ns3="http://www.garmin.com/xmlschemas/TrackPointExtension/v1" xmlns:ns2="http://www.garmin.com/xmlschemas/GpxExtensions/v3" xmlns:ns1="http://www.cluetrust.com/XML/GPXDATA/1/0" creator="Amazfit Stratos 3" version="1.1">
	<trk>
		<name><![CDATA[20250607 Matagusanos]]></name>
		<trkseg>
			<trkpt lat="-31.43123166" lon="-68.65553666">
				<ele>814.0</ele>
				<time>2025-06-07T18:32:05Z</time>
				<extensions>
					<ns3:TrackPointExtension>
						<ns3:speed>0.0</ns3:speed>
						<ns3:cad>0.0</ns3:cad>
						<ns3:hr>164</ns3:hr>
					</ns3:TrackPointExtension>
				</extensions>
			</trkpt>
			<trkpt lat="-31.43123166" lon="-68.65553666">
				<ele>814.0</ele>
				<time>2025-06-07T18:32:05Z</time>
				<extensions>
					<ns3:TrackPointExtension>
						<ns3:speed>0.0</ns3:speed>
						<ns3:cad>0.0</ns3:cad>
						<ns3:hr>164</ns3:hr>
					</ns3:TrackPointExtension>
				</extensions>
			</trkpt>
			<trkpt lat="-31.43124166" lon="-68.655515">
				<ele>814.0</ele>
				<time>2025-06-07T18:32:06Z</time>
				<extensions>
					<ns3:TrackPointExtension>
						<ns3:speed>0.0</ns3:speed>
						<ns3:cad>0.0</ns3:cad>
						<ns3:hr>164</ns3:hr>
					</ns3:TrackPointExtension>
				</extensions>
			</trkpt>
			<trkpt lat="-31.43124532" lon="-68.65550834">
				<ele>814.0</ele>
				<time>2025-06-07T18:32:07Z</time>
				<extensions>
					<ns3:TrackPointExtension>
						<ns3:speed>0.0</ns3:speed>
						<ns3:cad>0.0</ns3:cad>
						<ns3:hr>163</ns3:hr>
					</ns3:TrackPointExtension>
				</extensions>
			</trkpt>
			<trkpt lat="-31.43125432" lon="-68.65549534">
				<ele>814.0</ele>
				<time>2025-06-07T18:32:08Z</time>
				<extensions>
					<ns3:TrackPointExtension>
						<ns3:speed>0.35248503</ns3:speed>
						<ns3:cad>0.0</ns3:cad>
						<ns3:hr>161</ns3:hr>
					</ns3:TrackPointExtension>
				</extensions>
			</trkpt>
			<trkpt lat="-31.43126632" lon="-68.65547801">
				<ele>814.0</ele>
				<time>2025-06-07T18:32:09Z</time>
				<extensions>
					<ns3:TrackPointExtension>
						<ns3:speed>0.728863</ns3:speed>
						<ns3:cad>0.0</ns3:cad>
						<ns3:hr>161</ns3:hr>
					</ns3:TrackPointExtension>
				</extensions>
			</trkpt>
			<trkpt lat="-31.43127898" lon="-68.65545801">
				<ele>814.0</ele>
				<time>2025-06-07T18:32:10Z</time>
				<extensions>
					<ns3:TrackPointExtension>
						<ns3:speed>1.0695187</ns3:speed>
						<ns3:cad>0.0</ns3:cad>
						<ns3:hr>161</ns3:hr>
					</ns3:TrackPointExtension>
				</extensions>
			</trkpt>
			<trkpt lat="-31.43129164" lon="-68.65543701">
				<ele>814.0</ele>
				<time>2025-06-07T18:32:11Z</time>
				<extensions>
					<ns3:TrackPointExtension>
						<ns3:speed>1.4084507</ns3:speed>
						<ns3:cad>0.0</ns3:cad>
						<ns3:hr>161</ns3:hr>
					</ns3:TrackPointExtension>
				</extensions>
			</trkpt>
			<trkpt lat="-31.4313353" lon="-68.65537001">
				<ele>814.0</ele>
				<time>2025-06-07T18:32:14Z</time>
				<extensions>
					<ns3:TrackPointExtension>
						<ns3:speed>1.980198</ns3:speed>
						<ns3:cad>81.0</ns3:cad>
						<ns3:hr>163</ns3:hr>
					</ns3:TrackPointExtension>
				</extensions>
			</trkpt>
			<trkpt lat="-31.43136596" lon="-68.65532468">
				<ele>814.0</ele>
				<time>2025-06-07T18:32:16Z</time>
				<extensions>
					<ns3:TrackPointExtension>
						<ns3:speed>2.3419204</ns3:speed>
						<ns3:cad>81.0</ns3:cad>
						<ns3:hr>164</ns3:hr>
					</ns3:TrackPointExtension>
				</extensions>
			</trkpt>
			<trkpt lat="-31.43141096" lon="-68.65525335">
				<ele>814.0</ele>
				<time>2025-06-07T18:32:19Z</time>
				<extensions>
					<ns3:TrackPointExtension>
						<ns3:speed>2.6455026</ns3:speed>
						<ns3:cad>81.0</ns3:cad>
						<ns3:hr>165</ns3:hr>
					</ns3:TrackPointExtension>
				</extensions>
			</trkpt>
			<trkpt lat="-31.43143629" lon="-68.65520369">
				<ele>814.0</ele>
				<time>2025-06-07T18:32:21Z</time>
				<extensions>
					<ns3:TrackPointExtension>
						<ns3:speed>2.7247956</ns3:speed>
						<ns3:cad>81.0</ns3:cad>
						<ns3:hr>166</ns3:hr>
					</ns3:TrackPointExtension>
				</extensions>
			</trkpt>
			<trkpt lat="-31.43146562" lon="-68.65512469">
				<ele>814.0</ele>
				<time>2025-06-07T18:32:24Z</time>
				<extensions>
					<ns3:TrackPointExtension>
						<ns3:speed>2.739726</ns3:speed>
						<ns3:cad>81.0</ns3:cad>
						<ns3:hr>166</ns3:hr>
					</ns3:TrackPointExtension>
				</extensions>
			</trkpt>
			<trkpt lat="-31.43149662" lon="-68.65504269">
				<ele>814.0</ele>
				<time>2025-06-07T18:32:27Z</time>
				<extensions>
					<ns3:TrackPointExtension>
						<ns3:speed>2.739726</ns3:speed>
						<ns3:cad>81.0</ns3:cad>
						<ns3:hr>166</ns3:hr>
					</ns3:TrackPointExtension>
				</extensions>
			</trkpt>
			<trkpt lat="-31.43151228" lon="-68.65498703">
				<ele>814.0</ele>
				<time>2025-06-07T18:32:29Z</time>
				<extensions>
					<ns3:TrackPointExtension>
						<ns3:speed>2.762431</ns3:speed>
						<ns3:cad>81.0</ns3:cad>
						<ns3:hr>168</ns3:hr>
					</ns3:TrackPointExtension>
				</extensions>
			</trkpt>
			<trkpt lat="-31.43152728" lon="-68.65491303">
				<ele>814.0</ele>
				<time>2025-06-07T18:32:32Z</time>
				<extensions>
					<ns3:TrackPointExtension>
						<ns3:speed>2.7777777</ns3:speed>
						<ns3:cad>81.0</ns3:cad>
						<ns3:hr>169</ns3:hr>
					</ns3:TrackPointExtension>
				</extensions>
			</trkpt>
			<trkpt lat="-31.43155161" lon="-68.6548367">
				<ele>814.0</ele>
				<time>2025-06-07T18:32:35Z</time>
				<extensions>
					<ns3:TrackPointExtension>
						<ns3:speed>2.7173913</ns3:speed>
						<ns3:cad>81.0</ns3:cad>
						<ns3:hr>170</ns3:hr>
					</ns3:TrackPointExtension>
				</extensions>
			</trkpt>
			<trkpt lat="-31.43157394" lon="-68.65476437">
				<ele>815.0</ele>
				<time>2025-06-07T18:32:38Z</time>
				<extensions>
					<ns3:TrackPointExtension>
						<ns3:speed>2.688172</ns3:speed>
						<ns3:cad>81.0</ns3:cad>
						<ns3:hr>170</ns3:hr>
					</ns3:TrackPointExtension>
				</extensions>
			</trkpt>
			<trkpt lat="-31.43158894" lon="-68.65468704">
				<ele>815.0</ele>
				<time>2025-06-07T18:32:41Z</time>
				<extensions>
					<ns3:TrackPointExtension>
						<ns3:speed>2.6666667</ns3:speed>
						<ns3:cad>81.0</ns3:cad>
						<ns3:hr>170</ns3:hr>
					</ns3:TrackPointExtension>
				</extensions>
			</trkpt>
			<trkpt lat="-31.43161527" lon="-68.65460904">
				<ele>815.0</ele>
				<time>2025-06-07T18:32:44Z</time>
				<extensions>
					<ns3:TrackPointExtension>
						<ns3:speed>2.631579</ns3:speed>
						<ns3:cad>81.0</ns3:cad>
						<ns3:hr>170</ns3:hr>
					</ns3:TrackPointExtension>
				</extensions>
			</trkpt>
			<trkpt lat="-31.4316506" lon="-68.65453938">
				<ele>814.0</ele>
				<time>2025-06-07T18:32:47Z</time>
				<extensions>
					<ns3:TrackPointExtension>
						<ns3:speed>2.631579</ns3:speed>
						<ns3:cad>81.0</ns3:cad>
						<ns3:hr>169</ns3:hr>
					</ns3:TrackPointExtension>
				</extensions>
			</trkpt>
			<trkpt lat="-31.43169326" lon="-68.65446338">
				<ele>814.0</ele>
				<time>2025-06-07T18:32:50Z</time>
				<extensions>
					<ns3:TrackPointExtension>
						<ns3:speed>2.6455026</ns3:speed>
						<ns3:cad>81.0</ns3:cad>
						<ns3:hr>167</ns3:hr>
					</ns3:TrackPointExtension>
				</extensions>
			</trkpt>
			<trkpt lat="-31.43173726" lon="-68.65439372">
				<ele>814.0</ele>
				<time>2025-06-07T18:32:53Z</time>
				<extensions>
					<ns3:TrackPointExtension>
						<ns3:speed>2.6666667</ns3:speed>
						<ns3:cad>81.0</ns3:cad>
						<ns3:hr>165</ns3:hr>
					</ns3:TrackPointExtension>
				</extensions>
			</trkpt>
			<trkpt lat="-31.43176726" lon="-68.65434539">
				<ele>814.0</ele>
				<time>2025-06-07T18:32:55Z</time>
				<extensions>
					<ns3:TrackPointExtension>
						<ns3:speed>2.688172</ns3:speed>
						<ns3:cad>81.0</ns3:cad>
						<ns3:hr>163</ns3:hr>
					</ns3:TrackPointExtension>
				</extensions>
			</trkpt>
			<trkpt lat="-31.43181092" lon="-68.65427406">
				<ele>813.0</ele>
				<time>2025-06-07T18:32:58Z</time>
				<extensions>
					<ns3:TrackPointExtension>
						<ns3:speed>2.762431</ns3:speed>
						<ns3:cad>81.0</ns3:cad>
						<ns3:hr>164</ns3:hr>
					</ns3:TrackPointExtension>
				</extensions>
			</trkpt>
			<trkpt lat="-31.43184292" lon="-68.65422073">
				<ele>813.0</ele>
				<time>2025-06-07T18:33:00Z</time>
				<extensions>
					<ns3:TrackPointExtension>
						<ns3:speed>2.7777777</ns3:speed>
						<ns3:cad>80.0</ns3:cad>
						<ns3:hr>165</ns3:hr>
					</ns3:TrackPointExtension>
				</extensions>
			</trkpt>
			<trkpt lat="-31.43188025" lon="-68.65417773">
				<ele>813.0</ele>
				<time>2025-06-07T18:33:02Z</time>
				<extensions>
					<ns3:TrackPointExtension>
						<ns3:speed>2.8328612</ns3:speed>
						<ns3:cad>80.0</ns3:cad>
						<ns3:hr>165</ns3:hr>
					</ns3:TrackPointExtension>
				</extensions>
			</trkpt>
			<trkpt lat="-31.43192191" lon="-68.65414073">
				<ele>813.0</ele>
				<time>2025-06-07T18:33:04Z</time>
				<extensions>
					<ns3:TrackPointExtension>
						<ns3:speed>2.8735633</ns3:speed>
						<ns3:cad>80.0</ns3:cad>
						<ns3:hr>167</ns3:hr>
					</ns3:TrackPointExtension>
				</extensions>
			</trkpt>
			<trkpt lat="-31.43196224" lon="-68.65410873">
				<ele>813.0</ele>
				<time>2025-06-07T18:33:06Z</time>
				<extensions>
					<ns3:TrackPointExtension>
						<ns3:speed>2.8818443</ns3:speed>
						<ns3:cad>80.0</ns3:cad>
						<ns3:hr>167</ns3:hr>
					</ns3:TrackPointExtension>
				</extensions>
			</trkpt>
			<trkpt lat="-31.4320119" lon="-68.65406873">
				<ele>813.0</ele>
				<time>2025-06-07T18:33:09Z</time>
				<extensions>
					<ns3:TrackPointExtension>
						<ns3:speed>2.7548208</ns3:speed>
						<ns3:cad>80.0</ns3:cad>
						<ns3:hr>170</ns3:hr>
					</ns3:TrackPointExtension>
				</extensions>
			</trkpt>
			<trkpt lat="-31.4320529" lon="-68.65404107">
				<ele>813.0</ele>
				<time>2025-06-07T18:33:13Z</time>
				<extensions>
					<ns3:TrackPointExtension>
						<ns3:speed>2.0325203</ns3:speed>
						<ns3:cad>80.0</ns3:cad>
						<ns3:hr>171</ns3:hr>
					</ns3:TrackPointExtension>
				</extensions>
			</trkpt>
			<trkpt lat="-31.43210823" lon="-68.65398341">
				<ele>813.0</ele>
				<time>2025-06-07T18:33:18Z</time>
				<extensions>
					<ns3:TrackPointExtension>
						<ns3:speed>1.4144272</ns3:speed>
						<ns3:cad>80.0</ns3:cad>
						<ns3:hr>170</ns3:hr>
					</ns3:TrackPointExtension>
				</extensions>
			</trkpt>
			<trkpt lat="-31.43214489" lon="-68.65392341">
				<ele>813.0</ele>
				<time>2025-06-07T18:33:21Z</time>
				<extensions>
					<ns3:TrackPointExtension>
						<ns3:speed>1.7953322</ns3:speed>
						<ns3:cad>80.0</ns3:cad>
						<ns3:hr>171</ns3:hr>
					</ns3:TrackPointExtension>
				</extensions>
			</trkpt>
			<trkpt lat="-31.43218589" lon="-68.65385708">
				<ele>814.0</ele>
				<time>2025-06-07T18:33:24Z</time>
				<extensions>
					<ns3:TrackPointExtension>
						<ns3:speed>2.2075055</ns3:speed>
						<ns3:cad>80.0</ns3:cad>
						<ns3:hr>172</ns3:hr>
					</ns3:TrackPointExtension>
				</extensions>
			</trkpt>
			<trkpt lat="-31.43222855" lon="-68.65378775">
				<ele>814.0</ele>
				<time>2025-06-07T18:33:27Z</time>
				<extensions>
					<ns3:TrackPointExtension>
						<ns3:speed>2.5</ns3:speed>
						<ns3:cad>81.0</ns3:cad>
						<ns3:hr>170</ns3:hr>
					</ns3:TrackPointExtension>
				</extensions>
			</trkpt>
			<trkpt lat="-31.43227921" lon="-68.65369009">
				<ele>814.0</ele>
				<time>2025-06-07T18:33:31Z</time>
				<extensions>
					<ns3:TrackPointExtension>
						<ns3:speed>2.6666667</ns3:speed>
						<ns3:cad>80.0</ns3:cad>
						<ns3:hr>172</ns3:hr>
					</ns3:TrackPointExtension>
				</extensions>
			</trkpt>
			<trkpt lat="-31.43231721" lon="-68.65362009">
				<ele>814.0</ele>
				<time>2025-06-07T18:33:34Z</time>
				<extensions>
					<ns3:TrackPointExtension>
						<ns3:speed>2.6666667</ns3:speed>
						<ns3:cad>80.0</ns3:cad>
						<ns3:hr>170</ns3:hr>
					</ns3:TrackPointExtension>
				</extensions>
			</trkpt>
			<trkpt lat="-31.43234321" lon="-68.65357109">
				<ele>814.0</ele>
				<time>2025-06-07T18:33:36Z</time>
				<extensions>
					<ns3:TrackPointExtension>
						<ns3:speed>2.6666667</ns3:speed>
						<ns3:cad>80.0</ns3:cad>
						<ns3:hr>172</ns3:hr>
					</ns3:TrackPointExtension>
				</extensions>
			</trkpt>
			<trkpt lat="-31.43238821" lon="-68.65349676">
				<ele>814.0</ele>
				<time>2025-06-07T18:33:39Z</time>
				<extensions>
					<ns3:TrackPointExtension>
						<ns3:speed>2.688172</ns3:speed>
						<ns3:cad>80.0</ns3:cad>
						<ns3:hr>170</ns3:hr>
					</ns3:TrackPointExtension>
				</extensions>
			</trkpt>
			<trkpt lat="-31.43241754" lon="-68.65345076">
				<ele>814.0</ele>
				<time>2025-06-07T18:33:41Z</time>
				<extensions>
					<ns3:TrackPointExtension>
						<ns3:speed>2.7027028</ns3:speed>
						<ns3:cad>81.0</ns3:cad>
						<ns3:hr>166</ns3:hr>
					</ns3:TrackPointExtension>
				</extensions>
			</trkpt>
			<trkpt lat="-31.43245187" lon="-68.65340376">
				<ele>815.0</ele>
				<time>2025-06-07T18:33:43Z</time>
				<extensions>
					<ns3:TrackPointExtension>
						<ns3:speed>2.7247956</ns3:speed>
						<ns3:cad>81.0</ns3:cad>
						<ns3:hr>166</ns3:hr>
					</ns3:TrackPointExtension>
				</extensions>
			</trkpt>
			<trkpt lat="-31.43250187" lon="-68.65334043">
				<ele>815.0</ele>
				<time>2025-06-07T18:33:46Z</time>
				<extensions>
					<ns3:TrackPointExtension>
						<ns3:speed>2.739726</ns3:speed>
						<ns3:cad>80.0</ns3:cad>
						<ns3:hr>169</ns3:hr>
					</ns3:TrackPointExtension>
				</extensions>
			</trkpt>
			<trkpt lat="-31.43254653" lon="-68.65328177">
				<ele>815.0</ele>
				<time>2025-06-07T18:33:49Z</time>
				<extensions>
					<ns3:TrackPointExtension>
						<ns3:speed>2.739726</ns3:speed>
						<ns3:cad>80.0</ns3:cad>
						<ns3:hr>169</ns3:hr>
					</ns3:TrackPointExtension>
				</extensions>
			</trkpt>
			<trkpt lat="-31.43258619" lon="-68.65321577">
				<ele>815.0</ele>
				<time>2025-06-07T18:33:52Z</time>
				<extensions>
					<ns3:TrackPointExtension>
						<ns3:speed>2.7027028</ns3:speed>
						<ns3:cad>81.0</ns3:cad>
						<ns3:hr>166</ns3:hr>
					</ns3:TrackPointExtension>
				</extensions>
			</trkpt>
			<trkpt lat="-31.43261452" lon="-68.65316611">
				<ele>815.0</ele>
				<time>2025-06-07T18:33:54Z</time>
				<extensions>
					<ns3:TrackPointExtension>
						<ns3:speed>2.7027028</ns3:speed>
						<ns3:cad>80.0</ns3:cad>
						<ns3:hr>163</ns3:hr>
					</ns3:TrackPointExtension>
				</extensions>
			</trkpt>
			<trkpt lat="-31.43265652" lon="-68.65309911">
				<ele>815.0</ele>
				<time>2025-06-07T18:33:57Z</time>
				<extensions>
					<ns3:TrackPointExtension>
						<ns3:speed>2.688172</ns3:speed>
						<ns3:cad>80.0</ns3:cad>
						<ns3:hr>156</ns3:hr>
					</ns3:TrackPointExtension>
				</extensions>
			</trkpt>
			<trkpt lat="-31.43270318" lon="-68.65302911">
				<ele>815.0</ele>
				<time>2025-06-07T18:34:00Z</time>
				<extensions>
					<ns3:TrackPointExtension>
						<ns3:speed>2.7027028</ns3:speed>
						<ns3:cad>80.0</ns3:cad>
						<ns3:hr>159</ns3:hr>
					</ns3:TrackPointExtension>
				</extensions>
			</trkpt>
			<trkpt lat="-31.43274384" lon="-68.65296011">
				<ele>815.0</ele>
				<time>2025-06-07T18:34:03Z</time>
				<extensions>
					<ns3:TrackPointExtension>
						<ns3:speed>2.7027028</ns3:speed>
						<ns3:cad>80.0</ns3:cad>
						<ns3:hr>157</ns3:hr>
					</ns3:TrackPointExtension>
				</extensions>
			</trkpt>
			<trkpt lat="-31.43277317" lon="-68.65290811">
				<ele>815.0</ele>
				<time>2025-06-07T18:34:05Z</time>
				<extensions>
					<ns3:TrackPointExtension>
						<ns3:speed>2.7027028</ns3:speed>
						<ns3:cad>80.0</ns3:cad>
						<ns3:hr>159</ns3:hr>
					</ns3:TrackPointExtension>
				</extensions>
			</trkpt>
			<trkpt lat="-31.43281183" lon="-68.65282878">
				<ele>815.0</ele>
				<time>2025-06-07T18:34:08Z</time>
				<extensions>
					<ns3:TrackPointExtension>
						<ns3:speed>2.7173913</ns3:speed>
						<ns3:cad>80.0</ns3:cad>
						<ns3:hr>162</ns3:hr>
					</ns3:TrackPointExtension>
				</extensions>
			</trkpt>
			<trkpt lat="-31.43283916" lon="-68.65278245">
				<ele>815.0</ele>
				<time>2025-06-07T18:34:10Z</time>
				<extensions>
					<ns3:TrackPointExtension>
						<ns3:speed>2.7247956</ns3:speed>
						<ns3:cad>80.0</ns3:cad>
						<ns3:hr>160</ns3:hr>
					</ns3:TrackPointExtension>
				</extensions>
			</trkpt>
			<trkpt lat="-31.43288082" lon="-68.65271312">
				<ele>815.0</ele>
				<time>2025-06-07T18:34:13Z</time>
				<extensions>
					<ns3:TrackPointExtension>
						<ns3:speed>2.7247956</ns3:speed>
						<ns3:cad>80.0</ns3:cad>
						<ns3:hr>165</ns3:hr>
					</ns3:TrackPointExtension>
				</extensions>
			</trkpt>
			<trkpt lat="-31.43292548" lon="-68.65264112">
				<ele>815.0</ele>
				<time>2025-06-07T18:34:16Z</time>
				<extensions>
					<ns3:TrackPointExtension>
						<ns3:speed>2.739726</ns3:speed>
						<ns3:cad>80.0</ns3:cad>
						<ns3:hr>167</ns3:hr>
					</ns3:TrackPointExtension>
				</extensions>
			</trkpt>
			<trkpt lat="-31.43295814" lon="-68.65259512">
				<ele>815.0</ele>
				<time>2025-06-07T18:34:18Z</time>
				<extensions>
					<ns3:TrackPointExtension>
						<ns3:speed>2.739726</ns3:speed>
						<ns3:cad>80.0</ns3:cad>
						<ns3:hr>168</ns3:hr>
					</ns3:TrackPointExtension>
				</extensions>
			</trkpt>
			<trkpt lat="-31.43299447" lon="-68.65255279">
				<ele>815.0</ele>
				<time>2025-06-07T18:34:20Z</time>
				<extensions>
					<ns3:TrackPointExtension>
						<ns3:speed>2.739726</ns3:speed>
						<ns3:cad>80.0</ns3:cad>
						<ns3:hr>168</ns3:hr>
					</ns3:TrackPointExtension>
				</extensions>
			</trkpt>
			<trkpt lat="-31.43304313" lon="-68.65248979">
				<ele>815.0</ele>
				<time>2025-06-07T18:34:23Z</time>
				<extensions>
					<ns3:TrackPointExtension>
						<ns3:speed>2.739726</ns3:speed>
						<ns3:cad>80.0</ns3:cad>
						<ns3:hr>170</ns3:hr>
					</ns3:TrackPointExtension>
				</extensions>
			</trkpt>
			<trkpt lat="-31.43308413" lon="-68.65242546">
				<ele>815.0</ele>
				<time>2025-06-07T18:34:26Z</time>
				<extensions>
					<ns3:TrackPointExtension>
						<ns3:speed>2.739726</ns3:speed>
						<ns3:cad>80.0</ns3:cad>
						<ns3:hr>170</ns3:hr>
					</ns3:TrackPointExtension>
				</extensions>
			</trkpt>
			<trkpt lat="-31.43312546" lon="-68.65235913">
				<ele>815.0</ele>
				<time>2025-06-07T18:34:29Z</time>
				<extensions>
					<ns3:TrackPointExtension>
						<ns3:speed>2.7247956</ns3:speed>
						<ns3:cad>80.0</ns3:cad>
						<ns3:hr>171</ns3:hr>
					</ns3:TrackPointExtension>
				</extensions>
			</trkpt>
			<trkpt lat="-31.43315179" lon="-68.65231447">
				<ele>815.0</ele>
				<time>2025-06-07T18:34:31Z</time>
				<extensions>
					<ns3:TrackPointExtension>
						<ns3:speed>2.7173913</ns3:speed>
						<ns3:cad>80.0</ns3:cad>
						<ns3:hr>172</ns3:hr>
					</ns3:TrackPointExtension>
				</extensions>
			</trkpt>
			<trkpt lat="-31.43317545" lon="-68.65224747">
				<ele>815.0</ele>
				<time>2025-06-07T18:34:34Z</time>
				<extensions>
					<ns3:TrackPointExtension>
						<ns3:speed>2.7027028</ns3:speed>
						<ns3:cad>80.0</ns3:cad>
						<ns3:hr>173</ns3:hr>
					</ns3:TrackPointExtension>
				</extensions>
			</trkpt>
			<trkpt lat="-31.43314845" lon="-68.65218781">
				<ele>815.0</ele>
				<time>2025-06-07T18:34:37Z</time>
				<extensions>
					<ns3:TrackPointExtension>
						<ns3:speed>2.6666667</ns3:speed>
						<ns3:cad>80.0</ns3:cad>
						<ns3:hr>173</ns3:hr>
					</ns3:TrackPointExtension>
				</extensions>
			</trkpt>
			<trkpt lat="-31.43309679" lon="-68.65213515">
				<ele>814.0</ele>
				<time>2025-06-07T18:34:40Z</time>
				<extensions>
					<ns3:TrackPointExtension>
						<ns3:speed>2.631579</ns3:speed>
						<ns3:cad>80.0</ns3:cad>
						<ns3:hr>173</ns3:hr>
					</ns3:TrackPointExtension>
				</extensions>
			</trkpt>
			<trkpt lat="-31.43304379" lon="-68.65209849">
				<ele>814.0</ele>
				<time>2025-06-07T18:34:43Z</time>
				<extensions>
					<ns3:TrackPointExtension>
						<ns3:speed>2.617801</ns3:speed>
						<ns3:cad>80.0</ns3:cad>
						<ns3:hr>174</ns3:hr>
					</ns3:TrackPointExtension>
				</extensions>
			</trkpt>
			<trkpt lat="-31.43300213" lon="-68.65207516">
				<ele>814.0</ele>
				<time>2025-06-07T18:34:48Z</time>
				<extensions>
					<ns3:TrackPointExtension>
						<ns3:speed>2.1978023</ns3:speed>
						<ns3:cad>80.0</ns3:cad>
						<ns3:hr>172</ns3:hr>
					</ns3:TrackPointExtension>
				</extensions>
			</trkpt>
			<trkpt lat="-31.4328228" lon="-68.65202183">
				<ele>814.0</ele>
				<time>2025-06-07T18:38:37Z</time>
				<extensions>
					<ns3:TrackPointExtension>
						<ns3:speed>0.5221932</ns3:speed>
						<ns3:cad>34.0</ns3:cad>
						<ns3:hr>158</ns3:hr>
					</ns3:TrackPointExtension>
				</extensions>
			</trkpt>
			<trkpt lat="-31.4327758" lon="-68.6519845">
				<ele>814.0</ele>
				<time>2025-06-07T18:38:39Z</time>
				<extensions>
					<ns3:TrackPointExtension>
						<ns3:speed>0.6116208</ns3:speed>
						<ns3:cad>34.0</ns3:cad>
						<ns3:hr>158</ns3:hr>
					</ns3:TrackPointExtension>
				</extensions>
			</trkpt>
			<trkpt lat="-31.4327238" lon="-68.65195217">
				<ele>814.0</ele>
				<time>2025-06-07T18:38:41Z</time>
				<extensions>
					<ns3:TrackPointExtension>
						<ns3:speed>1.7241379</ns3:speed>
						<ns3:cad>34.0</ns3:cad>
						<ns3:hr>160</ns3:hr>
					</ns3:TrackPointExtension>
				</extensions>
			</trkpt>
			<trkpt lat="-31.43266614" lon="-68.65192851">
				<ele>812.0</ele>
				<time>2025-06-07T18:38:43Z</time>
				<extensions>
					<ns3:TrackPointExtension>
						<ns3:speed>2.610966</ns3:speed>
						<ns3:cad>34.0</ns3:cad>
						<ns3:hr>161</ns3:hr>
					</ns3:TrackPointExtension>
				</extensions>
			</trkpt>
			<trkpt lat="-31.43260914" lon="-68.65191785">
				<ele>812.0</ele>
				<time>2025-06-07T18:38:45Z</time>
				<extensions>
					<ns3:TrackPointExtension>
						<ns3:speed>3.0030031</ns3:speed>
						<ns3:cad>85.0</ns3:cad>
						<ns3:hr>160</ns3:hr>
					</ns3:TrackPointExtension>
				</extensions>
			</trkpt>
			<trkpt lat="-31.43255614" lon="-68.65190219">
				<ele>812.0</ele>
				<time>2025-06-07T18:38:47Z</time>
				<extensions>
					<ns3:TrackPointExtension>
						<ns3:speed>3.144654</ns3:speed>
						<ns3:cad>85.0</ns3:cad>
						<ns3:hr>160</ns3:hr>
					</ns3:TrackPointExtension>
				</extensions>
			</trkpt>
			<trkpt lat="-31.43251048" lon="-68.65187219">
				<ele>812.0</ele>
				<time>2025-06-07T18:38:49Z</time>
				<extensions>
					<ns3:TrackPointExtension>
						<ns3:speed>3.125</ns3:speed>
						<ns3:cad>85.0</ns3:cad>
						<ns3:hr>160</ns3:hr>
					</ns3:TrackPointExtension>
				</extensions>
			</trkpt>
			<trkpt lat="-31.43246682" lon="-68.65183586">
				<ele>812.0</ele>
				<time>2025-06-07T18:38:51Z</time>
				<extensions>
					<ns3:TrackPointExtension>
						<ns3:speed>3.0769231</ns3:speed>
						<ns3:cad>85.0</ns3:cad>
						<ns3:hr>159</ns3:hr>
					</ns3:TrackPointExtension>
				</extensions>
			</trkpt>
			<trkpt lat="-31.43241916" lon="-68.65180853">
				<ele>813.0</ele>
				<time>2025-06-07T18:38:53Z</time>
				<extensions>
					<ns3:TrackPointExtension>
						<ns3:speed>3.030303</ns3:speed>
						<ns3:cad>84.0</ns3:cad>
						<ns3:hr>158</ns3:hr>
					</ns3:TrackPointExtension>
				</extensions>
			</trkpt>
			<trkpt lat="-31.4323665" lon="-68.65179453">
				<ele>813.0</ele>
				<time>2025-06-07T18:38:55Z</time>
				<extensions>
					<ns3:TrackPointExtension>
						<ns3:speed>2.9850745</ns3:speed>
						<ns3:cad>84.0</ns3:cad>
						<ns3:hr>158</ns3:hr>
					</ns3:TrackPointExtension>
				</extensions>
			</trkpt>
			<trkpt lat="-31.43231017" lon="-68.6517882">
				<ele>813.0</ele>
				<time>2025-06-07T18:38:57Z</time>
				<extensions>
					<ns3:TrackPointExtension>
						<ns3:speed>2.9850745</ns3:speed>
						<ns3:cad>84.0</ns3:cad>
						<ns3:hr>157</ns3:hr>
					</ns3:TrackPointExtension>
				</extensions>
			</trkpt>
			<trkpt lat="-31.43225617" lon="-68.65177687">
				<ele>813.0</ele>
				<time>2025-06-07T18:38:59Z</time>
				<extensions>
					<ns3:TrackPointExtension>
						<ns3:speed>3.030303</ns3:speed>
						<ns3:cad>84.0</ns3:cad>
						<ns3:hr>158</ns3:hr>
					</ns3:TrackPointExtension>
				</extensions>
			</trkpt>
			<trkpt lat="-31.43220451" lon="-68.65175687">
				<ele>814.0</ele>
				<time>2025-06-07T18:39:01Z</time>
				<extensions>
					<ns3:TrackPointExtension>
						<ns3:speed>3.030303</ns3:speed>
						<ns3:cad>84.0</ns3:cad>
						<ns3:hr>158</ns3:hr>
					</ns3:TrackPointExtension>
				</extensions>
			</trkpt>
			<trkpt lat="-31.43216018" lon="-68.65172554">
				<ele>814.0</ele>
				<time>2025-06-07T18:39:03Z</time>
				<extensions>
					<ns3:TrackPointExtension>
						<ns3:speed>3.030303</ns3:speed>
						<ns3:cad>84.0</ns3:cad>
						<ns3:hr>159</ns3:hr>
					</ns3:TrackPointExtension>
				</extensions>
			</trkpt>
			<trkpt lat="-31.43210618" lon="-68.65166654">
				<ele>814.0</ele>
				<time>2025-06-07T18:39:06Z</time>
				<extensions>
					<ns3:TrackPointExtension>
						<ns3:speed>2.9411764</ns3:speed>
						<ns3:cad>84.0</ns3:cad>
						<ns3:hr>158</ns3:hr>
					</ns3:TrackPointExtension>
				</extensions>
			</trkpt>
			<trkpt lat="-31.43206785" lon="-68.65163188">
				<ele>815.0</ele>
				<time>2025-06-07T18:39:08Z</time>
				<extensions>
					<ns3:TrackPointExtension>
						<ns3:speed>2.857143</ns3:speed>
						<ns3:cad>84.0</ns3:cad>
						<ns3:hr>162</ns3:hr>
					</ns3:TrackPointExtension>
				</extensions>
			</trkpt>
			<trkpt lat="-31.43200219" lon="-68.65159722">
				<ele>815.0</ele>
				<time>2025-06-07T18:39:11Z</time>
				<extensions>
					<ns3:TrackPointExtension>
						<ns3:speed>2.739726</ns3:speed>
						<ns3:cad>84.0</ns3:cad>
						<ns3:hr>165</ns3:hr>
					</ns3:TrackPointExtension>
				</extensions>
			</trkpt>
			<trkpt lat="-31.43193686" lon="-68.65155856">
				<ele>815.0</ele>
				<time>2025-06-07T18:39:14Z</time>
				<extensions>
					<ns3:TrackPointExtension>
						<ns3:speed>2.7173913</ns3:speed>
						<ns3:cad>84.0</ns3:cad>
						<ns3:hr>166</ns3:hr>
					</ns3:TrackPointExtension>
				</extensions>
			</trkpt>
			<trkpt lat="-31.43187086" lon="-68.65152423">
				<ele>816.0</ele>
				<time>2025-06-07T18:39:17Z</time>
				<extensions>
					<ns3:TrackPointExtension>
						<ns3:speed>2.7027028</ns3:speed>
						<ns3:cad>84.0</ns3:cad>
						<ns3:hr>166</ns3:hr>
					</ns3:TrackPointExtension>
				</extensions>
			</trkpt>
			<trkpt lat="-31.43180486" lon="-68.65148357">
				<ele>816.0</ele>
				<time>2025-06-07T18:39:20Z</time>
				<extensions>
					<ns3:TrackPointExtension>
						<ns3:speed>2.7027028</ns3:speed>
						<ns3:cad>83.0</ns3:cad>
						<ns3:hr>170</ns3:hr>
					</ns3:TrackPointExtension>
				</extensions>
			</trkpt>
			<trkpt lat="-31.4317642" lon="-68.65145424">
				<ele>816.0</ele>
				<time>2025-06-07T18:39:22Z</time>
				<extensions>
					<ns3:TrackPointExtension>
						<ns3:speed>2.7027028</ns3:speed>
						<ns3:cad>83.0</ns3:cad>
						<ns3:hr>170</ns3:hr>
					</ns3:TrackPointExtension>
				</extensions>
			</trkpt>
			<trkpt lat="-31.43170487" lon="-68.65141224">
				<ele>817.0</ele>
				<time>2025-06-07T18:39:25Z</time>
				<extensions>
					<ns3:TrackPointExtension>
						<ns3:speed>2.7027028</ns3:speed>
						<ns3:cad>83.0</ns3:cad>
						<ns3:hr>172</ns3:hr>
					</ns3:TrackPointExtension>
				</extensions>
			</trkpt>
			<trkpt lat="-31.43166521" lon="-68.65137991">
				<ele>817.0</ele>
				<time>2025-06-07T18:39:27Z</time>
				<extensions>
					<ns3:TrackPointExtension>
						<ns3:speed>2.688172</ns3:speed>
						<ns3:cad>83.0</ns3:cad>
						<ns3:hr>173</ns3:hr>
					</ns3:TrackPointExtension>
				</extensions>
			</trkpt>
			<trkpt lat="-31.43160855" lon="-68.65132358">
				<ele>817.0</ele>
				<time>2025-06-07T18:39:30Z</time>
				<extensions>
					<ns3:TrackPointExtension>
						<ns3:speed>2.6809652</ns3:speed>
						<ns3:cad>83.0</ns3:cad>
						<ns3:hr>173</ns3:hr>
					</ns3:TrackPointExtension>
				</extensions>
			</trkpt>
			<trkpt lat="-31.43155322" lon="-68.65127158">
				<ele>817.0</ele>
				<time>2025-06-07T18:39:33Z</time>
				<extensions>
					<ns3:TrackPointExtension>
						<ns3:speed>2.6809652</ns3:speed>
						<ns3:cad>83.0</ns3:cad>
						<ns3:hr>172</ns3:hr>
					</ns3:TrackPointExtension>
				</extensions>
			</trkpt>
			<trkpt lat="-31.43149189" lon="-68.65123258">
				<ele>818.0</ele>
				<time>2025-06-07T18:39:36Z</time>
				<extensions>
					<ns3:TrackPointExtension>
						<ns3:speed>2.6666667</ns3:speed>
						<ns3:cad>83.0</ns3:cad>
						<ns3:hr>173</ns3:hr>
					</ns3:TrackPointExtension>
				</extensions>
			</trkpt>
			<trkpt lat="-31.43142389" lon="-68.65121392">
				<ele>818.0</ele>
				<time>2025-06-07T18:39:39Z</time>
				<extensions>
					<ns3:TrackPointExtension>
						<ns3:speed>2.6666667</ns3:speed>
						<ns3:cad>83.0</ns3:cad>
						<ns3:hr>173</ns3:hr>
					</ns3:TrackPointExtension>
				</extensions>
			</trkpt>
			<trkpt lat="-31.43136389" lon="-68.65119026">
				<ele>818.0</ele>
				<time>2025-06-07T18:39:42Z</time>
				<extensions>
					<ns3:TrackPointExtension>
						<ns3:speed>2.5773196</ns3:speed>
						<ns3:cad>82.0</ns3:cad>
						<ns3:hr>174</ns3:hr>
					</ns3:TrackPointExtension>
				</extensions>
			</trkpt>
			<trkpt lat="-31.43131156" lon="-68.65114826">
				<ele>819.0</ele>
				<time>2025-06-07T18:39:45Z</time>
				<extensions>
					<ns3:TrackPointExtension>
						<ns3:speed>2.4813895</ns3:speed>
						<ns3:cad>82.0</ns3:cad>
						<ns3:hr>174</ns3:hr>
					</ns3:TrackPointExtension>
				</extensions>
			</trkpt>
			<trkpt lat="-31.43126323" lon="-68.6511066">
				<ele>819.0</ele>
				<time>2025-06-07T18:39:48Z</time>
				<extensions>
					<ns3:TrackPointExtension>
						<ns3:speed>2.4271846</ns3:speed>
						<ns3:cad>82.0</ns3:cad>
						<ns3:hr>174</ns3:hr>
					</ns3:TrackPointExtension>
				</extensions>
			</trkpt>
			<trkpt lat="-31.43121023" lon="-68.65107994">
				<ele>819.0</ele>
				<time>2025-06-07T18:39:51Z</time>
				<extensions>
					<ns3:TrackPointExtension>
						<ns3:speed>2.3640661</ns3:speed>
						<ns3:cad>82.0</ns3:cad>
						<ns3:hr>174</ns3:hr>
					</ns3:TrackPointExtension>
				</extensions>
			</trkpt>
			<trkpt lat="-31.43115123" lon="-68.65105994">
				<ele>820.0</ele>
				<time>2025-06-07T18:39:54Z</time>
				<extensions>
					<ns3:TrackPointExtension>
						<ns3:speed>2.3255813</ns3:speed>
						<ns3:cad>82.0</ns3:cad>
						<ns3:hr>173</ns3:hr>
					</ns3:TrackPointExtension>
				</extensions>
			</trkpt>
			<trkpt lat="-31.4310999" lon="-68.65104161">
				<ele>820.0</ele>
				<time>2025-06-07T18:39:57Z</time>
				<extensions>
					<ns3:TrackPointExtension>
						<ns3:speed>2.3094687</ns3:speed>
						<ns3:cad>81.0</ns3:cad>
						<ns3:hr>173</ns3:hr>
					</ns3:TrackPointExtension>
				</extensions>
			</trkpt>
			<trkpt lat="-31.43105424" lon="-68.65101695">
				<ele>821.0</ele>
				<time>2025-06-07T18:40:00Z</time>
				<extensions>
					<ns3:TrackPointExtension>
						<ns3:speed>2.2573364</ns3:speed>
						<ns3:cad>81.0</ns3:cad>
						<ns3:hr>174</ns3:hr>
					</ns3:TrackPointExtension>
				</extensions>
			</trkpt>
			<trkpt lat="-31.43099291" lon="-68.65097729">
				<ele>821.0</ele>
				<time>2025-06-07T18:40:04Z</time>
				<extensions>
					<ns3:TrackPointExtension>
						<ns3:speed>2.183406</ns3:speed>
						<ns3:cad>81.0</ns3:cad>
						<ns3:hr>171</ns3:hr>
					</ns3:TrackPointExtension>
				</extensions>
			</trkpt>
			<trkpt lat="-31.43093825" lon="-68.65095129">
				<ele>822.0</ele>
				<time>2025-06-07T18:40:07Z</time>
				<extensions>
					<ns3:TrackPointExtension>
						<ns3:speed>2.1645021</ns3:speed>
						<ns3:cad>81.0</ns3:cad>
						<ns3:hr>172</ns3:hr>
					</ns3:TrackPointExtension>
				</extensions>
			</trkpt>
			<trkpt lat="-31.43088459" lon="-68.65091396">
				<ele>822.0</ele>
				<time>2025-06-07T18:40:10Z</time>
				<extensions>
					<ns3:TrackPointExtension>
						<ns3:speed>2.173913</ns3:speed>
						<ns3:cad>80.0</ns3:cad>
						<ns3:hr>172</ns3:hr>
					</ns3:TrackPointExtension>
				</extensions>
			</trkpt>
			<trkpt lat="-31.43083693" lon="-68.65087163">
				<ele>823.0</ele>
				<time>2025-06-07T18:40:13Z</time>
				<extensions>
					<ns3:TrackPointExtension>
						<ns3:speed>2.173913</ns3:speed>
						<ns3:cad>80.0</ns3:cad>
						<ns3:hr>170</ns3:hr>
					</ns3:TrackPointExtension>
				</extensions>
			</trkpt>
			<trkpt lat="-31.43078293" lon="-68.6508353">
				<ele>823.0</ele>
				<time>2025-06-07T18:40:16Z</time>
				<extensions>
					<ns3:TrackPointExtension>
						<ns3:speed>2.1881838</ns3:speed>
						<ns3:cad>80.0</ns3:cad>
						<ns3:hr>170</ns3:hr>
					</ns3:TrackPointExtension>
				</extensions>
			</trkpt>
			<trkpt lat="-31.43073193" lon="-68.65081297">
				<ele>823.0</ele>
				<time>2025-06-07T18:40:19Z</time>
				<extensions>
					<ns3:TrackPointExtension>
						<ns3:speed>2.1978023</ns3:speed>
						<ns3:cad>80.0</ns3:cad>
						<ns3:hr>171</ns3:hr>
					</ns3:TrackPointExtension>
				</extensions>
			</trkpt>
			<trkpt lat="-31.4306846" lon="-68.65079831">
				<ele>823.0</ele>
				<time>2025-06-07T18:40:22Z</time>
				<extensions>
					<ns3:TrackPointExtension>
						<ns3:speed>2.173913</ns3:speed>
						<ns3:cad>79.0</ns3:cad>
						<ns3:hr>171</ns3:hr>
					</ns3:TrackPointExtension>
				</extensions>
			</trkpt>
			<trkpt lat="-31.43062727" lon="-68.65079531">
				<ele>824.0</ele>
				<time>2025-06-07T18:40:26Z</time>
				<extensions>
					<ns3:TrackPointExtension>
						<ns3:speed>2.1276596</ns3:speed>
						<ns3:cad>79.0</ns3:cad>
						<ns3:hr>169</ns3:hr>
					</ns3:TrackPointExtension>
				</extensions>
			</trkpt>
			<trkpt lat="-31.43057494" lon="-68.65078631">
				<ele>825.0</ele>
				<time>2025-06-07T18:40:30Z</time>
				<extensions>
					<ns3:TrackPointExtension>
						<ns3:speed>1.7605634</ns3:speed>
						<ns3:cad>79.0</ns3:cad>
						<ns3:hr>169</ns3:hr>
					</ns3:TrackPointExtension>
				</extensions>
			</trkpt>
			<trkpt lat="-31.43052628" lon="-68.65077331">
				<ele>825.0</ele>
				<time>2025-06-07T18:40:34Z</time>
				<extensions>
					<ns3:TrackPointExtension>
						<ns3:speed>1.5384616</ns3:speed>
						<ns3:cad>79.0</ns3:cad>
						<ns3:hr>172</ns3:hr>
					</ns3:TrackPointExtension>
				</extensions>
			</trkpt>
			<trkpt lat="-31.43047228" lon="-68.65076031">
				<ele>826.0</ele>
				<time>2025-06-07T18:40:39Z</time>
				<extensions>
					<ns3:TrackPointExtension>
						<ns3:speed>1.2987013</ns3:speed>
						<ns3:cad>79.0</ns3:cad>
						<ns3:hr>176</ns3:hr>
					</ns3:TrackPointExtension>
				</extensions>
			</trkpt>
			<trkpt lat="-31.43042262" lon="-68.65074798">
				<ele>826.0</ele>
				<time>2025-06-07T18:40:44Z</time>
				<extensions>
					<ns3:TrackPointExtension>
						<ns3:speed>1.1862396</ns3:speed>
						<ns3:cad>79.0</ns3:cad>
						<ns3:hr>175</ns3:hr>
					</ns3:TrackPointExtension>
				</extensions>
			</trkpt>
			<trkpt lat="-31.43037762" lon="-68.65073365">
				<ele>827.0</ele>
				<time>2025-06-07T18:40:49Z</time>
				<extensions>
					<ns3:TrackPointExtension>
						<ns3:speed>1.1655011</ns3:speed>
						<ns3:cad>79.0</ns3:cad>
						<ns3:hr>174</ns3:hr>
					</ns3:TrackPointExtension>
				</extensions>
			</trkpt>
			<trkpt lat="-31.43032929" lon="-68.65069632">
				<ele>828.0</ele>
				<time>2025-06-07T18:40:57Z</time>
				<extensions>
					<ns3:TrackPointExtension>
						<ns3:speed>1.0152284</ns3:speed>
						<ns3:cad>79.0</ns3:cad>
						<ns3:hr>174</ns3:hr>
					</ns3:TrackPointExtension>
				</extensions>
			</trkpt>
			<trkpt lat="-31.43026929" lon="-68.65068332">
				<ele>829.0</ele>
				<time>2025-06-07T18:41:03Z</time>
				<extensions>
					<ns3:TrackPointExtension>
						<ns3:speed>1.0030091</ns3:speed>
						<ns3:cad>51.0</ns3:cad>
						<ns3:hr>172</ns3:hr>
					</ns3:TrackPointExtension>
				</extensions>
			</trkpt>
			<trkpt lat="-31.43022396" lon="-68.65068498">
				<ele>830.0</ele>
				<time>2025-06-07T18:41:08Z</time>
				<extensions>
					<ns3:TrackPointExtension>
						<ns3:speed>1.0395011</ns3:speed>
						<ns3:cad>51.0</ns3:cad>
						<ns3:hr>172</ns3:hr>
					</ns3:TrackPointExtension>
				</extensions>
			</trkpt>
			<trkpt lat="-31.4301723" lon="-68.65068398">
				<ele>831.0</ele>
				<time>2025-06-07T18:41:15Z</time>
				<extensions>
					<ns3:TrackPointExtension>
						<ns3:speed>0.990099</ns3:speed>
						<ns3:cad>51.0</ns3:cad>
						<ns3:hr>173</ns3:hr>
					</ns3:TrackPointExtension>
				</extensions>
			</trkpt>
			<trkpt lat="-31.4301203" lon="-68.65067532">
				<ele>833.0</ele>
				<time>2025-06-07T18:41:22Z</time>
				<extensions>
					<ns3:TrackPointExtension>
						<ns3:speed>0.9569378</ns3:speed>
						<ns3:cad>51.0</ns3:cad>
						<ns3:hr>174</ns3:hr>
					</ns3:TrackPointExtension>
				</extensions>
			</trkpt>
			<trkpt lat="-31.43006397" lon="-68.65063332">
				<ele>834.0</ele>
				<time>2025-06-07T18:41:29Z</time>
				<extensions>
					<ns3:TrackPointExtension>
						<ns3:speed>0.94966763</ns3:speed>
						<ns3:cad>51.0</ns3:cad>
						<ns3:hr>177</ns3:hr>
					</ns3:TrackPointExtension>
				</extensions>
			</trkpt>
			<trkpt lat="-31.43001997" lon="-68.65060166">
				<ele>834.0</ele>
				<time>2025-06-07T18:41:34Z</time>
				<extensions>
					<ns3:TrackPointExtension>
						<ns3:speed>0.9823183</ns3:speed>
						<ns3:cad>51.0</ns3:cad>
						<ns3:hr>179</ns3:hr>
					</ns3:TrackPointExtension>
				</extensions>
			</trkpt>
			<trkpt lat="-31.42997764" lon="-68.65055366">
				<ele>834.0</ele>
				<time>2025-06-07T18:41:40Z</time>
				<extensions>
					<ns3:TrackPointExtension>
						<ns3:speed>1.0080645</ns3:speed>
						<ns3:cad>51.0</ns3:cad>
						<ns3:hr>177</ns3:hr>
					</ns3:TrackPointExtension>
				</extensions>
			</trkpt>
			<trkpt lat="-31.42993464" lon="-68.65051066">
				<ele>835.0</ele>
				<time>2025-06-07T18:41:45Z</time>
				<extensions>
					<ns3:TrackPointExtension>
						<ns3:speed>1.0277492</ns3:speed>
						<ns3:cad>51.0</ns3:cad>
						<ns3:hr>175</ns3:hr>
					</ns3:TrackPointExtension>
				</extensions>
			</trkpt>
			<trkpt lat="-31.42988864" lon="-68.65047166">
				<ele>835.0</ele>
				<time>2025-06-07T18:41:50Z</time>
				<extensions>
					<ns3:TrackPointExtension>
						<ns3:speed>1.0638298</ns3:speed>
						<ns3:cad>51.0</ns3:cad>
						<ns3:hr>177</ns3:hr>
					</ns3:TrackPointExtension>
				</extensions>
			</trkpt>
			<trkpt lat="-31.42984131" lon="-68.65043966">
				<ele>836.0</ele>
				<time>2025-06-07T18:41:55Z</time>
				<extensions>
					<ns3:TrackPointExtension>
						<ns3:speed>1.0905125</ns3:speed>
						<ns3:cad>51.0</ns3:cad>
						<ns3:hr>178</ns3:hr>
					</ns3:TrackPointExtension>
				</extensions>
			</trkpt>
			<trkpt lat="-31.42978265" lon="-68.65041366">
				<ele>837.0</ele>
				<time>2025-06-07T18:42:01Z</time>
				<extensions>
					<ns3:TrackPointExtension>
						<ns3:speed>1.0893246</ns3:speed>
						<ns3:cad>51.0</ns3:cad>
						<ns3:hr>176</ns3:hr>
					</ns3:TrackPointExtension>
				</extensions>
			</trkpt>
			<trkpt lat="-31.42973132" lon="-68.650389">
				<ele>838.0</ele>
				<time>2025-06-07T18:42:06Z</time>
				<extensions>
					<ns3:TrackPointExtension>
						<ns3:speed>1.1173184</ns3:speed>
						<ns3:cad>51.0</ns3:cad>
						<ns3:hr>175</ns3:hr>
					</ns3:TrackPointExtension>
				</extensions>
			</trkpt>
			<trkpt lat="-31.42968199" lon="-68.650375">
				<ele>839.0</ele>
				<time>2025-06-07T18:42:10Z</time>
				<extensions>
					<ns3:TrackPointExtension>
						<ns3:speed>1.1363636</ns3:speed>
						<ns3:cad>51.0</ns3:cad>
						<ns3:hr>174</ns3:hr>
					</ns3:TrackPointExtension>
				</extensions>
			</trkpt>
			<trkpt lat="-31.42962199" lon="-68.65036334">
				<ele>839.0</ele>
				<time>2025-06-07T18:42:16Z</time>
				<extensions>
					<ns3:TrackPointExtension>
						<ns3:speed>1.1534026</ns3:speed>
						<ns3:cad>51.0</ns3:cad>
						<ns3:hr>177</ns3:hr>
					</ns3:TrackPointExtension>
				</extensions>
			</trkpt>
			<trkpt lat="-31.42957599" lon="-68.65034668">
				<ele>840.0</ele>
				<time>2025-06-07T18:42:21Z</time>
				<extensions>
					<ns3:TrackPointExtension>
						<ns3:speed>1.1454754</ns3:speed>
						<ns3:cad>51.0</ns3:cad>
						<ns3:hr>176</ns3:hr>
					</ns3:TrackPointExtension>
				</extensions>
			</trkpt>
			<trkpt lat="-31.42953099" lon="-68.65031702">
				<ele>841.0</ele>
				<time>2025-06-07T18:42:27Z</time>
				<extensions>
					<ns3:TrackPointExtension>
						<ns3:speed>1.1210762</ns3:speed>
						<ns3:cad>51.0</ns3:cad>
						<ns3:hr>177</ns3:hr>
					</ns3:TrackPointExtension>
				</extensions>
			</trkpt>
			<trkpt lat="-31.42947633" lon="-68.65031436">
				<ele>842.0</ele>
				<time>2025-06-07T18:42:34Z</time>
				<extensions>
					<ns3:TrackPointExtension>
						<ns3:speed>1.081081</ns3:speed>
						<ns3:cad>51.0</ns3:cad>
						<ns3:hr>176</ns3:hr>
					</ns3:TrackPointExtension>
				</extensions>
			</trkpt>
			<trkpt lat="-31.42942433" lon="-68.65033969">
				<ele>843.0</ele>
				<time>2025-06-07T18:42:39Z</time>
				<extensions>
					<ns3:TrackPointExtension>
						<ns3:speed>1.0604454</ns3:speed>
						<ns3:cad>51.0</ns3:cad>
						<ns3:hr>177</ns3:hr>
					</ns3:TrackPointExtension>
				</extensions>
			</trkpt>
			<trkpt lat="-31.42937033" lon="-68.65036569">
				<ele>843.0</ele>
				<time>2025-06-07T18:42:44Z</time>
				<extensions>
					<ns3:TrackPointExtension>
						<ns3:speed>1.1013216</ns3:speed>
						<ns3:cad>51.0</ns3:cad>
						<ns3:hr>177</ns3:hr>
					</ns3:TrackPointExtension>
				</extensions>
			</trkpt>
			<trkpt lat="-31.42932233" lon="-68.65037135">
				<ele>843.0</ele>
				<time>2025-06-07T18:42:48Z</time>
				<extensions>
					<ns3:TrackPointExtension>
						<ns3:speed>1.1299435</ns3:speed>
						<ns3:cad>51.0</ns3:cad>
						<ns3:hr>177</ns3:hr>
					</ns3:TrackPointExtension>
				</extensions>
			</trkpt>
			<trkpt lat="-31.42926567" lon="-68.65039068">
				<ele>844.0</ele>
				<time>2025-06-07T18:42:54Z</time>
				<extensions>
					<ns3:TrackPointExtension>
						<ns3:speed>1.1428572</ns3:speed>
						<ns3:cad>51.0</ns3:cad>
						<ns3:hr>176</ns3:hr>
					</ns3:TrackPointExtension>
				</extensions>
			</trkpt>
			<trkpt lat="-31.42921634" lon="-68.65040234">
				<ele>844.0</ele>
				<time>2025-06-07T18:42:59Z</time>
				<extensions>
					<ns3:TrackPointExtension>
						<ns3:speed>1.1363636</ns3:speed>
						<ns3:cad>51.0</ns3:cad>
						<ns3:hr>176</ns3:hr>
					</ns3:TrackPointExtension>
				</extensions>
			</trkpt>
			<trkpt lat="-31.42916168" lon="-68.65042434">
				<ele>845.0</ele>
				<time>2025-06-07T18:43:05Z</time>
				<extensions>
					<ns3:TrackPointExtension>
						<ns3:speed>1.1299435</ns3:speed>
						<ns3:cad>51.0</ns3:cad>
						<ns3:hr>174</ns3:hr>
					</ns3:TrackPointExtension>
				</extensions>
			</trkpt>
			<trkpt lat="-31.42910402" lon="-68.65043634">
				<ele>846.0</ele>
				<time>2025-06-07T18:43:12Z</time>
				<extensions>
					<ns3:TrackPointExtension>
						<ns3:speed>1.0989012</ns3:speed>
						<ns3:cad>51.0</ns3:cad>
						<ns3:hr>174</ns3:hr>
					</ns3:TrackPointExtension>
				</extensions>
			</trkpt>
			<trkpt lat="-31.42904936" lon="-68.65044767">
				<ele>847.0</ele>
				<time>2025-06-07T18:43:18Z</time>
				<extensions>
					<ns3:TrackPointExtension>
						<ns3:speed>1.081081</ns3:speed>
						<ns3:cad>51.0</ns3:cad>
						<ns3:hr>172</ns3:hr>
					</ns3:TrackPointExtension>
				</extensions>
			</trkpt>
			<trkpt lat="-31.42900436" lon="-68.65046233">
				<ele>848.0</ele>
				<time>2025-06-07T18:43:24Z</time>
				<extensions>
					<ns3:TrackPointExtension>
						<ns3:speed>1.0559663</ns3:speed>
						<ns3:cad>51.0</ns3:cad>
						<ns3:hr>172</ns3:hr>
					</ns3:TrackPointExtension>
				</extensions>
			</trkpt>
			<trkpt lat="-31.4289497" lon="-68.65047999">
				<ele>849.0</ele>
				<time>2025-06-07T18:43:31Z</time>
				<extensions>
					<ns3:TrackPointExtension>
						<ns3:speed>1.0152284</ns3:speed>
						<ns3:cad>51.0</ns3:cad>
						<ns3:hr>169</ns3:hr>
					</ns3:TrackPointExtension>
				</extensions>
			</trkpt>
			<trkpt lat="-31.42890004" lon="-68.65048365">
				<ele>849.0</ele>
				<time>2025-06-07T18:43:38Z</time>
				<extensions>
					<ns3:TrackPointExtension>
						<ns3:speed>0.9881423</ns3:speed>
						<ns3:cad>51.0</ns3:cad>
						<ns3:hr>171</ns3:hr>
					</ns3:TrackPointExtension>
				</extensions>
			</trkpt>
			<trkpt lat="-31.42884371" lon="-68.65049798">
				<ele>851.0</ele>
				<time>2025-06-07T18:43:47Z</time>
				<extensions>
					<ns3:TrackPointExtension>
						<ns3:speed>0.9285051</ns3:speed>
						<ns3:cad>51.0</ns3:cad>
						<ns3:hr>172</ns3:hr>
					</ns3:TrackPointExtension>
				</extensions>
			</trkpt>
			<trkpt lat="-31.42879305" lon="-68.65049098">
				<ele>852.0</ele>
				<time>2025-06-07T18:43:55Z</time>
				<extensions>
					<ns3:TrackPointExtension>
						<ns3:speed>0.88495576</ns3:speed>
						<ns3:cad>73.0</ns3:cad>
						<ns3:hr>174</ns3:hr>
					</ns3:TrackPointExtension>
				</extensions>
			</trkpt>
			<trkpt lat="-31.42873739" lon="-68.65048032">
				<ele>853.0</ele>
				<time>2025-06-07T18:44:02Z</time>
				<extensions>
					<ns3:TrackPointExtension>
						<ns3:speed>0.86580086</ns3:speed>
						<ns3:cad>73.0</ns3:cad>
						<ns3:hr>175</ns3:hr>
					</ns3:TrackPointExtension>
				</extensions>
			</trkpt>
			<trkpt lat="-31.42867873" lon="-68.65048032">
				<ele>855.0</ele>
				<time>2025-06-07T18:44:09Z</time>
				<extensions>
					<ns3:TrackPointExtension>
						<ns3:speed>0.8733624</ns3:speed>
						<ns3:cad>47.0</ns3:cad>
						<ns3:hr>178</ns3:hr>
					</ns3:TrackPointExtension>
				</extensions>
			</trkpt>
			<trkpt lat="-31.42863007" lon="-68.65049632">
				<ele>856.0</ele>
				<time>2025-06-07T18:44:15Z</time>
				<extensions>
					<ns3:TrackPointExtension>
						<ns3:speed>0.88731146</ns3:speed>
						<ns3:cad>47.0</ns3:cad>
						<ns3:hr>178</ns3:hr>
					</ns3:TrackPointExtension>
				</extensions>
			</trkpt>
			<trkpt lat="-31.42858307" lon="-68.65052198">
				<ele>857.0</ele>
				<time>2025-06-07T18:44:21Z</time>
				<extensions>
					<ns3:TrackPointExtension>
						<ns3:speed>0.89686096</ns3:speed>
						<ns3:cad>47.0</ns3:cad>
						<ns3:hr>177</ns3:hr>
					</ns3:TrackPointExtension>
				</extensions>
			</trkpt>
			<trkpt lat="-31.42852741" lon="-68.65053631">
				<ele>858.0</ele>
				<time>2025-06-07T18:44:27Z</time>
				<extensions>
					<ns3:TrackPointExtension>
						<ns3:speed>0.90909094</ns3:speed>
						<ns3:cad>47.0</ns3:cad>
						<ns3:hr>177</ns3:hr>
					</ns3:TrackPointExtension>
				</extensions>
			</trkpt>
			<trkpt lat="-31.42845608" lon="-68.65052798">
				<ele>858.0</ele>
				<time>2025-06-07T18:44:31Z</time>
				<extensions>
					<ns3:TrackPointExtension>
						<ns3:speed>1.24533</ns3:speed>
						<ns3:cad>47.0</ns3:cad>
						<ns3:hr>176</ns3:hr>
					</ns3:TrackPointExtension>
				</extensions>
			</trkpt>
			<trkpt lat="-31.42838475" lon="-68.65051165">
				<ele>858.0</ele>
				<time>2025-06-07T18:44:34Z</time>
				<extensions>
					<ns3:TrackPointExtension>
						<ns3:speed>1.9230769</ns3:speed>
						<ns3:cad>78.0</ns3:cad>
						<ns3:hr>176</ns3:hr>
					</ns3:TrackPointExtension>
				</extensions>
			</trkpt>
			<trkpt lat="-31.42833709" lon="-68.65049199">
				<ele>858.0</ele>
				<time>2025-06-07T18:44:36Z</time>
				<extensions>
					<ns3:TrackPointExtension>
						<ns3:speed>2.3364487</ns3:speed>
						<ns3:cad>78.0</ns3:cad>
						<ns3:hr>176</ns3:hr>
					</ns3:TrackPointExtension>
				</extensions>
			</trkpt>
			<trkpt lat="-31.42828909" lon="-68.65045799">
				<ele>858.0</ele>
				<time>2025-06-07T18:44:38Z</time>
				<extensions>
					<ns3:TrackPointExtension>
						<ns3:speed>2.5974026</ns3:speed>
						<ns3:cad>78.0</ns3:cad>
						<ns3:hr>175</ns3:hr>
					</ns3:TrackPointExtension>
				</extensions>
			</trkpt>
			<trkpt lat="-31.42824709" lon="-68.65041899">
				<ele>858.0</ele>
				<time>2025-06-07T18:44:40Z</time>
				<extensions>
					<ns3:TrackPointExtension>
						<ns3:speed>2.8169014</ns3:speed>
						<ns3:cad>78.0</ns3:cad>
						<ns3:hr>172</ns3:hr>
					</ns3:TrackPointExtension>
				</extensions>
			</trkpt>
			<trkpt lat="-31.42821743" lon="-68.65037999">
				<ele>858.0</ele>
				<time>2025-06-07T18:44:42Z</time>
				<extensions>
					<ns3:TrackPointExtension>
						<ns3:speed>2.915452</ns3:speed>
						<ns3:cad>78.0</ns3:cad>
						<ns3:hr>170</ns3:hr>
					</ns3:TrackPointExtension>
				</extensions>
			</trkpt>
			<trkpt lat="-31.42818143" lon="-68.65033499">
				<ele>858.0</ele>
				<time>2025-06-07T18:44:45Z</time>
				<extensions>
					<ns3:TrackPointExtension>
						<ns3:speed>2.631579</ns3:speed>
						<ns3:cad>78.0</ns3:cad>
						<ns3:hr>168</ns3:hr>
					</ns3:TrackPointExtension>
				</extensions>
			</trkpt>
			<trkpt lat="-31.42814143" lon="-68.65028866">
				<ele>858.0</ele>
				<time>2025-06-07T18:44:49Z</time>
				<extensions>
					<ns3:TrackPointExtension>
						<ns3:speed>1.980198</ns3:speed>
						<ns3:cad>78.0</ns3:cad>
						<ns3:hr>167</ns3:hr>
					</ns3:TrackPointExtension>
				</extensions>
			</trkpt>
			<trkpt lat="-31.42810243" lon="-68.650229">
				<ele>858.0</ele>
				<time>2025-06-07T18:44:54Z</time>
				<extensions>
					<ns3:TrackPointExtension>
						<ns3:speed>1.4492754</ns3:speed>
						<ns3:cad>78.0</ns3:cad>
						<ns3:hr>171</ns3:hr>
					</ns3:TrackPointExtension>
				</extensions>
			</trkpt>
			<trkpt lat="-31.42807577" lon="-68.650174">
				<ele>858.0</ele>
				<time>2025-06-07T18:44:58Z</time>
				<extensions>
					<ns3:TrackPointExtension>
						<ns3:speed>1.5037594</ns3:speed>
						<ns3:cad>78.0</ns3:cad>
						<ns3:hr>172</ns3:hr>
					</ns3:TrackPointExtension>
				</extensions>
			</trkpt>
			<trkpt lat="-31.42804711" lon="-68.65011867">
				<ele>859.0</ele>
				<time>2025-06-07T18:45:03Z</time>
				<extensions>
					<ns3:TrackPointExtension>
						<ns3:speed>1.4641289</ns3:speed>
						<ns3:cad>78.0</ns3:cad>
						<ns3:hr>170</ns3:hr>
					</ns3:TrackPointExtension>
				</extensions>
			</trkpt>
			<trkpt lat="-31.42802011" lon="-68.65007567">
				<ele>861.0</ele>
				<time>2025-06-07T18:45:09Z</time>
				<extensions>
					<ns3:TrackPointExtension>
						<ns3:speed>1.2787724</ns3:speed>
						<ns3:cad>78.0</ns3:cad>
						<ns3:hr>166</ns3:hr>
					</ns3:TrackPointExtension>
				</extensions>
			</trkpt>
			<trkpt lat="-31.42800445" lon="-68.65001734">
				<ele>862.0</ele>
				<time>2025-06-07T18:45:16Z</time>
				<extensions>
					<ns3:TrackPointExtension>
						<ns3:speed>1.1587485</ns3:speed>
						<ns3:cad>78.0</ns3:cad>
						<ns3:hr>165</ns3:hr>
					</ns3:TrackPointExtension>
				</extensions>
			</trkpt>
			<trkpt lat="-31.42799245" lon="-68.64995934">
				<ele>864.0</ele>
				<time>2025-06-07T18:45:26Z</time>
				<extensions>
					<ns3:TrackPointExtension>
						<ns3:speed>0.95510983</ns3:speed>
						<ns3:cad>78.0</ns3:cad>
						<ns3:hr>173</ns3:hr>
					</ns3:TrackPointExtension>
				</extensions>
			</trkpt>
			<trkpt lat="-31.42797879" lon="-68.64989434">
				<ele>866.0</ele>
				<time>2025-06-07T18:45:37Z</time>
				<extensions>
					<ns3:TrackPointExtension>
						<ns3:speed>0.82304525</ns3:speed>
						<ns3:cad>78.0</ns3:cad>
						<ns3:hr>174</ns3:hr>
					</ns3:TrackPointExtension>
				</extensions>
			</trkpt>
			<trkpt lat="-31.42795213" lon="-68.64984134">
				<ele>868.0</ele>
				<time>2025-06-07T18:45:47Z</time>
				<extensions>
					<ns3:TrackPointExtension>
						<ns3:speed>0.7633588</ns3:speed>
						<ns3:cad>69.0</ns3:cad>
						<ns3:hr>176</ns3:hr>
					</ns3:TrackPointExtension>
				</extensions>
			</trkpt>
			<trkpt lat="-31.4279268" lon="-68.64978168">
				<ele>871.0</ele>
				<time>2025-06-07T18:45:56Z</time>
				<extensions>
					<ns3:TrackPointExtension>
						<ns3:speed>0.73964494</ns3:speed>
						<ns3:cad>69.0</ns3:cad>
						<ns3:hr>178</ns3:hr>
					</ns3:TrackPointExtension>
				</extensions>
			</trkpt>
			<trkpt lat="-31.42790547" lon="-68.64972235">
				<ele>872.0</ele>
				<time>2025-06-07T18:46:05Z</time>
				<extensions>
					<ns3:TrackPointExtension>
						<ns3:speed>0.7246377</ns3:speed>
						<ns3:cad>69.0</ns3:cad>
						<ns3:hr>181</ns3:hr>
					</ns3:TrackPointExtension>
				</extensions>
			</trkpt>
			<trkpt lat="-31.42788681" lon="-68.64967035">
				<ele>873.0</ele>
				<time>2025-06-07T18:46:15Z</time>
				<extensions>
					<ns3:TrackPointExtension>
						<ns3:speed>0.0</ns3:speed>
						<ns3:cad>69.0</ns3:cad>
						<ns3:hr>180</ns3:hr>
					</ns3:TrackPointExtension>
				</extensions>
			</trkpt>
			<trkpt lat="-31.42789047" lon="-68.64959435">
				<ele>873.0</ele>
				<time>2025-06-07T18:46:21Z</time>
				<extensions>
					<ns3:TrackPointExtension>
						<ns3:speed>0.9633911</ns3:speed>
						<ns3:cad>69.0</ns3:cad>
						<ns3:hr>181</ns3:hr>
					</ns3:TrackPointExtension>
				</extensions>
			</trkpt>
			<trkpt lat="-31.42789113" lon="-68.64953602">
				<ele>873.0</ele>
				<time>2025-06-07T18:46:26Z</time>
				<extensions>
					<ns3:TrackPointExtension>
						<ns3:speed>1.0989012</ns3:speed>
						<ns3:cad>69.0</ns3:cad>
						<ns3:hr>180</ns3:hr>
					</ns3:TrackPointExtension>
				</extensions>
			</trkpt>
			<trkpt lat="-31.42789013" lon="-68.64947402">
				<ele>874.0</ele>
				<time>2025-06-07T18:46:33Z</time>
				<extensions>
					<ns3:TrackPointExtension>
						<ns3:speed>0.9433962</ns3:speed>
						<ns3:cad>69.0</ns3:cad>
						<ns3:hr>181</ns3:hr>
					</ns3:TrackPointExtension>
				</extensions>
			</trkpt>
			<trkpt lat="-31.42787647" lon="-68.64941869">
				<ele>875.0</ele>
				<time>2025-06-07T18:46:41Z</time>
				<extensions>
					<ns3:TrackPointExtension>
						<ns3:speed>0.8116883</ns3:speed>
						<ns3:cad>50.0</ns3:cad>
						<ns3:hr>178</ns3:hr>
					</ns3:TrackPointExtension>
				</extensions>
			</trkpt>
			<trkpt lat="-31.42781781" lon="-68.64939036">
				<ele>875.0</ele>
				<time>2025-06-07T18:46:45Z</time>
				<extensions>
					<ns3:TrackPointExtension>
						<ns3:speed>1.0952903</ns3:speed>
						<ns3:cad>50.0</ns3:cad>
						<ns3:hr>175</ns3:hr>
					</ns3:TrackPointExtension>
				</extensions>
			</trkpt>
			<trkpt lat="-31.42775948" lon="-68.64937236">
				<ele>875.0</ele>
				<time>2025-06-07T18:46:48Z</time>
				<extensions>
					<ns3:TrackPointExtension>
						<ns3:speed>1.7094017</ns3:speed>
						<ns3:cad>50.0</ns3:cad>
						<ns3:hr>174</ns3:hr>
					</ns3:TrackPointExtension>
				</extensions>
			</trkpt>
			<trkpt lat="-31.42770782" lon="-68.64935203">
				<ele>876.0</ele>
				<time>2025-06-07T18:46:51Z</time>
				<extensions>
					<ns3:TrackPointExtension>
						<ns3:speed>2.0283976</ns3:speed>
						<ns3:cad>50.0</ns3:cad>
						<ns3:hr>172</ns3:hr>
					</ns3:TrackPointExtension>
				</extensions>
			</trkpt>
			<trkpt lat="-31.42765682" lon="-68.6493257">
				<ele>876.0</ele>
				<time>2025-06-07T18:46:54Z</time>
				<extensions>
					<ns3:TrackPointExtension>
						<ns3:speed>2.0408163</ns3:speed>
						<ns3:cad>50.0</ns3:cad>
						<ns3:hr>171</ns3:hr>
					</ns3:TrackPointExtension>
				</extensions>
			</trkpt>
			<trkpt lat="-31.42760482" lon="-68.6492997">
				<ele>876.0</ele>
				<time>2025-06-07T18:46:57Z</time>
				<extensions>
					<ns3:TrackPointExtension>
						<ns3:speed>2.0408163</ns3:speed>
						<ns3:cad>79.0</ns3:cad>
						<ns3:hr>171</ns3:hr>
					</ns3:TrackPointExtension>
				</extensions>
			</trkpt>
			<trkpt lat="-31.42755116" lon="-68.6492867">
				<ele>876.0</ele>
				<time>2025-06-07T18:47:00Z</time>
				<extensions>
					<ns3:TrackPointExtension>
						<ns3:speed>2.0618556</ns3:speed>
						<ns3:cad>79.0</ns3:cad>
						<ns3:hr>171</ns3:hr>
					</ns3:TrackPointExtension>
				</extensions>
			</trkpt>
			<trkpt lat="-31.42749816" lon="-68.64927804">
				<ele>877.0</ele>
				<time>2025-06-07T18:47:03Z</time>
				<extensions>
					<ns3:TrackPointExtension>
						<ns3:speed>2.020202</ns3:speed>
						<ns3:cad>79.0</ns3:cad>
						<ns3:hr>170</ns3:hr>
					</ns3:TrackPointExtension>
				</extensions>
			</trkpt>
			<trkpt lat="-31.4274455" lon="-68.64927138">
				<ele>877.0</ele>
				<time>2025-06-07T18:47:06Z</time>
				<extensions>
					<ns3:TrackPointExtension>
						<ns3:speed>1.980198</ns3:speed>
						<ns3:cad>79.0</ns3:cad>
						<ns3:hr>170</ns3:hr>
					</ns3:TrackPointExtension>
				</extensions>
			</trkpt>
			<trkpt lat="-31.42739384" lon="-68.64925772">
				<ele>878.0</ele>
				<time>2025-06-07T18:47:09Z</time>
				<extensions>
					<ns3:TrackPointExtension>
						<ns3:speed>1.9607843</ns3:speed>
						<ns3:cad>79.0</ns3:cad>
						<ns3:hr>170</ns3:hr>
					</ns3:TrackPointExtension>
				</extensions>
			</trkpt>
			<trkpt lat="-31.42734151" lon="-68.64923539">
				<ele>879.0</ele>
				<time>2025-06-07T18:47:13Z</time>
				<extensions>
					<ns3:TrackPointExtension>
						<ns3:speed>1.8518518</ns3:speed>
						<ns3:cad>79.0</ns3:cad>
						<ns3:hr>169</ns3:hr>
					</ns3:TrackPointExtension>
				</extensions>
			</trkpt>
			<trkpt lat="-31.42729451" lon="-68.64920739">
				<ele>880.0</ele>
				<time>2025-06-07T18:47:17Z</time>
				<extensions>
					<ns3:TrackPointExtension>
						<ns3:speed>1.545595</ns3:speed>
						<ns3:cad>78.0</ns3:cad>
						<ns3:hr>172</ns3:hr>
					</ns3:TrackPointExtension>
				</extensions>
			</trkpt>
			<trkpt lat="-31.42723751" lon="-68.64918339">
				<ele>880.0</ele>
				<time>2025-06-07T18:47:21Z</time>
				<extensions>
					<ns3:TrackPointExtension>
						<ns3:speed>1.5384616</ns3:speed>
						<ns3:cad>78.0</ns3:cad>
						<ns3:hr>172</ns3:hr>
					</ns3:TrackPointExtension>
				</extensions>
			</trkpt>
			<trkpt lat="-31.42717718" lon="-68.64916139">
				<ele>881.0</ele>
				<time>2025-06-07T18:47:25Z</time>
				<extensions>
					<ns3:TrackPointExtension>
						<ns3:speed>1.5923567</ns3:speed>
						<ns3:cad>78.0</ns3:cad>
						<ns3:hr>171</ns3:hr>
					</ns3:TrackPointExtension>
				</extensions>
			</trkpt>
			<trkpt lat="-31.42711552" lon="-68.64912906">
				<ele>882.0</ele>
				<time>2025-06-07T18:47:29Z</time>
				<extensions>
					<ns3:TrackPointExtension>
						<ns3:speed>1.6528926</ns3:speed>
						<ns3:cad>78.0</ns3:cad>
						<ns3:hr>172</ns3:hr>
					</ns3:TrackPointExtension>
				</extensions>
			</trkpt>
			<trkpt lat="-31.42706019" lon="-68.64910706">
				<ele>882.0</ele>
				<time>2025-06-07T18:47:33Z</time>
				<extensions>
					<ns3:TrackPointExtension>
						<ns3:speed>1.6863407</ns3:speed>
						<ns3:cad>78.0</ns3:cad>
						<ns3:hr>173</ns3:hr>
					</ns3:TrackPointExtension>
				</extensions>
			</trkpt>
			<trkpt lat="-31.42700819" lon="-68.64907806">
				<ele>883.0</ele>
				<time>2025-06-07T18:47:37Z</time>
				<extensions>
					<ns3:TrackPointExtension>
						<ns3:speed>1.6806723</ns3:speed>
						<ns3:cad>78.0</ns3:cad>
						<ns3:hr>176</ns3:hr>
					</ns3:TrackPointExtension>
				</extensions>
			</trkpt>
			<trkpt lat="-31.42695419" lon="-68.64904606">
				<ele>883.0</ele>
				<time>2025-06-07T18:47:41Z</time>
				<extensions>
					<ns3:TrackPointExtension>
						<ns3:speed>1.6666666</ns3:speed>
						<ns3:cad>78.0</ns3:cad>
						<ns3:hr>178</ns3:hr>
					</ns3:TrackPointExtension>
				</extensions>
			</trkpt>
			<trkpt lat="-31.42689953" lon="-68.64901073">
				<ele>884.0</ele>
				<time>2025-06-07T18:47:45Z</time>
				<extensions>
					<ns3:TrackPointExtension>
						<ns3:speed>1.6750419</ns3:speed>
						<ns3:cad>78.0</ns3:cad>
						<ns3:hr>179</ns3:hr>
					</ns3:TrackPointExtension>
				</extensions>
			</trkpt>
			<trkpt lat="-31.42685487" lon="-68.6489814">
				<ele>884.0</ele>
				<time>2025-06-07T18:47:48Z</time>
				<extensions>
					<ns3:TrackPointExtension>
						<ns3:speed>1.6891892</ns3:speed>
						<ns3:cad>78.0</ns3:cad>
						<ns3:hr>179</ns3:hr>
					</ns3:TrackPointExtension>
				</extensions>
			</trkpt>
			<trkpt lat="-31.42679587" lon="-68.64894474">
				<ele>884.0</ele>
				<time>2025-06-07T18:47:52Z</time>
				<extensions>
					<ns3:TrackPointExtension>
						<ns3:speed>1.7152659</ns3:speed>
						<ns3:cad>78.0</ns3:cad>
						<ns3:hr>178</ns3:hr>
					</ns3:TrackPointExtension>
				</extensions>
			</trkpt>
			<trkpt lat="-31.42675087" lon="-68.64890741">
				<ele>885.0</ele>
				<time>2025-06-07T18:47:56Z</time>
				<extensions>
					<ns3:TrackPointExtension>
						<ns3:speed>1.7241379</ns3:speed>
						<ns3:cad>78.0</ns3:cad>
						<ns3:hr>178</ns3:hr>
					</ns3:TrackPointExtension>
				</extensions>
			</trkpt>
			<trkpt lat="-31.42670454" lon="-68.64887908">
				<ele>886.0</ele>
				<time>2025-06-07T18:48:02Z</time>
				<extensions>
					<ns3:TrackPointExtension>
						<ns3:speed>1.1428572</ns3:speed>
						<ns3:cad>78.0</ns3:cad>
						<ns3:hr>179</ns3:hr>
					</ns3:TrackPointExtension>
				</extensions>
			</trkpt>
			<trkpt lat="-31.42664654" lon="-68.64887974">
				<ele>886.0</ele>
				<time>2025-06-07T18:48:08Z</time>
				<extensions>
					<ns3:TrackPointExtension>
						<ns3:speed>1.0638298</ns3:speed>
						<ns3:cad>78.0</ns3:cad>
						<ns3:hr>178</ns3:hr>
					</ns3:TrackPointExtension>
				</extensions>
			</trkpt>
			<trkpt lat="-31.42659221" lon="-68.6488924">
				<ele>887.0</ele>
				<time>2025-06-07T18:48:13Z</time>
				<extensions>
					<ns3:TrackPointExtension>
						<ns3:speed>1.1494253</ns3:speed>
						<ns3:cad>52.0</ns3:cad>
						<ns3:hr>177</ns3:hr>
					</ns3:TrackPointExtension>
				</extensions>
			</trkpt>
			<trkpt lat="-31.42653288" lon="-68.64890906">
				<ele>888.0</ele>
				<time>2025-06-07T18:48:19Z</time>
				<extensions>
					<ns3:TrackPointExtension>
						<ns3:speed>1.1494253</ns3:speed>
						<ns3:cad>52.0</ns3:cad>
						<ns3:hr>176</ns3:hr>
					</ns3:TrackPointExtension>
				</extensions>
			</trkpt>
			<trkpt lat="-31.42648355" lon="-68.64892106">
				<ele>889.0</ele>
				<time>2025-06-07T18:48:24Z</time>
				<extensions>
					<ns3:TrackPointExtension>
						<ns3:speed>1.1627907</ns3:speed>
						<ns3:cad>52.0</ns3:cad>
						<ns3:hr>175</ns3:hr>
					</ns3:TrackPointExtension>
				</extensions>
			</trkpt>
			<trkpt lat="-31.42642422" lon="-68.64894006">
				<ele>890.0</ele>
				<time>2025-06-07T18:48:28Z</time>
				<extensions>
					<ns3:TrackPointExtension>
						<ns3:speed>1.1520737</ns3:speed>
						<ns3:cad>52.0</ns3:cad>
						<ns3:hr>178</ns3:hr>
					</ns3:TrackPointExtension>
				</extensions>
			</trkpt>
			<trkpt lat="-31.42635222" lon="-68.6489354">
				<ele>890.0</ele>
				<time>2025-06-07T18:48:31Z</time>
				<extensions>
					<ns3:TrackPointExtension>
						<ns3:speed>1.7857143</ns3:speed>
						<ns3:cad>52.0</ns3:cad>
						<ns3:hr>178</ns3:hr>
					</ns3:TrackPointExtension>
				</extensions>
			</trkpt>
			<trkpt lat="-31.42630089" lon="-68.6489184">
				<ele>890.0</ele>
				<time>2025-06-07T18:48:33Z</time>
				<extensions>
					<ns3:TrackPointExtension>
						<ns3:speed>2.247191</ns3:speed>
						<ns3:cad>52.0</ns3:cad>
						<ns3:hr>176</ns3:hr>
					</ns3:TrackPointExtension>
				</extensions>
			</trkpt>
			<trkpt lat="-31.42625523" lon="-68.64889407">
				<ele>890.0</ele>
				<time>2025-06-07T18:48:35Z</time>
				<extensions>
					<ns3:TrackPointExtension>
						<ns3:speed>2.610966</ns3:speed>
						<ns3:cad>80.0</ns3:cad>
						<ns3:hr>176</ns3:hr>
					</ns3:TrackPointExtension>
				</extensions>
			</trkpt>
			<trkpt lat="-31.42619023" lon="-68.64886174">
				<ele>890.0</ele>
				<time>2025-06-07T18:48:38Z</time>
				<extensions>
					<ns3:TrackPointExtension>
						<ns3:speed>2.762431</ns3:speed>
						<ns3:cad>80.0</ns3:cad>
						<ns3:hr>175</ns3:hr>
					</ns3:TrackPointExtension>
				</extensions>
			</trkpt>
			<trkpt lat="-31.42613057" lon="-68.64884474">
				<ele>890.0</ele>
				<time>2025-06-07T18:48:41Z</time>
				<extensions>
					<ns3:TrackPointExtension>
						<ns3:speed>2.6666667</ns3:speed>
						<ns3:cad>80.0</ns3:cad>
						<ns3:hr>174</ns3:hr>
					</ns3:TrackPointExtension>
				</extensions>
			</trkpt>
			<trkpt lat="-31.42608024" lon="-68.64886107">
				<ele>890.0</ele>
				<time>2025-06-07T18:48:44Z</time>
				<extensions>
					<ns3:TrackPointExtension>
						<ns3:speed>2.5125628</ns3:speed>
						<ns3:cad>80.0</ns3:cad>
						<ns3:hr>178</ns3:hr>
					</ns3:TrackPointExtension>
				</extensions>
			</trkpt>
			<trkpt lat="-31.42603791" lon="-68.64889307">
				<ele>891.0</ele>
				<time>2025-06-07T18:48:47Z</time>
				<extensions>
					<ns3:TrackPointExtension>
						<ns3:speed>2.3696682</ns3:speed>
						<ns3:cad>80.0</ns3:cad>
						<ns3:hr>177</ns3:hr>
					</ns3:TrackPointExtension>
				</extensions>
			</trkpt>
			<trkpt lat="-31.42597991" lon="-68.64893773">
				<ele>892.0</ele>
				<time>2025-06-07T18:48:51Z</time>
				<extensions>
					<ns3:TrackPointExtension>
						<ns3:speed>2.2222223</ns3:speed>
						<ns3:cad>80.0</ns3:cad>
						<ns3:hr>177</ns3:hr>
					</ns3:TrackPointExtension>
				</extensions>
			</trkpt>
			<trkpt lat="-31.42591291" lon="-68.64896139">
				<ele>892.0</ele>
				<time>2025-06-07T18:48:54Z</time>
				<extensions>
					<ns3:TrackPointExtension>
						<ns3:speed>2.1978023</ns3:speed>
						<ns3:cad>80.0</ns3:cad>
						<ns3:hr>180</ns3:hr>
					</ns3:TrackPointExtension>
				</extensions>
			</trkpt>
			<trkpt lat="-31.42585958" lon="-68.64897672">
				<ele>892.0</ele>
				<time>2025-06-07T18:48:57Z</time>
				<extensions>
					<ns3:TrackPointExtension>
						<ns3:speed>2.2222223</ns3:speed>
						<ns3:cad>80.0</ns3:cad>
						<ns3:hr>181</ns3:hr>
					</ns3:TrackPointExtension>
				</extensions>
			</trkpt>
			<trkpt lat="-31.42580458" lon="-68.64898172">
				<ele>892.0</ele>
				<time>2025-06-07T18:49:00Z</time>
				<extensions>
					<ns3:TrackPointExtension>
						<ns3:speed>2.1978023</ns3:speed>
						<ns3:cad>80.0</ns3:cad>
						<ns3:hr>180</ns3:hr>
					</ns3:TrackPointExtension>
				</extensions>
			</trkpt>
			<trkpt lat="-31.42574592" lon="-68.64896772">
				<ele>892.0</ele>
				<time>2025-06-07T18:49:03Z</time>
				<extensions>
					<ns3:TrackPointExtension>
						<ns3:speed>2.183406</ns3:speed>
						<ns3:cad>79.0</ns3:cad>
						<ns3:hr>180</ns3:hr>
					</ns3:TrackPointExtension>
				</extensions>
			</trkpt>
			<trkpt lat="-31.42569492" lon="-68.64894006">
				<ele>892.0</ele>
				<time>2025-06-07T18:49:06Z</time>
				<extensions>
					<ns3:TrackPointExtension>
						<ns3:speed>2.183406</ns3:speed>
						<ns3:cad>79.0</ns3:cad>
						<ns3:hr>180</ns3:hr>
					</ns3:TrackPointExtension>
				</extensions>
			</trkpt>
			<trkpt lat="-31.42565892" lon="-68.64891106">
				<ele>892.0</ele>
				<time>2025-06-07T18:49:09Z</time>
				<extensions>
					<ns3:TrackPointExtension>
						<ns3:speed>2.0618556</ns3:speed>
						<ns3:cad>79.0</ns3:cad>
						<ns3:hr>181</ns3:hr>
					</ns3:TrackPointExtension>
				</extensions>
			</trkpt>
			<trkpt lat="-31.42558759" lon="-68.64890206">
				<ele>893.0</ele>
				<time>2025-06-07T18:49:14Z</time>
				<extensions>
					<ns3:TrackPointExtension>
						<ns3:speed>1.6393442</ns3:speed>
						<ns3:cad>79.0</ns3:cad>
						<ns3:hr>182</ns3:hr>
					</ns3:TrackPointExtension>
				</extensions>
			</trkpt>
			<trkpt lat="-31.42553159" lon="-68.64891572">
				<ele>893.0</ele>
				<time>2025-06-07T18:49:17Z</time>
				<extensions>
					<ns3:TrackPointExtension>
						<ns3:speed>1.7035775</ns3:speed>
						<ns3:cad>79.0</ns3:cad>
						<ns3:hr>180</ns3:hr>
					</ns3:TrackPointExtension>
				</extensions>
			</trkpt>
			<trkpt lat="-31.42548859" lon="-68.64893772">
				<ele>893.0</ele>
				<time>2025-06-07T18:49:20Z</time>
				<extensions>
					<ns3:TrackPointExtension>
						<ns3:speed>1.8018018</ns3:speed>
						<ns3:cad>79.0</ns3:cad>
						<ns3:hr>179</ns3:hr>
					</ns3:TrackPointExtension>
				</extensions>
			</trkpt>
			<trkpt lat="-31.42543793" lon="-68.64896772">
				<ele>894.0</ele>
				<time>2025-06-07T18:49:24Z</time>
				<extensions>
					<ns3:TrackPointExtension>
						<ns3:speed>1.7391304</ns3:speed>
						<ns3:cad>79.0</ns3:cad>
						<ns3:hr>180</ns3:hr>
					</ns3:TrackPointExtension>
				</extensions>
			</trkpt>
			<trkpt lat="-31.42539193" lon="-68.64900638">
				<ele>895.0</ele>
				<time>2025-06-07T18:49:29Z</time>
				<extensions>
					<ns3:TrackPointExtension>
						<ns3:speed>1.438849</ns3:speed>
						<ns3:cad>79.0</ns3:cad>
						<ns3:hr>179</ns3:hr>
					</ns3:TrackPointExtension>
				</extensions>
			</trkpt>
			<trkpt lat="-31.4253486" lon="-68.64903104">
				<ele>896.0</ele>
				<time>2025-06-07T18:49:34Z</time>
				<extensions>
					<ns3:TrackPointExtension>
						<ns3:speed>1.183432</ns3:speed>
						<ns3:cad>79.0</ns3:cad>
						<ns3:hr>179</ns3:hr>
					</ns3:TrackPointExtension>
				</extensions>
			</trkpt>
			<trkpt lat="-31.4253006" lon="-68.6490527">
				<ele>897.0</ele>
				<time>2025-06-07T18:49:40Z</time>
				<extensions>
					<ns3:TrackPointExtension>
						<ns3:speed>1.0869565</ns3:speed>
						<ns3:cad>79.0</ns3:cad>
						<ns3:hr>179</ns3:hr>
					</ns3:TrackPointExtension>
				</extensions>
			</trkpt>
			<trkpt lat="-31.4252506" lon="-68.6490847">
				<ele>899.0</ele>
				<time>2025-06-07T18:49:48Z</time>
				<extensions>
					<ns3:TrackPointExtension>
						<ns3:speed>0.9633911</ns3:speed>
						<ns3:cad>79.0</ns3:cad>
						<ns3:hr>178</ns3:hr>
					</ns3:TrackPointExtension>
				</extensions>
			</trkpt>
			<trkpt lat="-31.4251886" lon="-68.64908536">
				<ele>900.0</ele>
				<time>2025-06-07T18:49:53Z</time>
				<extensions>
					<ns3:TrackPointExtension>
						<ns3:speed>1.0204082</ns3:speed>
						<ns3:cad>79.0</ns3:cad>
						<ns3:hr>177</ns3:hr>
					</ns3:TrackPointExtension>
				</extensions>
			</trkpt>
			<trkpt lat="-31.4251376" lon="-68.64906236">
				<ele>900.0</ele>
				<time>2025-06-07T18:49:56Z</time>
				<extensions>
					<ns3:TrackPointExtension>
						<ns3:speed>1.459854</ns3:speed>
						<ns3:cad>79.0</ns3:cad>
						<ns3:hr>175</ns3:hr>
					</ns3:TrackPointExtension>
				</extensions>
			</trkpt>
			<trkpt lat="-31.42508594" lon="-68.6490297">
				<ele>900.0</ele>
				<time>2025-06-07T18:49:59Z</time>
				<extensions>
					<ns3:TrackPointExtension>
						<ns3:speed>1.8691589</ns3:speed>
						<ns3:cad>79.0</ns3:cad>
						<ns3:hr>173</ns3:hr>
					</ns3:TrackPointExtension>
				</extensions>
			</trkpt>
			<trkpt lat="-31.42503361" lon="-68.6489747">
				<ele>900.0</ele>
				<time>2025-06-07T18:50:02Z</time>
				<extensions>
					<ns3:TrackPointExtension>
						<ns3:speed>2.1413276</ns3:speed>
						<ns3:cad>78.0</ns3:cad>
						<ns3:hr>173</ns3:hr>
					</ns3:TrackPointExtension>
				</extensions>
			</trkpt>
			<trkpt lat="-31.42497528" lon="-68.6489157">
				<ele>900.0</ele>
				<time>2025-06-07T18:50:05Z</time>
				<extensions>
					<ns3:TrackPointExtension>
						<ns3:speed>2.4875622</ns3:speed>
						<ns3:cad>78.0</ns3:cad>
						<ns3:hr>173</ns3:hr>
					</ns3:TrackPointExtension>
				</extensions>
			</trkpt>
			<trkpt lat="-31.42493528" lon="-68.64888437">
				<ele>900.0</ele>
				<time>2025-06-07T18:50:07Z</time>
				<extensions>
					<ns3:TrackPointExtension>
						<ns3:speed>2.5974026</ns3:speed>
						<ns3:cad>78.0</ns3:cad>
						<ns3:hr>173</ns3:hr>
					</ns3:TrackPointExtension>
				</extensions>
			</trkpt>
			<trkpt lat="-31.42489395" lon="-68.64884804">
				<ele>899.0</ele>
				<time>2025-06-07T18:50:10Z</time>
				<extensions>
					<ns3:TrackPointExtension>
						<ns3:speed>2.610966</ns3:speed>
						<ns3:cad>78.0</ns3:cad>
						<ns3:hr>172</ns3:hr>
					</ns3:TrackPointExtension>
				</extensions>
			</trkpt>
			<trkpt lat="-31.42484529" lon="-68.64881071">
				<ele>899.0</ele>
				<time>2025-06-07T18:50:16Z</time>
				<extensions>
					<ns3:TrackPointExtension>
						<ns3:speed>1.4144272</ns3:speed>
						<ns3:cad>78.0</ns3:cad>
						<ns3:hr>175</ns3:hr>
					</ns3:TrackPointExtension>
				</extensions>
			</trkpt>
			<trkpt lat="-31.42479763" lon="-68.64879405">
				<ele>899.0</ele>
				<time>2025-06-07T18:50:23Z</time>
				<extensions>
					<ns3:TrackPointExtension>
						<ns3:speed>0.856898</ns3:speed>
						<ns3:cad>78.0</ns3:cad>
						<ns3:hr>179</ns3:hr>
					</ns3:TrackPointExtension>
				</extensions>
			</trkpt>
			<trkpt lat="-31.4247473" lon="-68.64876939">
				<ele>901.0</ele>
				<time>2025-06-07T18:50:32Z</time>
				<extensions>
					<ns3:TrackPointExtension>
						<ns3:speed>0.71684587</ns3:speed>
						<ns3:cad>78.0</ns3:cad>
						<ns3:hr>182</ns3:hr>
					</ns3:TrackPointExtension>
				</extensions>
			</trkpt>
			<trkpt lat="-31.42467297" lon="-68.64875873">
				<ele>903.0</ele>
				<time>2025-06-07T18:50:49Z</time>
				<extensions>
					<ns3:TrackPointExtension>
						<ns3:speed>0.6849315</ns3:speed>
						<ns3:cad>78.0</ns3:cad>
						<ns3:hr>183</ns3:hr>
					</ns3:TrackPointExtension>
				</extensions>
			</trkpt>
			<trkpt lat="-31.42462397" lon="-68.64877173">
				<ele>905.0</ele>
				<time>2025-06-07T18:50:59Z</time>
				<extensions>
					<ns3:TrackPointExtension>
						<ns3:speed>0.68399453</ns3:speed>
						<ns3:cad>45.0</ns3:cad>
						<ns3:hr>182</ns3:hr>
					</ns3:TrackPointExtension>
				</extensions>
			</trkpt>
			<trkpt lat="-31.42459697" lon="-68.64882939">
				<ele>906.0</ele>
				<time>2025-06-07T18:51:06Z</time>
				<extensions>
					<ns3:TrackPointExtension>
						<ns3:speed>0.7017544</ns3:speed>
						<ns3:cad>45.0</ns3:cad>
						<ns3:hr>182</ns3:hr>
					</ns3:TrackPointExtension>
				</extensions>
			</trkpt>
			<trkpt lat="-31.42456964" lon="-68.64887705">
				<ele>907.0</ele>
				<time>2025-06-07T18:51:13Z</time>
				<extensions>
					<ns3:TrackPointExtension>
						<ns3:speed>0.73800737</ns3:speed>
						<ns3:cad>45.0</ns3:cad>
						<ns3:hr>182</ns3:hr>
					</ns3:TrackPointExtension>
				</extensions>
			</trkpt>
			<trkpt lat="-31.42451831" lon="-68.64892405">
				<ele>908.0</ele>
				<time>2025-06-07T18:51:20Z</time>
				<extensions>
					<ns3:TrackPointExtension>
						<ns3:speed>0.7507508</ns3:speed>
						<ns3:cad>45.0</ns3:cad>
						<ns3:hr>183</ns3:hr>
					</ns3:TrackPointExtension>
				</extensions>
			</trkpt>
			<trkpt lat="-31.42445898" lon="-68.64894705">
				<ele>908.0</ele>
				<time>2025-06-07T18:51:26Z</time>
				<extensions>
					<ns3:TrackPointExtension>
						<ns3:speed>0.8298755</ns3:speed>
						<ns3:cad>45.0</ns3:cad>
						<ns3:hr>183</ns3:hr>
					</ns3:TrackPointExtension>
				</extensions>
			</trkpt>
			<trkpt lat="-31.42440465" lon="-68.64897305">
				<ele>909.0</ele>
				<time>2025-06-07T18:51:32Z</time>
				<extensions>
					<ns3:TrackPointExtension>
						<ns3:speed>0.8826125</ns3:speed>
						<ns3:cad>45.0</ns3:cad>
						<ns3:hr>183</ns3:hr>
					</ns3:TrackPointExtension>
				</extensions>
			</trkpt>
			<trkpt lat="-31.42435699" lon="-68.64900405">
				<ele>910.0</ele>
				<time>2025-06-07T18:51:37Z</time>
				<extensions>
					<ns3:TrackPointExtension>
						<ns3:speed>0.921659</ns3:speed>
						<ns3:cad>45.0</ns3:cad>
						<ns3:hr>183</ns3:hr>
					</ns3:TrackPointExtension>
				</extensions>
			</trkpt>
			<trkpt lat="-31.42430666" lon="-68.64903271">
				<ele>911.0</ele>
				<time>2025-06-07T18:51:43Z</time>
				<extensions>
					<ns3:TrackPointExtension>
						<ns3:speed>0.9478673</ns3:speed>
						<ns3:cad>45.0</ns3:cad>
						<ns3:hr>183</ns3:hr>
					</ns3:TrackPointExtension>
				</extensions>
			</trkpt>
			<trkpt lat="-31.42424066" lon="-68.64904771">
				<ele>911.0</ele>
				<time>2025-06-07T18:51:47Z</time>
				<extensions>
					<ns3:TrackPointExtension>
						<ns3:speed>1.2121212</ns3:speed>
						<ns3:cad>79.0</ns3:cad>
						<ns3:hr>182</ns3:hr>
					</ns3:TrackPointExtension>
				</extensions>
			</trkpt>
			<trkpt lat="-31.424177" lon="-68.64906237">
				<ele>912.0</ele>
				<time>2025-06-07T18:51:51Z</time>
				<extensions>
					<ns3:TrackPointExtension>
						<ns3:speed>1.7452008</ns3:speed>
						<ns3:cad>79.0</ns3:cad>
						<ns3:hr>181</ns3:hr>
					</ns3:TrackPointExtension>
				</extensions>
			</trkpt>
			<trkpt lat="-31.42410467" lon="-68.64907403">
				<ele>912.0</ele>
				<time>2025-06-07T18:51:55Z</time>
				<extensions>
					<ns3:TrackPointExtension>
						<ns3:speed>1.7857143</ns3:speed>
						<ns3:cad>79.0</ns3:cad>
						<ns3:hr>180</ns3:hr>
					</ns3:TrackPointExtension>
				</extensions>
			</trkpt>
			<trkpt lat="-31.42404967" lon="-68.64907836">
				<ele>913.0</ele>
				<time>2025-06-07T18:51:58Z</time>
				<extensions>
					<ns3:TrackPointExtension>
						<ns3:speed>1.968504</ns3:speed>
						<ns3:cad>79.0</ns3:cad>
						<ns3:hr>180</ns3:hr>
					</ns3:TrackPointExtension>
				</extensions>
			</trkpt>
			<trkpt lat="-31.42400067" lon="-68.64908936">
				<ele>913.0</ele>
				<time>2025-06-07T18:52:01Z</time>
				<extensions>
					<ns3:TrackPointExtension>
						<ns3:speed>2.0</ns3:speed>
						<ns3:cad>78.0</ns3:cad>
						<ns3:hr>180</ns3:hr>
					</ns3:TrackPointExtension>
				</extensions>
			</trkpt>
			<trkpt lat="-31.42394201" lon="-68.64909569">
				<ele>914.0</ele>
				<time>2025-06-07T18:52:05Z</time>
				<extensions>
					<ns3:TrackPointExtension>
						<ns3:speed>1.9342359</ns3:speed>
						<ns3:cad>78.0</ns3:cad>
						<ns3:hr>182</ns3:hr>
					</ns3:TrackPointExtension>
				</extensions>
			</trkpt>
			<trkpt lat="-31.42389835" lon="-68.64907503">
				<ele>915.0</ele>
				<time>2025-06-07T18:52:08Z</time>
				<extensions>
					<ns3:TrackPointExtension>
						<ns3:speed>1.8796992</ns3:speed>
						<ns3:cad>78.0</ns3:cad>
						<ns3:hr>182</ns3:hr>
					</ns3:TrackPointExtension>
				</extensions>
			</trkpt>
			<trkpt lat="-31.42384435" lon="-68.6490477">
				<ele>915.0</ele>
				<time>2025-06-07T18:52:12Z</time>
				<extensions>
					<ns3:TrackPointExtension>
						<ns3:speed>1.8348624</ns3:speed>
						<ns3:cad>78.0</ns3:cad>
						<ns3:hr>182</ns3:hr>
					</ns3:TrackPointExtension>
				</extensions>
			</trkpt>
			<trkpt lat="-31.42378669" lon="-68.64903604">
				<ele>916.0</ele>
				<time>2025-06-07T18:52:16Z</time>
				<extensions>
					<ns3:TrackPointExtension>
						<ns3:speed>1.776199</ns3:speed>
						<ns3:cad>78.0</ns3:cad>
						<ns3:hr>181</ns3:hr>
					</ns3:TrackPointExtension>
				</extensions>
			</trkpt>
			<trkpt lat="-31.42373169" lon="-68.64900971">
				<ele>916.0</ele>
				<time>2025-06-07T18:52:21Z</time>
				<extensions>
					<ns3:TrackPointExtension>
						<ns3:speed>1.5151515</ns3:speed>
						<ns3:cad>78.0</ns3:cad>
						<ns3:hr>183</ns3:hr>
					</ns3:TrackPointExtension>
				</extensions>
			</trkpt>
			<trkpt lat="-31.42367636" lon="-68.64897738">
				<ele>917.0</ele>
				<time>2025-06-07T18:52:26Z</time>
				<extensions>
					<ns3:TrackPointExtension>
						<ns3:speed>1.3333334</ns3:speed>
						<ns3:cad>78.0</ns3:cad>
						<ns3:hr>183</ns3:hr>
					</ns3:TrackPointExtension>
				</extensions>
			</trkpt>
			<trkpt lat="-31.42363703" lon="-68.64894372">
				<ele>917.0</ele>
				<time>2025-06-07T18:52:30Z</time>
				<extensions>
					<ns3:TrackPointExtension>
						<ns3:speed>1.369863</ns3:speed>
						<ns3:cad>78.0</ns3:cad>
						<ns3:hr>180</ns3:hr>
					</ns3:TrackPointExtension>
				</extensions>
			</trkpt>
			<trkpt lat="-31.42358337" lon="-68.64891639">
				<ele>918.0</ele>
				<time>2025-06-07T18:52:35Z</time>
				<extensions>
					<ns3:TrackPointExtension>
						<ns3:speed>1.3368984</ns3:speed>
						<ns3:cad>78.0</ns3:cad>
						<ns3:hr>181</ns3:hr>
					</ns3:TrackPointExtension>
				</extensions>
			</trkpt>
			<trkpt lat="-31.42353571" lon="-68.64891239">
				<ele>918.0</ele>
				<time>2025-06-07T18:52:39Z</time>
				<extensions>
					<ns3:TrackPointExtension>
						<ns3:speed>1.3333334</ns3:speed>
						<ns3:cad>78.0</ns3:cad>
						<ns3:hr>180</ns3:hr>
					</ns3:TrackPointExtension>
				</extensions>
			</trkpt>
			<trkpt lat="-31.42348238" lon="-68.64890739">
				<ele>918.0</ele>
				<time>2025-06-07T18:52:44Z</time>
				<extensions>
					<ns3:TrackPointExtension>
						<ns3:speed>1.3297873</ns3:speed>
						<ns3:cad>78.0</ns3:cad>
						<ns3:hr>179</ns3:hr>
					</ns3:TrackPointExtension>
				</extensions>
			</trkpt>
			<trkpt lat="-31.42342538" lon="-68.64890905">
				<ele>918.0</ele>
				<time>2025-06-07T18:52:48Z</time>
				<extensions>
					<ns3:TrackPointExtension>
						<ns3:speed>1.3280213</ns3:speed>
						<ns3:cad>60.0</ns3:cad>
						<ns3:hr>180</ns3:hr>
					</ns3:TrackPointExtension>
				</extensions>
			</trkpt>
			<trkpt lat="-31.42337538" lon="-68.64891438">
				<ele>918.0</ele>
				<time>2025-06-07T18:52:52Z</time>
				<extensions>
					<ns3:TrackPointExtension>
						<ns3:speed>1.3661202</ns3:speed>
						<ns3:cad>60.0</ns3:cad>
						<ns3:hr>182</ns3:hr>
					</ns3:TrackPointExtension>
				</extensions>
			</trkpt>
			<trkpt lat="-31.42331538" lon="-68.64891105">
				<ele>918.0</ele>
				<time>2025-06-07T18:52:57Z</time>
				<extensions>
					<ns3:TrackPointExtension>
						<ns3:speed>1.3605442</ns3:speed>
						<ns3:cad>60.0</ns3:cad>
						<ns3:hr>182</ns3:hr>
					</ns3:TrackPointExtension>
				</extensions>
			</trkpt>
			<trkpt lat="-31.42327005" lon="-68.64890239">
				<ele>918.0</ele>
				<time>2025-06-07T18:53:01Z</time>
				<extensions>
					<ns3:TrackPointExtension>
						<ns3:speed>1.3605442</ns3:speed>
						<ns3:cad>51.0</ns3:cad>
						<ns3:hr>182</ns3:hr>
					</ns3:TrackPointExtension>
				</extensions>
			</trkpt>
			<trkpt lat="-31.42321805" lon="-68.64888439">
				<ele>918.0</ele>
				<time>2025-06-07T18:53:07Z</time>
				<extensions>
					<ns3:TrackPointExtension>
						<ns3:speed>1.3245033</ns3:speed>
						<ns3:cad>51.0</ns3:cad>
						<ns3:hr>181</ns3:hr>
					</ns3:TrackPointExtension>
				</extensions>
			</trkpt>
			<trkpt lat="-31.42315872" lon="-68.64888905">
				<ele>920.0</ele>
				<time>2025-06-07T18:53:13Z</time>
				<extensions>
					<ns3:TrackPointExtension>
						<ns3:speed>1.261034</ns3:speed>
						<ns3:cad>51.0</ns3:cad>
						<ns3:hr>180</ns3:hr>
					</ns3:TrackPointExtension>
				</extensions>
			</trkpt>
			<trkpt lat="-31.42310739" lon="-68.64888239">
				<ele>921.0</ele>
				<time>2025-06-07T18:53:18Z</time>
				<extensions>
					<ns3:TrackPointExtension>
						<ns3:speed>1.2391573</ns3:speed>
						<ns3:cad>51.0</ns3:cad>
						<ns3:hr>179</ns3:hr>
					</ns3:TrackPointExtension>
				</extensions>
			</trkpt>
			<trkpt lat="-31.42305539" lon="-68.64885906">
				<ele>922.0</ele>
				<time>2025-06-07T18:53:24Z</time>
				<extensions>
					<ns3:TrackPointExtension>
						<ns3:speed>1.2195122</ns3:speed>
						<ns3:cad>51.0</ns3:cad>
						<ns3:hr>179</ns3:hr>
					</ns3:TrackPointExtension>
				</extensions>
			</trkpt>
			<trkpt lat="-31.42299639" lon="-68.64884906">
				<ele>922.0</ele>
				<time>2025-06-07T18:53:30Z</time>
				<extensions>
					<ns3:TrackPointExtension>
						<ns3:speed>1.183432</ns3:speed>
						<ns3:cad>51.0</ns3:cad>
						<ns3:hr>178</ns3:hr>
					</ns3:TrackPointExtension>
				</extensions>
			</trkpt>
			<trkpt lat="-31.42294273" lon="-68.64883906">
				<ele>922.0</ele>
				<time>2025-06-07T18:53:35Z</time>
				<extensions>
					<ns3:TrackPointExtension>
						<ns3:speed>1.183432</ns3:speed>
						<ns3:cad>51.0</ns3:cad>
						<ns3:hr>176</ns3:hr>
					</ns3:TrackPointExtension>
				</extensions>
			</trkpt>
			<trkpt lat="-31.42288173" lon="-68.64883373">
				<ele>922.0</ele>
				<time>2025-06-07T18:53:39Z</time>
				<extensions>
					<ns3:TrackPointExtension>
						<ns3:speed>1.1976048</ns3:speed>
						<ns3:cad>51.0</ns3:cad>
						<ns3:hr>178</ns3:hr>
					</ns3:TrackPointExtension>
				</extensions>
			</trkpt>
			<trkpt lat="-31.4228324" lon="-68.64883073">
				<ele>922.0</ele>
				<time>2025-06-07T18:53:42Z</time>
				<extensions>
					<ns3:TrackPointExtension>
						<ns3:speed>1.25</ns3:speed>
						<ns3:cad>51.0</ns3:cad>
						<ns3:hr>177</ns3:hr>
					</ns3:TrackPointExtension>
				</extensions>
			</trkpt>
			<trkpt lat="-31.42277707" lon="-68.64882173">
				<ele>922.0</ele>
				<time>2025-06-07T18:53:47Z</time>
				<extensions>
					<ns3:TrackPointExtension>
						<ns3:speed>1.3037809</ns3:speed>
						<ns3:cad>51.0</ns3:cad>
						<ns3:hr>179</ns3:hr>
					</ns3:TrackPointExtension>
				</extensions>
			</trkpt>
			<trkpt lat="-31.42272841" lon="-68.64881707">
				<ele>923.0</ele>
				<time>2025-06-07T18:53:51Z</time>
				<extensions>
					<ns3:TrackPointExtension>
						<ns3:speed>1.2987013</ns3:speed>
						<ns3:cad>51.0</ns3:cad>
						<ns3:hr>178</ns3:hr>
					</ns3:TrackPointExtension>
				</extensions>
			</trkpt>
			<trkpt lat="-31.42266475" lon="-68.64879907">
				<ele>924.0</ele>
				<time>2025-06-07T18:53:57Z</time>
				<extensions>
					<ns3:TrackPointExtension>
						<ns3:speed>1.2987013</ns3:speed>
						<ns3:cad>51.0</ns3:cad>
						<ns3:hr>173</ns3:hr>
					</ns3:TrackPointExtension>
				</extensions>
			</trkpt>
			<trkpt lat="-31.42259209" lon="-68.6488104">
				<ele>924.0</ele>
				<time>2025-06-07T18:54:01Z</time>
				<extensions>
					<ns3:TrackPointExtension>
						<ns3:speed>1.4814814</ns3:speed>
						<ns3:cad>51.0</ns3:cad>
						<ns3:hr>172</ns3:hr>
					</ns3:TrackPointExtension>
				</extensions>
			</trkpt>
			<trkpt lat="-31.42253909" lon="-68.6488264">
				<ele>923.0</ele>
				<time>2025-06-07T18:54:03Z</time>
				<extensions>
					<ns3:TrackPointExtension>
						<ns3:speed>2.0618556</ns3:speed>
						<ns3:cad>51.0</ns3:cad>
						<ns3:hr>174</ns3:hr>
					</ns3:TrackPointExtension>
				</extensions>
			</trkpt>
			<trkpt lat="-31.42247876" lon="-68.6488404">
				<ele>923.0</ele>
				<time>2025-06-07T18:54:06Z</time>
				<extensions>
					<ns3:TrackPointExtension>
						<ns3:speed>2.4691358</ns3:speed>
						<ns3:cad>51.0</ns3:cad>
						<ns3:hr>173</ns3:hr>
					</ns3:TrackPointExtension>
				</extensions>
			</trkpt>
			<trkpt lat="-31.4224341" lon="-68.64884506">
				<ele>923.0</ele>
				<time>2025-06-07T18:54:09Z</time>
				<extensions>
					<ns3:TrackPointExtension>
						<ns3:speed>2.2883296</ns3:speed>
						<ns3:cad>51.0</ns3:cad>
						<ns3:hr>173</ns3:hr>
					</ns3:TrackPointExtension>
				</extensions>
			</trkpt>
			<trkpt lat="-31.42237277" lon="-68.6488414">
				<ele>924.0</ele>
				<time>2025-06-07T18:54:13Z</time>
				<extensions>
					<ns3:TrackPointExtension>
						<ns3:speed>1.7605634</ns3:speed>
						<ns3:cad>51.0</ns3:cad>
						<ns3:hr>173</ns3:hr>
					</ns3:TrackPointExtension>
				</extensions>
			</trkpt>
			<trkpt lat="-31.42231877" lon="-68.64883707">
				<ele>924.0</ele>
				<time>2025-06-07T18:54:16Z</time>
				<extensions>
					<ns3:TrackPointExtension>
						<ns3:speed>1.7857143</ns3:speed>
						<ns3:cad>77.0</ns3:cad>
						<ns3:hr>174</ns3:hr>
					</ns3:TrackPointExtension>
				</extensions>
			</trkpt>
			<trkpt lat="-31.42227111" lon="-68.64885273">
				<ele>924.0</ele>
				<time>2025-06-07T18:54:19Z</time>
				<extensions>
					<ns3:TrackPointExtension>
						<ns3:speed>1.8691589</ns3:speed>
						<ns3:cad>77.0</ns3:cad>
						<ns3:hr>175</ns3:hr>
					</ns3:TrackPointExtension>
				</extensions>
			</trkpt>
			<trkpt lat="-31.42222811" lon="-68.64887606">
				<ele>925.0</ele>
				<time>2025-06-07T18:54:23Z</time>
				<extensions>
					<ns3:TrackPointExtension>
						<ns3:speed>1.7953322</ns3:speed>
						<ns3:cad>77.0</ns3:cad>
						<ns3:hr>177</ns3:hr>
					</ns3:TrackPointExtension>
				</extensions>
			</trkpt>
			<trkpt lat="-31.42216945" lon="-68.64889139">
				<ele>925.0</ele>
				<time>2025-06-07T18:54:28Z</time>
				<extensions>
					<ns3:TrackPointExtension>
						<ns3:speed>1.2771392</ns3:speed>
						<ns3:cad>77.0</ns3:cad>
						<ns3:hr>177</ns3:hr>
					</ns3:TrackPointExtension>
				</extensions>
			</trkpt>
			<trkpt lat="-31.42212679" lon="-68.64890305">
				<ele>925.0</ele>
				<time>2025-06-07T18:54:32Z</time>
				<extensions>
					<ns3:TrackPointExtension>
						<ns3:speed>1.3850416</ns3:speed>
						<ns3:cad>77.0</ns3:cad>
						<ns3:hr>176</ns3:hr>
					</ns3:TrackPointExtension>
				</extensions>
			</trkpt>
			<trkpt lat="-31.42206779" lon="-68.64892238">
				<ele>926.0</ele>
				<time>2025-06-07T18:54:38Z</time>
				<extensions>
					<ns3:TrackPointExtension>
						<ns3:speed>1.1904762</ns3:speed>
						<ns3:cad>77.0</ns3:cad>
						<ns3:hr>177</ns3:hr>
					</ns3:TrackPointExtension>
				</extensions>
			</trkpt>
			<trkpt lat="-31.42202813" lon="-68.64895904">
				<ele>927.0</ele>
				<time>2025-06-07T18:54:43Z</time>
				<extensions>
					<ns3:TrackPointExtension>
						<ns3:speed>1.1862396</ns3:speed>
						<ns3:cad>44.0</ns3:cad>
						<ns3:hr>177</ns3:hr>
					</ns3:TrackPointExtension>
				</extensions>
			</trkpt>
			<trkpt lat="-31.42200313" lon="-68.6490027">
				<ele>928.0</ele>
				<time>2025-06-07T18:54:54Z</time>
				<extensions>
					<ns3:TrackPointExtension>
						<ns3:speed>1.0695187</ns3:speed>
						<ns3:cad>44.0</ns3:cad>
						<ns3:hr>178</ns3:hr>
					</ns3:TrackPointExtension>
				</extensions>
			</trkpt>
			<trkpt lat="-31.4219638" lon="-68.6490457">
				<ele>930.0</ele>
				<time>2025-06-07T18:55:05Z</time>
				<extensions>
					<ns3:TrackPointExtension>
						<ns3:speed>0.84033614</ns3:speed>
						<ns3:cad>44.0</ns3:cad>
						<ns3:hr>180</ns3:hr>
					</ns3:TrackPointExtension>
				</extensions>
			</trkpt>
			<trkpt lat="-31.42191014" lon="-68.64906503">
				<ele>931.0</ele>
				<time>2025-06-07T18:55:14Z</time>
				<extensions>
					<ns3:TrackPointExtension>
						<ns3:speed>0.7980846</ns3:speed>
						<ns3:cad>44.0</ns3:cad>
						<ns3:hr>182</ns3:hr>
					</ns3:TrackPointExtension>
				</extensions>
			</trkpt>
			<trkpt lat="-31.42185748" lon="-68.64906769">
				<ele>932.0</ele>
				<time>2025-06-07T18:55:21Z</time>
				<extensions>
					<ns3:TrackPointExtension>
						<ns3:speed>0.81499594</ns3:speed>
						<ns3:cad>44.0</ns3:cad>
						<ns3:hr>182</ns3:hr>
					</ns3:TrackPointExtension>
				</extensions>
			</trkpt>
			<trkpt lat="-31.42180215" lon="-68.64903369">
				<ele>932.0</ele>
				<time>2025-06-07T18:55:26Z</time>
				<extensions>
					<ns3:TrackPointExtension>
						<ns3:speed>0.8888889</ns3:speed>
						<ns3:cad>44.0</ns3:cad>
						<ns3:hr>183</ns3:hr>
					</ns3:TrackPointExtension>
				</extensions>
			</trkpt>
			<trkpt lat="-31.42174149" lon="-68.64898969">
				<ele>932.0</ele>
				<time>2025-06-07T18:55:30Z</time>
				<extensions>
					<ns3:TrackPointExtension>
						<ns3:speed>1.5503876</ns3:speed>
						<ns3:cad>44.0</ns3:cad>
						<ns3:hr>185</ns3:hr>
					</ns3:TrackPointExtension>
				</extensions>
			</trkpt>
			<trkpt lat="-31.42170116" lon="-68.64895369">
				<ele>931.0</ele>
				<time>2025-06-07T18:55:33Z</time>
				<extensions>
					<ns3:TrackPointExtension>
						<ns3:speed>1.8691589</ns3:speed>
						<ns3:cad>44.0</ns3:cad>
						<ns3:hr>184</ns3:hr>
					</ns3:TrackPointExtension>
				</extensions>
			</trkpt>
			<trkpt lat="-31.42166416" lon="-68.64892069">
				<ele>931.0</ele>
				<time>2025-06-07T18:55:37Z</time>
				<extensions>
					<ns3:TrackPointExtension>
						<ns3:speed>1.7391304</ns3:speed>
						<ns3:cad>44.0</ns3:cad>
						<ns3:hr>184</ns3:hr>
					</ns3:TrackPointExtension>
				</extensions>
			</trkpt>
			<trkpt lat="-31.4216225" lon="-68.64889069">
				<ele>931.0</ele>
				<time>2025-06-07T18:55:43Z</time>
				<extensions>
					<ns3:TrackPointExtension>
						<ns3:speed>1.0277492</ns3:speed>
						<ns3:cad>44.0</ns3:cad>
						<ns3:hr>179</ns3:hr>
					</ns3:TrackPointExtension>
				</extensions>
			</trkpt>
			<trkpt lat="-31.42157417" lon="-68.64885769">
				<ele>932.0</ele>
				<time>2025-06-07T18:55:51Z</time>
				<extensions>
					<ns3:TrackPointExtension>
						<ns3:speed>0.8333333</ns3:speed>
						<ns3:cad>44.0</ns3:cad>
						<ns3:hr>179</ns3:hr>
					</ns3:TrackPointExtension>
				</extensions>
			</trkpt>
			<trkpt lat="-31.42152684" lon="-68.64881936">
				<ele>933.0</ele>
				<time>2025-06-07T18:55:59Z</time>
				<extensions>
					<ns3:TrackPointExtension>
						<ns3:speed>0.7936508</ns3:speed>
						<ns3:cad>44.0</ns3:cad>
						<ns3:hr>182</ns3:hr>
					</ns3:TrackPointExtension>
				</extensions>
			</trkpt>
			<trkpt lat="-31.42148751" lon="-68.6487907">
				<ele>934.0</ele>
				<time>2025-06-07T18:56:06Z</time>
				<extensions>
					<ns3:TrackPointExtension>
						<ns3:speed>0.81632656</ns3:speed>
						<ns3:cad>44.0</ns3:cad>
						<ns3:hr>182</ns3:hr>
					</ns3:TrackPointExtension>
				</extensions>
			</trkpt>
			<trkpt lat="-31.42144518" lon="-68.64875904">
				<ele>936.0</ele>
				<time>2025-06-07T18:56:14Z</time>
				<extensions>
					<ns3:TrackPointExtension>
						<ns3:speed>0.77220076</ns3:speed>
						<ns3:cad>44.0</ns3:cad>
						<ns3:hr>178</ns3:hr>
					</ns3:TrackPointExtension>
				</extensions>
			</trkpt>
			<trkpt lat="-31.42139185" lon="-68.64874438">
				<ele>938.0</ele>
				<time>2025-06-07T18:56:26Z</time>
				<extensions>
					<ns3:TrackPointExtension>
						<ns3:speed>0.6863418</ns3:speed>
						<ns3:cad>44.0</ns3:cad>
						<ns3:hr>175</ns3:hr>
					</ns3:TrackPointExtension>
				</extensions>
			</trkpt>
			<trkpt lat="-31.42135285" lon="-68.64870605">
				<ele>939.0</ele>
				<time>2025-06-07T18:56:34Z</time>
				<extensions>
					<ns3:TrackPointExtension>
						<ns3:speed>0.6849315</ns3:speed>
						<ns3:cad>44.0</ns3:cad>
						<ns3:hr>176</ns3:hr>
					</ns3:TrackPointExtension>
				</extensions>
			</trkpt>
			<trkpt lat="-31.42130619" lon="-68.64867605">
				<ele>941.0</ele>
				<time>2025-06-07T18:56:43Z</time>
				<extensions>
					<ns3:TrackPointExtension>
						<ns3:speed>0.698324</ns3:speed>
						<ns3:cad>44.0</ns3:cad>
						<ns3:hr>181</ns3:hr>
					</ns3:TrackPointExtension>
				</extensions>
			</trkpt>
			<trkpt lat="-31.42126086" lon="-68.64864039">
				<ele>942.0</ele>
				<time>2025-06-07T18:56:53Z</time>
				<extensions>
					<ns3:TrackPointExtension>
						<ns3:speed>0.65789473</ns3:speed>
						<ns3:cad>44.0</ns3:cad>
						<ns3:hr>179</ns3:hr>
					</ns3:TrackPointExtension>
				</extensions>
			</trkpt>
			<trkpt lat="-31.42122453" lon="-68.64858973">
				<ele>943.0</ele>
				<time>2025-06-07T18:57:01Z</time>
				<extensions>
					<ns3:TrackPointExtension>
						<ns3:speed>0.67658997</ns3:speed>
						<ns3:cad>45.0</ns3:cad>
						<ns3:hr>180</ns3:hr>
					</ns3:TrackPointExtension>
				</extensions>
			</trkpt>
			<trkpt lat="-31.42119087" lon="-68.64854907">
				<ele>945.0</ele>
				<time>2025-06-07T18:57:08Z</time>
				<extensions>
					<ns3:TrackPointExtension>
						<ns3:speed>0.7158196</ns3:speed>
						<ns3:cad>45.0</ns3:cad>
						<ns3:hr>180</ns3:hr>
					</ns3:TrackPointExtension>
				</extensions>
			</trkpt>
			<trkpt lat="-31.42113454" lon="-68.64854741">
				<ele>945.0</ele>
				<time>2025-06-07T18:57:14Z</time>
				<extensions>
					<ns3:TrackPointExtension>
						<ns3:speed>0.74349445</ns3:speed>
						<ns3:cad>53.0</ns3:cad>
						<ns3:hr>181</ns3:hr>
					</ns3:TrackPointExtension>
				</extensions>
			</trkpt>
			<trkpt lat="-31.42107388" lon="-68.64856741">
				<ele>945.0</ele>
				<time>2025-06-07T18:57:20Z</time>
				<extensions>
					<ns3:TrackPointExtension>
						<ns3:speed>0.8084074</ns3:speed>
						<ns3:cad>53.0</ns3:cad>
						<ns3:hr>179</ns3:hr>
					</ns3:TrackPointExtension>
				</extensions>
			</trkpt>
			<trkpt lat="-31.42101755" lon="-68.64858241">
				<ele>946.0</ele>
				<time>2025-06-07T18:57:26Z</time>
				<extensions>
					<ns3:TrackPointExtension>
						<ns3:speed>0.8733624</ns3:speed>
						<ns3:cad>53.0</ns3:cad>
						<ns3:hr>181</ns3:hr>
					</ns3:TrackPointExtension>
				</extensions>
			</trkpt>
			<trkpt lat="-31.42097189" lon="-68.64859374">
				<ele>947.0</ele>
				<time>2025-06-07T18:57:31Z</time>
				<extensions>
					<ns3:TrackPointExtension>
						<ns3:speed>0.89686096</ns3:speed>
						<ns3:cad>53.0</ns3:cad>
						<ns3:hr>181</ns3:hr>
					</ns3:TrackPointExtension>
				</extensions>
			</trkpt>
			<trkpt lat="-31.42090523" lon="-68.64858541">
				<ele>948.0</ele>
				<time>2025-06-07T18:57:41Z</time>
				<extensions>
					<ns3:TrackPointExtension>
						<ns3:speed>0.8695652</ns3:speed>
						<ns3:cad>53.0</ns3:cad>
						<ns3:hr>180</ns3:hr>
					</ns3:TrackPointExtension>
				</extensions>
			</trkpt>
			<trkpt lat="-31.42085923" lon="-68.64857908">
				<ele>949.0</ele>
				<time>2025-06-07T18:57:48Z</time>
				<extensions>
					<ns3:TrackPointExtension>
						<ns3:speed>0.8583691</ns3:speed>
						<ns3:cad>44.0</ns3:cad>
						<ns3:hr>177</ns3:hr>
					</ns3:TrackPointExtension>
				</extensions>
			</trkpt>
			<trkpt lat="-31.42080123" lon="-68.64858141">
				<ele>951.0</ele>
				<time>2025-06-07T18:57:58Z</time>
				<extensions>
					<ns3:TrackPointExtension>
						<ns3:speed>0.8045052</ns3:speed>
						<ns3:cad>44.0</ns3:cad>
						<ns3:hr>180</ns3:hr>
					</ns3:TrackPointExtension>
				</extensions>
			</trkpt>
			<trkpt lat="-31.42074223" lon="-68.64857541">
				<ele>952.0</ele>
				<time>2025-06-07T18:58:05Z</time>
				<extensions>
					<ns3:TrackPointExtension>
						<ns3:speed>0.7936508</ns3:speed>
						<ns3:cad>44.0</ns3:cad>
						<ns3:hr>182</ns3:hr>
					</ns3:TrackPointExtension>
				</extensions>
			</trkpt>
			<trkpt lat="-31.42068923" lon="-68.64857241">
				<ele>952.0</ele>
				<time>2025-06-07T18:58:10Z</time>
				<extensions>
					<ns3:TrackPointExtension>
						<ns3:speed>0.84889644</ns3:speed>
						<ns3:cad>44.0</ns3:cad>
						<ns3:hr>181</ns3:hr>
					</ns3:TrackPointExtension>
				</extensions>
			</trkpt>
			<trkpt lat="-31.4206349" lon="-68.64857008">
				<ele>953.0</ele>
				<time>2025-06-07T18:58:16Z</time>
				<extensions>
					<ns3:TrackPointExtension>
						<ns3:speed>0.89285713</ns3:speed>
						<ns3:cad>51.0</ns3:cad>
						<ns3:hr>180</ns3:hr>
					</ns3:TrackPointExtension>
				</extensions>
			</trkpt>
			<trkpt lat="-31.42059157" lon="-68.64858974">
				<ele>954.0</ele>
				<time>2025-06-07T18:58:21Z</time>
				<extensions>
					<ns3:TrackPointExtension>
						<ns3:speed>0.90909094</ns3:speed>
						<ns3:cad>51.0</ns3:cad>
						<ns3:hr>180</ns3:hr>
					</ns3:TrackPointExtension>
				</extensions>
			</trkpt>
			<trkpt lat="-31.42052424" lon="-68.64862074">
				<ele>955.0</ele>
				<time>2025-06-07T18:58:27Z</time>
				<extensions>
					<ns3:TrackPointExtension>
						<ns3:speed>0.9451796</ns3:speed>
						<ns3:cad>51.0</ns3:cad>
						<ns3:hr>179</ns3:hr>
					</ns3:TrackPointExtension>
				</extensions>
			</trkpt>
			<trkpt lat="-31.42046591" lon="-68.6486234">
				<ele>955.0</ele>
				<time>2025-06-07T18:58:30Z</time>
				<extensions>
					<ns3:TrackPointExtension>
						<ns3:speed>1.3927577</ns3:speed>
						<ns3:cad>51.0</ns3:cad>
						<ns3:hr>179</ns3:hr>
					</ns3:TrackPointExtension>
				</extensions>
			</trkpt>
			<trkpt lat="-31.42040025" lon="-68.64860574">
				<ele>955.0</ele>
				<time>2025-06-07T18:58:33Z</time>
				<extensions>
					<ns3:TrackPointExtension>
						<ns3:speed>1.980198</ns3:speed>
						<ns3:cad>51.0</ns3:cad>
						<ns3:hr>178</ns3:hr>
					</ns3:TrackPointExtension>
				</extensions>
			</trkpt>
			<trkpt lat="-31.42035392" lon="-68.64858708">
				<ele>955.0</ele>
				<time>2025-06-07T18:58:35Z</time>
				<extensions>
					<ns3:TrackPointExtension>
						<ns3:speed>2.2727273</ns3:speed>
						<ns3:cad>78.0</ns3:cad>
						<ns3:hr>177</ns3:hr>
					</ns3:TrackPointExtension>
				</extensions>
			</trkpt>
			<trkpt lat="-31.42029326" lon="-68.64856608">
				<ele>955.0</ele>
				<time>2025-06-07T18:58:38Z</time>
				<extensions>
					<ns3:TrackPointExtension>
						<ns3:speed>2.5316455</ns3:speed>
						<ns3:cad>78.0</ns3:cad>
						<ns3:hr>176</ns3:hr>
					</ns3:TrackPointExtension>
				</extensions>
			</trkpt>
			<trkpt lat="-31.42024393" lon="-68.64855742">
				<ele>955.0</ele>
				<time>2025-06-07T18:58:41Z</time>
				<extensions>
					<ns3:TrackPointExtension>
						<ns3:speed>2.3529413</ns3:speed>
						<ns3:cad>78.0</ns3:cad>
						<ns3:hr>176</ns3:hr>
					</ns3:TrackPointExtension>
				</extensions>
			</trkpt>
			<trkpt lat="-31.42018893" lon="-68.64856875">
				<ele>956.0</ele>
				<time>2025-06-07T18:58:45Z</time>
				<extensions>
					<ns3:TrackPointExtension>
						<ns3:speed>1.8691589</ns3:speed>
						<ns3:cad>78.0</ns3:cad>
						<ns3:hr>175</ns3:hr>
					</ns3:TrackPointExtension>
				</extensions>
			</trkpt>
			<trkpt lat="-31.42013727" lon="-68.64858141">
				<ele>957.0</ele>
				<time>2025-06-07T18:58:49Z</time>
				<extensions>
					<ns3:TrackPointExtension>
						<ns3:speed>1.5625</ns3:speed>
						<ns3:cad>78.0</ns3:cad>
						<ns3:hr>175</ns3:hr>
					</ns3:TrackPointExtension>
				</extensions>
			</trkpt>
			<trkpt lat="-31.42007661" lon="-68.64858874">
				<ele>957.0</ele>
				<time>2025-06-07T18:58:52Z</time>
				<extensions>
					<ns3:TrackPointExtension>
						<ns3:speed>1.5576324</ns3:speed>
						<ns3:cad>78.0</ns3:cad>
						<ns3:hr>176</ns3:hr>
					</ns3:TrackPointExtension>
				</extensions>
			</trkpt>
			<trkpt lat="-31.42000828" lon="-68.6485974">
				<ele>957.0</ele>
				<time>2025-06-07T18:58:55Z</time>
				<extensions>
					<ns3:TrackPointExtension>
						<ns3:speed>1.7699115</ns3:speed>
						<ns3:cad>78.0</ns3:cad>
						<ns3:hr>175</ns3:hr>
					</ns3:TrackPointExtension>
				</extensions>
			</trkpt>
			<trkpt lat="-31.41991995" lon="-68.64861406">
				<ele>957.0</ele>
				<time>2025-06-07T18:58:59Z</time>
				<extensions>
					<ns3:TrackPointExtension>
						<ns3:speed>2.2573364</ns3:speed>
						<ns3:cad>78.0</ns3:cad>
						<ns3:hr>174</ns3:hr>
					</ns3:TrackPointExtension>
				</extensions>
			</trkpt>
			<trkpt lat="-31.41985595" lon="-68.64862106">
				<ele>957.0</ele>
				<time>2025-06-07T18:59:02Z</time>
				<extensions>
					<ns3:TrackPointExtension>
						<ns3:speed>2.4096386</ns3:speed>
						<ns3:cad>78.0</ns3:cad>
						<ns3:hr>173</ns3:hr>
					</ns3:TrackPointExtension>
				</extensions>
			</trkpt>
			<trkpt lat="-31.41980629" lon="-68.6486124">
				<ele>957.0</ele>
				<time>2025-06-07T18:59:05Z</time>
				<extensions>
					<ns3:TrackPointExtension>
						<ns3:speed>2.2988505</ns3:speed>
						<ns3:cad>78.0</ns3:cad>
						<ns3:hr>172</ns3:hr>
					</ns3:TrackPointExtension>
				</extensions>
			</trkpt>
			<trkpt lat="-31.41975796" lon="-68.64859807">
				<ele>957.0</ele>
				<time>2025-06-07T18:59:08Z</time>
				<extensions>
					<ns3:TrackPointExtension>
						<ns3:speed>2.173913</ns3:speed>
						<ns3:cad>78.0</ns3:cad>
						<ns3:hr>172</ns3:hr>
					</ns3:TrackPointExtension>
				</extensions>
			</trkpt>
			<trkpt lat="-31.41968996" lon="-68.64858107">
				<ele>958.0</ele>
				<time>2025-06-07T18:59:12Z</time>
				<extensions>
					<ns3:TrackPointExtension>
						<ns3:speed>2.0833333</ns3:speed>
						<ns3:cad>78.0</ns3:cad>
						<ns3:hr>173</ns3:hr>
					</ns3:TrackPointExtension>
				</extensions>
			</trkpt>
			<trkpt lat="-31.4196293" lon="-68.64856741">
				<ele>958.0</ele>
				<time>2025-06-07T18:59:15Z</time>
				<extensions>
					<ns3:TrackPointExtension>
						<ns3:speed>2.0618556</ns3:speed>
						<ns3:cad>78.0</ns3:cad>
						<ns3:hr>173</ns3:hr>
					</ns3:TrackPointExtension>
				</extensions>
			</trkpt>
			<trkpt lat="-31.4195683" lon="-68.64855675">
				<ele>958.0</ele>
				<time>2025-06-07T18:59:18Z</time>
				<extensions>
					<ns3:TrackPointExtension>
						<ns3:speed>2.1052632</ns3:speed>
						<ns3:cad>78.0</ns3:cad>
						<ns3:hr>171</ns3:hr>
					</ns3:TrackPointExtension>
				</extensions>
			</trkpt>
			<trkpt lat="-31.41951964" lon="-68.64855542">
				<ele>958.0</ele>
				<time>2025-06-07T18:59:21Z</time>
				<extensions>
					<ns3:TrackPointExtension>
						<ns3:speed>2.1367521</ns3:speed>
						<ns3:cad>78.0</ns3:cad>
						<ns3:hr>173</ns3:hr>
					</ns3:TrackPointExtension>
				</extensions>
			</trkpt>
			<trkpt lat="-31.41946831" lon="-68.64854776">
				<ele>958.0</ele>
				<time>2025-06-07T18:59:27Z</time>
				<extensions>
					<ns3:TrackPointExtension>
						<ns3:speed>1.2787724</ns3:speed>
						<ns3:cad>78.0</ns3:cad>
						<ns3:hr>173</ns3:hr>
					</ns3:TrackPointExtension>
				</extensions>
			</trkpt>
			<trkpt lat="-31.41941831" lon="-68.64855542">
				<ele>959.0</ele>
				<time>2025-06-07T18:59:33Z</time>
				<extensions>
					<ns3:TrackPointExtension>
						<ns3:speed>0.9302326</ns3:speed>
						<ns3:cad>78.0</ns3:cad>
						<ns3:hr>175</ns3:hr>
					</ns3:TrackPointExtension>
				</extensions>
			</trkpt>
			<trkpt lat="-31.41936431" lon="-68.64858342">
				<ele>960.0</ele>
				<time>2025-06-07T18:59:39Z</time>
				<extensions>
					<ns3:TrackPointExtension>
						<ns3:speed>0.9756098</ns3:speed>
						<ns3:cad>78.0</ns3:cad>
						<ns3:hr>178</ns3:hr>
					</ns3:TrackPointExtension>
				</extensions>
			</trkpt>
			<trkpt lat="-31.41931298" lon="-68.64859142">
				<ele>961.0</ele>
				<time>2025-06-07T18:59:44Z</time>
				<extensions>
					<ns3:TrackPointExtension>
						<ns3:speed>1.0438414</ns3:speed>
						<ns3:cad>78.0</ns3:cad>
						<ns3:hr>178</ns3:hr>
					</ns3:TrackPointExtension>
				</extensions>
			</trkpt>
			<trkpt lat="-31.41925732" lon="-68.64858976">
				<ele>961.0</ele>
				<time>2025-06-07T18:59:49Z</time>
				<extensions>
					<ns3:TrackPointExtension>
						<ns3:speed>1.0718113</ns3:speed>
						<ns3:cad>52.0</ns3:cad>
						<ns3:hr>180</ns3:hr>
					</ns3:TrackPointExtension>
				</extensions>
			</trkpt>
			<trkpt lat="-31.41919366" lon="-68.64860509">
				<ele>961.0</ele>
				<time>2025-06-07T18:59:53Z</time>
				<extensions>
					<ns3:TrackPointExtension>
						<ns3:speed>1.1792452</ns3:speed>
						<ns3:cad>52.0</ns3:cad>
						<ns3:hr>181</ns3:hr>
					</ns3:TrackPointExtension>
				</extensions>
			</trkpt>
			<trkpt lat="-31.41914233" lon="-68.64861775">
				<ele>961.0</ele>
				<time>2025-06-07T18:59:56Z</time>
				<extensions>
					<ns3:TrackPointExtension>
						<ns3:speed>1.6583748</ns3:speed>
						<ns3:cad>52.0</ns3:cad>
						<ns3:hr>180</ns3:hr>
					</ns3:TrackPointExtension>
				</extensions>
			</trkpt>
			<trkpt lat="-31.41909267" lon="-68.64862808">
				<ele>962.0</ele>
				<time>2025-06-07T18:59:59Z</time>
				<extensions>
					<ns3:TrackPointExtension>
						<ns3:speed>1.8691589</ns3:speed>
						<ns3:cad>79.0</ns3:cad>
						<ns3:hr>179</ns3:hr>
					</ns3:TrackPointExtension>
				</extensions>
			</trkpt>
			<trkpt lat="-31.41903734" lon="-68.64864041">
				<ele>962.0</ele>
				<time>2025-06-07T19:00:02Z</time>
				<extensions>
					<ns3:TrackPointExtension>
						<ns3:speed>1.8867924</ns3:speed>
						<ns3:cad>79.0</ns3:cad>
						<ns3:hr>179</ns3:hr>
					</ns3:TrackPointExtension>
				</extensions>
			</trkpt>
			<trkpt lat="-31.41897568" lon="-68.64865574">
				<ele>962.0</ele>
				<time>2025-06-07T19:00:05Z</time>
				<extensions>
					<ns3:TrackPointExtension>
						<ns3:speed>2.020202</ns3:speed>
						<ns3:cad>79.0</ns3:cad>
						<ns3:hr>179</ns3:hr>
					</ns3:TrackPointExtension>
				</extensions>
			</trkpt>
			<trkpt lat="-31.41892302" lon="-68.6486654">
				<ele>962.0</ele>
				<time>2025-06-07T19:00:08Z</time>
				<extensions>
					<ns3:TrackPointExtension>
						<ns3:speed>2.1141648</ns3:speed>
						<ns3:cad>79.0</ns3:cad>
						<ns3:hr>178</ns3:hr>
					</ns3:TrackPointExtension>
				</extensions>
			</trkpt>
			<trkpt lat="-31.41887602" lon="-68.64868173">
				<ele>963.0</ele>
				<time>2025-06-07T19:00:11Z</time>
				<extensions>
					<ns3:TrackPointExtension>
						<ns3:speed>2.0618556</ns3:speed>
						<ns3:cad>79.0</ns3:cad>
						<ns3:hr>177</ns3:hr>
					</ns3:TrackPointExtension>
				</extensions>
			</trkpt>
			<trkpt lat="-31.41881802" lon="-68.64870306">
				<ele>963.0</ele>
				<time>2025-06-07T19:00:14Z</time>
				<extensions>
					<ns3:TrackPointExtension>
						<ns3:speed>2.0408163</ns3:speed>
						<ns3:cad>79.0</ns3:cad>
						<ns3:hr>178</ns3:hr>
					</ns3:TrackPointExtension>
				</extensions>
			</trkpt>
			<trkpt lat="-31.41877136" lon="-68.64872739">
				<ele>963.0</ele>
				<time>2025-06-07T19:00:17Z</time>
				<extensions>
					<ns3:TrackPointExtension>
						<ns3:speed>2.0618556</ns3:speed>
						<ns3:cad>79.0</ns3:cad>
						<ns3:hr>179</ns3:hr>
					</ns3:TrackPointExtension>
				</extensions>
			</trkpt>
			<trkpt lat="-31.4187277" lon="-68.64875339">
				<ele>963.0</ele>
				<time>2025-06-07T19:00:21Z</time>
				<extensions>
					<ns3:TrackPointExtension>
						<ns3:speed>1.7793595</ns3:speed>
						<ns3:cad>79.0</ns3:cad>
						<ns3:hr>179</ns3:hr>
					</ns3:TrackPointExtension>
				</extensions>
			</trkpt>
			<trkpt lat="-31.41867637" lon="-68.64878772">
				<ele>964.0</ele>
				<time>2025-06-07T19:00:26Z</time>
				<extensions>
					<ns3:TrackPointExtension>
						<ns3:speed>1.3888888</ns3:speed>
						<ns3:cad>79.0</ns3:cad>
						<ns3:hr>182</ns3:hr>
					</ns3:TrackPointExtension>
				</extensions>
			</trkpt>
			<trkpt lat="-31.41862937" lon="-68.64882272">
				<ele>964.0</ele>
				<time>2025-06-07T19:00:31Z</time>
				<extensions>
					<ns3:TrackPointExtension>
						<ns3:speed>1.3245033</ns3:speed>
						<ns3:cad>79.0</ns3:cad>
						<ns3:hr>184</ns3:hr>
					</ns3:TrackPointExtension>
				</extensions>
			</trkpt>
			<trkpt lat="-31.41858471" lon="-68.64884005">
				<ele>965.0</ele>
				<time>2025-06-07T19:00:37Z</time>
				<extensions>
					<ns3:TrackPointExtension>
						<ns3:speed>1.1560694</ns3:speed>
						<ns3:cad>79.0</ns3:cad>
						<ns3:hr>181</ns3:hr>
					</ns3:TrackPointExtension>
				</extensions>
			</trkpt>
			<trkpt lat="-31.41852605" lon="-68.64885705">
				<ele>966.0</ele>
				<time>2025-06-07T19:00:44Z</time>
				<extensions>
					<ns3:TrackPointExtension>
						<ns3:speed>1.0526316</ns3:speed>
						<ns3:cad>79.0</ns3:cad>
						<ns3:hr>179</ns3:hr>
					</ns3:TrackPointExtension>
				</extensions>
			</trkpt>
			<trkpt lat="-31.41848072" lon="-68.64886105">
				<ele>967.0</ele>
				<time>2025-06-07T19:00:52Z</time>
				<extensions>
					<ns3:TrackPointExtension>
						<ns3:speed>0.9569378</ns3:speed>
						<ns3:cad>79.0</ns3:cad>
						<ns3:hr>179</ns3:hr>
					</ns3:TrackPointExtension>
				</extensions>
			</trkpt>
			<trkpt lat="-31.41842206" lon="-68.64886538">
				<ele>969.0</ele>
				<time>2025-06-07T19:01:02Z</time>
				<extensions>
					<ns3:TrackPointExtension>
						<ns3:speed>0.8298755</ns3:speed>
						<ns3:cad>48.0</ns3:cad>
						<ns3:hr>179</ns3:hr>
					</ns3:TrackPointExtension>
				</extensions>
			</trkpt>
			<trkpt lat="-31.41836073" lon="-68.64886938">
				<ele>969.0</ele>
				<time>2025-06-07T19:01:07Z</time>
				<extensions>
					<ns3:TrackPointExtension>
						<ns3:speed>0.88105726</ns3:speed>
						<ns3:cad>48.0</ns3:cad>
						<ns3:hr>180</ns3:hr>
					</ns3:TrackPointExtension>
				</extensions>
			</trkpt>
			<trkpt lat="-31.4182914" lon="-68.64888738">
				<ele>969.0</ele>
				<time>2025-06-07T19:01:10Z</time>
				<extensions>
					<ns3:TrackPointExtension>
						<ns3:speed>1.4858841</ns3:speed>
						<ns3:cad>48.0</ns3:cad>
						<ns3:hr>179</ns3:hr>
					</ns3:TrackPointExtension>
				</extensions>
			</trkpt>
			<trkpt lat="-31.41822274" lon="-68.64891104">
				<ele>969.0</ele>
				<time>2025-06-07T19:01:13Z</time>
				<extensions>
					<ns3:TrackPointExtension>
						<ns3:speed>2.2727273</ns3:speed>
						<ns3:cad>48.0</ns3:cad>
						<ns3:hr>178</ns3:hr>
					</ns3:TrackPointExtension>
				</extensions>
			</trkpt>
			<trkpt lat="-31.41815641" lon="-68.6489187">
				<ele>969.0</ele>
				<time>2025-06-07T19:01:16Z</time>
				<extensions>
					<ns3:TrackPointExtension>
						<ns3:speed>2.5</ns3:speed>
						<ns3:cad>48.0</ns3:cad>
						<ns3:hr>179</ns3:hr>
					</ns3:TrackPointExtension>
				</extensions>
			</trkpt>
			<trkpt lat="-31.41809341" lon="-68.64892703">
				<ele>969.0</ele>
				<time>2025-06-07T19:01:19Z</time>
				<extensions>
					<ns3:TrackPointExtension>
						<ns3:speed>2.4691358</ns3:speed>
						<ns3:cad>77.0</ns3:cad>
						<ns3:hr>180</ns3:hr>
					</ns3:TrackPointExtension>
				</extensions>
			</trkpt>
			<trkpt lat="-31.41803708" lon="-68.64890937">
				<ele>968.0</ele>
				<time>2025-06-07T19:01:22Z</time>
				<extensions>
					<ns3:TrackPointExtension>
						<ns3:speed>2.2988505</ns3:speed>
						<ns3:cad>77.0</ns3:cad>
						<ns3:hr>179</ns3:hr>
					</ns3:TrackPointExtension>
				</extensions>
			</trkpt>
			<trkpt lat="-31.41796442" lon="-68.64888237">
				<ele>967.0</ele>
				<time>2025-06-07T19:01:25Z</time>
				<extensions>
					<ns3:TrackPointExtension>
						<ns3:speed>2.3809524</ns3:speed>
						<ns3:cad>77.0</ns3:cad>
						<ns3:hr>178</ns3:hr>
					</ns3:TrackPointExtension>
				</extensions>
			</trkpt>
			<trkpt lat="-31.41790542" lon="-68.64887571">
				<ele>966.0</ele>
				<time>2025-06-07T19:01:27Z</time>
				<extensions>
					<ns3:TrackPointExtension>
						<ns3:speed>2.7027028</ns3:speed>
						<ns3:cad>77.0</ns3:cad>
						<ns3:hr>179</ns3:hr>
					</ns3:TrackPointExtension>
				</extensions>
			</trkpt>
			<trkpt lat="-31.41784542" lon="-68.64887904">
				<ele>965.0</ele>
				<time>2025-06-07T19:01:29Z</time>
				<extensions>
					<ns3:TrackPointExtension>
						<ns3:speed>2.8985507</ns3:speed>
						<ns3:cad>77.0</ns3:cad>
						<ns3:hr>180</ns3:hr>
					</ns3:TrackPointExtension>
				</extensions>
			</trkpt>
			<trkpt lat="-31.41779042" lon="-68.64888104">
				<ele>965.0</ele>
				<time>2025-06-07T19:01:31Z</time>
				<extensions>
					<ns3:TrackPointExtension>
						<ns3:speed>3.125</ns3:speed>
						<ns3:cad>77.0</ns3:cad>
						<ns3:hr>180</ns3:hr>
					</ns3:TrackPointExtension>
				</extensions>
			</trkpt>
			<trkpt lat="-31.41774576" lon="-68.64888304">
				<ele>964.0</ele>
				<time>2025-06-07T19:01:33Z</time>
				<extensions>
					<ns3:TrackPointExtension>
						<ns3:speed>3.1746032</ns3:speed>
						<ns3:cad>77.0</ns3:cad>
						<ns3:hr>180</ns3:hr>
					</ns3:TrackPointExtension>
				</extensions>
			</trkpt>
			<trkpt lat="-31.41769443" lon="-68.64890137">
				<ele>964.0</ele>
				<time>2025-06-07T19:01:36Z</time>
				<extensions>
					<ns3:TrackPointExtension>
						<ns3:speed>2.9411764</ns3:speed>
						<ns3:cad>77.0</ns3:cad>
						<ns3:hr>179</ns3:hr>
					</ns3:TrackPointExtension>
				</extensions>
			</trkpt>
			<trkpt lat="-31.41765577" lon="-68.64892303">
				<ele>964.0</ele>
				<time>2025-06-07T19:01:39Z</time>
				<extensions>
					<ns3:TrackPointExtension>
						<ns3:speed>2.2883296</ns3:speed>
						<ns3:cad>78.0</ns3:cad>
						<ns3:hr>179</ns3:hr>
					</ns3:TrackPointExtension>
				</extensions>
			</trkpt>
			<trkpt lat="-31.41759144" lon="-68.64891737">
				<ele>965.0</ele>
				<time>2025-06-07T19:01:44Z</time>
				<extensions>
					<ns3:TrackPointExtension>
						<ns3:speed>1.5873016</ns3:speed>
						<ns3:cad>78.0</ns3:cad>
						<ns3:hr>180</ns3:hr>
					</ns3:TrackPointExtension>
				</extensions>
			</trkpt>
			<trkpt lat="-31.41753611" lon="-68.64889237">
				<ele>965.0</ele>
				<time>2025-06-07T19:01:47Z</time>
				<extensions>
					<ns3:TrackPointExtension>
						<ns3:speed>1.6207455</ns3:speed>
						<ns3:cad>78.0</ns3:cad>
						<ns3:hr>179</ns3:hr>
					</ns3:TrackPointExtension>
				</extensions>
			</trkpt>
			<trkpt lat="-31.41747445" lon="-68.64886671">
				<ele>965.0</ele>
				<time>2025-06-07T19:01:50Z</time>
				<extensions>
					<ns3:TrackPointExtension>
						<ns3:speed>1.9157088</ns3:speed>
						<ns3:cad>78.0</ns3:cad>
						<ns3:hr>178</ns3:hr>
					</ns3:TrackPointExtension>
				</extensions>
			</trkpt>
			<trkpt lat="-31.41741479" lon="-68.64885338">
				<ele>965.0</ele>
				<time>2025-06-07T19:01:53Z</time>
				<extensions>
					<ns3:TrackPointExtension>
						<ns3:speed>2.2222223</ns3:speed>
						<ns3:cad>78.0</ns3:cad>
						<ns3:hr>177</ns3:hr>
					</ns3:TrackPointExtension>
				</extensions>
			</trkpt>
			<trkpt lat="-31.41736546" lon="-68.64884805">
				<ele>965.0</ele>
				<time>2025-06-07T19:01:56Z</time>
				<extensions>
					<ns3:TrackPointExtension>
						<ns3:speed>2.232143</ns3:speed>
						<ns3:cad>78.0</ns3:cad>
						<ns3:hr>177</ns3:hr>
					</ns3:TrackPointExtension>
				</extensions>
			</trkpt>
			<trkpt lat="-31.4173128" lon="-68.64887538">
				<ele>965.0</ele>
				<time>2025-06-07T19:02:00Z</time>
				<extensions>
					<ns3:TrackPointExtension>
						<ns3:speed>2.0325203</ns3:speed>
						<ns3:cad>78.0</ns3:cad>
						<ns3:hr>178</ns3:hr>
					</ns3:TrackPointExtension>
				</extensions>
			</trkpt>
			<trkpt lat="-31.41727814" lon="-68.64891104">
				<ele>966.0</ele>
				<time>2025-06-07T19:02:03Z</time>
				<extensions>
					<ns3:TrackPointExtension>
						<ns3:speed>1.9417475</ns3:speed>
						<ns3:cad>78.0</ns3:cad>
						<ns3:hr>179</ns3:hr>
					</ns3:TrackPointExtension>
				</extensions>
			</trkpt>
			<trkpt lat="-31.41723914" lon="-68.64895637">
				<ele>967.0</ele>
				<time>2025-06-07T19:02:08Z</time>
				<extensions>
					<ns3:TrackPointExtension>
						<ns3:speed>1.7391304</ns3:speed>
						<ns3:cad>78.0</ns3:cad>
						<ns3:hr>180</ns3:hr>
					</ns3:TrackPointExtension>
				</extensions>
			</trkpt>
			<trkpt lat="-31.41718548" lon="-68.64898237">
				<ele>968.0</ele>
				<time>2025-06-07T19:02:13Z</time>
				<extensions>
					<ns3:TrackPointExtension>
						<ns3:speed>1.2738854</ns3:speed>
						<ns3:cad>78.0</ns3:cad>
						<ns3:hr>182</ns3:hr>
					</ns3:TrackPointExtension>
				</extensions>
			</trkpt>
			<trkpt lat="-31.41713815" lon="-68.6489917">
				<ele>968.0</ele>
				<time>2025-06-07T19:02:17Z</time>
				<extensions>
					<ns3:TrackPointExtension>
						<ns3:speed>1.347709</ns3:speed>
						<ns3:cad>78.0</ns3:cad>
						<ns3:hr>182</ns3:hr>
					</ns3:TrackPointExtension>
				</extensions>
			</trkpt>
			<trkpt lat="-31.41708649" lon="-68.6489937">
				<ele>968.0</ele>
				<time>2025-06-07T19:02:25Z</time>
				<extensions>
					<ns3:TrackPointExtension>
						<ns3:speed>1.1273957</ns3:speed>
						<ns3:cad>78.0</ns3:cad>
						<ns3:hr>182</ns3:hr>
					</ns3:TrackPointExtension>
				</extensions>
			</trkpt>
			<trkpt lat="-31.41703716" lon="-68.64898537">
				<ele>969.0</ele>
				<time>2025-06-07T19:02:31Z</time>
				<extensions>
					<ns3:TrackPointExtension>
						<ns3:speed>1.0416666</ns3:speed>
						<ns3:cad>78.0</ns3:cad>
						<ns3:hr>181</ns3:hr>
					</ns3:TrackPointExtension>
				</extensions>
			</trkpt>
			<trkpt lat="-31.41697316" lon="-68.64897204">
				<ele>970.0</ele>
				<time>2025-06-07T19:02:36Z</time>
				<extensions>
					<ns3:TrackPointExtension>
						<ns3:speed>1.0752689</ns3:speed>
						<ns3:cad>78.0</ns3:cad>
						<ns3:hr>179</ns3:hr>
					</ns3:TrackPointExtension>
				</extensions>
			</trkpt>
			<trkpt lat="-31.41691583" lon="-68.6489817">
				<ele>970.0</ele>
				<time>2025-06-07T19:02:39Z</time>
				<extensions>
					<ns3:TrackPointExtension>
						<ns3:speed>1.5384616</ns3:speed>
						<ns3:cad>78.0</ns3:cad>
						<ns3:hr>179</ns3:hr>
					</ns3:TrackPointExtension>
				</extensions>
			</trkpt>
			<trkpt lat="-31.41684583" lon="-68.6489987">
				<ele>970.0</ele>
				<time>2025-06-07T19:02:42Z</time>
				<extensions>
					<ns3:TrackPointExtension>
						<ns3:speed>1.980198</ns3:speed>
						<ns3:cad>78.0</ns3:cad>
						<ns3:hr>179</ns3:hr>
					</ns3:TrackPointExtension>
				</extensions>
			</trkpt>
			<trkpt lat="-31.41680183" lon="-68.64901436">
				<ele>970.0</ele>
				<time>2025-06-07T19:02:44Z</time>
				<extensions>
					<ns3:TrackPointExtension>
						<ns3:speed>2.3364487</ns3:speed>
						<ns3:cad>78.0</ns3:cad>
						<ns3:hr>179</ns3:hr>
					</ns3:TrackPointExtension>
				</extensions>
			</trkpt>
			<trkpt lat="-31.41673917" lon="-68.64902936">
				<ele>970.0</ele>
				<time>2025-06-07T19:02:47Z</time>
				<extensions>
					<ns3:TrackPointExtension>
						<ns3:speed>2.5316455</ns3:speed>
						<ns3:cad>78.0</ns3:cad>
						<ns3:hr>179</ns3:hr>
					</ns3:TrackPointExtension>
				</extensions>
			</trkpt>
			<trkpt lat="-31.41667584" lon="-68.6490217">
				<ele>970.0</ele>
				<time>2025-06-07T19:02:50Z</time>
				<extensions>
					<ns3:TrackPointExtension>
						<ns3:speed>2.3923445</ns3:speed>
						<ns3:cad>78.0</ns3:cad>
						<ns3:hr>177</ns3:hr>
					</ns3:TrackPointExtension>
				</extensions>
			</trkpt>
			<trkpt lat="-31.41659384" lon="-68.64901704">
				<ele>970.0</ele>
				<time>2025-06-07T19:02:53Z</time>
				<extensions>
					<ns3:TrackPointExtension>
						<ns3:speed>2.3923445</ns3:speed>
						<ns3:cad>78.0</ns3:cad>
						<ns3:hr>176</ns3:hr>
					</ns3:TrackPointExtension>
				</extensions>
			</trkpt>
			<trkpt lat="-31.41653584" lon="-68.64901804">
				<ele>969.0</ele>
				<time>2025-06-07T19:02:55Z</time>
				<extensions>
					<ns3:TrackPointExtension>
						<ns3:speed>2.5125628</ns3:speed>
						<ns3:cad>78.0</ns3:cad>
						<ns3:hr>174</ns3:hr>
					</ns3:TrackPointExtension>
				</extensions>
			</trkpt>
			<trkpt lat="-31.41648684" lon="-68.64901704">
				<ele>969.0</ele>
				<time>2025-06-07T19:02:57Z</time>
				<extensions>
					<ns3:TrackPointExtension>
						<ns3:speed>2.631579</ns3:speed>
						<ns3:cad>78.0</ns3:cad>
						<ns3:hr>174</ns3:hr>
					</ns3:TrackPointExtension>
				</extensions>
			</trkpt>
			<trkpt lat="-31.41641984" lon="-68.64901937">
				<ele>969.0</ele>
				<time>2025-06-07T19:03:00Z</time>
				<extensions>
					<ns3:TrackPointExtension>
						<ns3:speed>2.688172</ns3:speed>
						<ns3:cad>78.0</ns3:cad>
						<ns3:hr>174</ns3:hr>
					</ns3:TrackPointExtension>
				</extensions>
			</trkpt>
			<trkpt lat="-31.41635884" lon="-68.64902837">
				<ele>969.0</ele>
				<time>2025-06-07T19:03:03Z</time>
				<extensions>
					<ns3:TrackPointExtension>
						<ns3:speed>2.6455026</ns3:speed>
						<ns3:cad>78.0</ns3:cad>
						<ns3:hr>172</ns3:hr>
					</ns3:TrackPointExtension>
				</extensions>
			</trkpt>
			<trkpt lat="-31.41631018" lon="-68.6490397">
				<ele>969.0</ele>
				<time>2025-06-07T19:03:06Z</time>
				<extensions>
					<ns3:TrackPointExtension>
						<ns3:speed>2.3923445</ns3:speed>
						<ns3:cad>78.0</ns3:cad>
						<ns3:hr>170</ns3:hr>
					</ns3:TrackPointExtension>
				</extensions>
			</trkpt>
			<trkpt lat="-31.41625985" lon="-68.64907303">
				<ele>969.0</ele>
				<time>2025-06-07T19:03:11Z</time>
				<extensions>
					<ns3:TrackPointExtension>
						<ns3:speed>1.5873016</ns3:speed>
						<ns3:cad>78.0</ns3:cad>
						<ns3:hr>171</ns3:hr>
					</ns3:TrackPointExtension>
				</extensions>
			</trkpt>
			<trkpt lat="-31.41621085" lon="-68.64909136">
				<ele>970.0</ele>
				<time>2025-06-07T19:03:15Z</time>
				<extensions>
					<ns3:TrackPointExtension>
						<ns3:speed>1.3368984</ns3:speed>
						<ns3:cad>78.0</ns3:cad>
						<ns3:hr>174</ns3:hr>
					</ns3:TrackPointExtension>
				</extensions>
			</trkpt>
			<trkpt lat="-31.41613152" lon="-68.64909636">
				<ele>970.0</ele>
				<time>2025-06-07T19:03:19Z</time>
				<extensions>
					<ns3:TrackPointExtension>
						<ns3:speed>1.6447369</ns3:speed>
						<ns3:cad>78.0</ns3:cad>
						<ns3:hr>175</ns3:hr>
					</ns3:TrackPointExtension>
				</extensions>
			</trkpt>
			<trkpt lat="-31.41605752" lon="-68.64910169">
				<ele>970.0</ele>
				<time>2025-06-07T19:03:22Z</time>
				<extensions>
					<ns3:TrackPointExtension>
						<ns3:speed>2.1978023</ns3:speed>
						<ns3:cad>78.0</ns3:cad>
						<ns3:hr>176</ns3:hr>
					</ns3:TrackPointExtension>
				</extensions>
			</trkpt>
			<trkpt lat="-31.41600086" lon="-68.64910835">
				<ele>970.0</ele>
				<time>2025-06-07T19:03:25Z</time>
				<extensions>
					<ns3:TrackPointExtension>
						<ns3:speed>2.4691358</ns3:speed>
						<ns3:cad>78.0</ns3:cad>
						<ns3:hr>176</ns3:hr>
					</ns3:TrackPointExtension>
				</extensions>
			</trkpt>
			<trkpt lat="-31.41595886" lon="-68.64912901">
				<ele>970.0</ele>
				<time>2025-06-07T19:03:29Z</time>
				<extensions>
					<ns3:TrackPointExtension>
						<ns3:speed>1.9230769</ns3:speed>
						<ns3:cad>78.0</ns3:cad>
						<ns3:hr>177</ns3:hr>
					</ns3:TrackPointExtension>
				</extensions>
			</trkpt>
			<trkpt lat="-31.41590953" lon="-68.64915701">
				<ele>970.0</ele>
				<time>2025-06-07T19:03:34Z</time>
				<extensions>
					<ns3:TrackPointExtension>
						<ns3:speed>1.310616</ns3:speed>
						<ns3:cad>78.0</ns3:cad>
						<ns3:hr>178</ns3:hr>
					</ns3:TrackPointExtension>
				</extensions>
			</trkpt>
			<trkpt lat="-31.41586253" lon="-68.64918267">
				<ele>971.0</ele>
				<time>2025-06-07T19:03:39Z</time>
				<extensions>
					<ns3:TrackPointExtension>
						<ns3:speed>1.1764706</ns3:speed>
						<ns3:cad>51.0</ns3:cad>
						<ns3:hr>178</ns3:hr>
					</ns3:TrackPointExtension>
				</extensions>
			</trkpt>
			<trkpt lat="-31.41580853" lon="-68.64919067">
				<ele>971.0</ele>
				<time>2025-06-07T19:03:45Z</time>
				<extensions>
					<ns3:TrackPointExtension>
						<ns3:speed>1.1049724</ns3:speed>
						<ns3:cad>51.0</ns3:cad>
						<ns3:hr>177</ns3:hr>
					</ns3:TrackPointExtension>
				</extensions>
			</trkpt>
			<trkpt lat="-31.4157552" lon="-68.64921633">
				<ele>972.0</ele>
				<time>2025-06-07T19:03:51Z</time>
				<extensions>
					<ns3:TrackPointExtension>
						<ns3:speed>1.0989012</ns3:speed>
						<ns3:cad>51.0</ns3:cad>
						<ns3:hr>178</ns3:hr>
					</ns3:TrackPointExtension>
				</extensions>
			</trkpt>
			<trkpt lat="-31.41567887" lon="-68.64924866">
				<ele>973.0</ele>
				<time>2025-06-07T19:04:14Z</time>
				<extensions>
					<ns3:TrackPointExtension>
						<ns3:speed>0.9852217</ns3:speed>
						<ns3:cad>51.0</ns3:cad>
						<ns3:hr>180</ns3:hr>
					</ns3:TrackPointExtension>
				</extensions>
			</trkpt>
			<trkpt lat="-31.41564054" lon="-68.64928599">
				<ele>975.0</ele>
				<time>2025-06-07T19:04:24Z</time>
				<extensions>
					<ns3:TrackPointExtension>
						<ns3:speed>0.82304525</ns3:speed>
						<ns3:cad>51.0</ns3:cad>
						<ns3:hr>178</ns3:hr>
					</ns3:TrackPointExtension>
				</extensions>
			</trkpt>
			<trkpt lat="-31.41554721" lon="-68.64929499">
				<ele>976.0</ele>
				<time>2025-06-07T19:04:42Z</time>
				<extensions>
					<ns3:TrackPointExtension>
						<ns3:speed>0.76511097</ns3:speed>
						<ns3:cad>51.0</ns3:cad>
						<ns3:hr>176</ns3:hr>
					</ns3:TrackPointExtension>
				</extensions>
			</trkpt>
			<trkpt lat="-31.41548888" lon="-68.64926099">
				<ele>975.0</ele>
				<time>2025-06-07T19:04:45Z</time>
				<extensions>
					<ns3:TrackPointExtension>
						<ns3:speed>1.1173184</ns3:speed>
						<ns3:cad>51.0</ns3:cad>
						<ns3:hr>178</ns3:hr>
					</ns3:TrackPointExtension>
				</extensions>
			</trkpt>
			<trkpt lat="-31.41540688" lon="-68.64924599">
				<ele>974.0</ele>
				<time>2025-06-07T19:04:48Z</time>
				<extensions>
					<ns3:TrackPointExtension>
						<ns3:speed>2.1052632</ns3:speed>
						<ns3:cad>51.0</ns3:cad>
						<ns3:hr>178</ns3:hr>
					</ns3:TrackPointExtension>
				</extensions>
			</trkpt>
			<trkpt lat="-31.41534322" lon="-68.64923233">
				<ele>973.0</ele>
				<time>2025-06-07T19:04:50Z</time>
				<extensions>
					<ns3:TrackPointExtension>
						<ns3:speed>2.617801</ns3:speed>
						<ns3:cad>51.0</ns3:cad>
						<ns3:hr>177</ns3:hr>
					</ns3:TrackPointExtension>
				</extensions>
			</trkpt>
			<trkpt lat="-31.41528122" lon="-68.64921667">
				<ele>972.0</ele>
				<time>2025-06-07T19:04:52Z</time>
				<extensions>
					<ns3:TrackPointExtension>
						<ns3:speed>3.0769231</ns3:speed>
						<ns3:cad>82.0</ns3:cad>
						<ns3:hr>177</ns3:hr>
					</ns3:TrackPointExtension>
				</extensions>
			</trkpt>
			<trkpt lat="-31.41520422" lon="-68.64920667">
				<ele>972.0</ele>
				<time>2025-06-07T19:04:55Z</time>
				<extensions>
					<ns3:TrackPointExtension>
						<ns3:speed>3.3112583</ns3:speed>
						<ns3:cad>82.0</ns3:cad>
						<ns3:hr>178</ns3:hr>
					</ns3:TrackPointExtension>
				</extensions>
			</trkpt>
			<trkpt lat="-31.41514689" lon="-68.649209">
				<ele>972.0</ele>
				<time>2025-06-07T19:04:58Z</time>
				<extensions>
					<ns3:TrackPointExtension>
						<ns3:speed>3.0769231</ns3:speed>
						<ns3:cad>82.0</ns3:cad>
						<ns3:hr>177</ns3:hr>
					</ns3:TrackPointExtension>
				</extensions>
			</trkpt>
			<trkpt lat="-31.41509889" lon="-68.649193">
				<ele>972.0</ele>
				<time>2025-06-07T19:05:01Z</time>
				<extensions>
					<ns3:TrackPointExtension>
						<ns3:speed>2.7777777</ns3:speed>
						<ns3:cad>82.0</ns3:cad>
						<ns3:hr>176</ns3:hr>
					</ns3:TrackPointExtension>
				</extensions>
			</trkpt>
			<trkpt lat="-31.41504223" lon="-68.649154">
				<ele>972.0</ele>
				<time>2025-06-07T19:05:04Z</time>
				<extensions>
					<ns3:TrackPointExtension>
						<ns3:speed>2.5974026</ns3:speed>
						<ns3:cad>81.0</ns3:cad>
						<ns3:hr>176</ns3:hr>
					</ns3:TrackPointExtension>
				</extensions>
			</trkpt>
			<trkpt lat="-31.4149959" lon="-68.649138">
				<ele>972.0</ele>
				<time>2025-06-07T19:05:06Z</time>
				<extensions>
					<ns3:TrackPointExtension>
						<ns3:speed>2.5974026</ns3:speed>
						<ns3:cad>81.0</ns3:cad>
						<ns3:hr>175</ns3:hr>
					</ns3:TrackPointExtension>
				</extensions>
			</trkpt>
			<trkpt lat="-31.4149189" lon="-68.64913634">
				<ele>972.0</ele>
				<time>2025-06-07T19:05:09Z</time>
				<extensions>
					<ns3:TrackPointExtension>
						<ns3:speed>2.65252</ns3:speed>
						<ns3:cad>81.0</ns3:cad>
						<ns3:hr>174</ns3:hr>
					</ns3:TrackPointExtension>
				</extensions>
			</trkpt>
			<trkpt lat="-31.41487224" lon="-68.649154">
				<ele>972.0</ele>
				<time>2025-06-07T19:05:11Z</time>
				<extensions>
					<ns3:TrackPointExtension>
						<ns3:speed>2.7027028</ns3:speed>
						<ns3:cad>81.0</ns3:cad>
						<ns3:hr>173</ns3:hr>
					</ns3:TrackPointExtension>
				</extensions>
			</trkpt>
			<trkpt lat="-31.41481424" lon="-68.64917166">
				<ele>972.0</ele>
				<time>2025-06-07T19:05:14Z</time>
				<extensions>
					<ns3:TrackPointExtension>
						<ns3:speed>2.7027028</ns3:speed>
						<ns3:cad>81.0</ns3:cad>
						<ns3:hr>175</ns3:hr>
					</ns3:TrackPointExtension>
				</extensions>
			</trkpt>
			<trkpt lat="-31.41476824" lon="-68.64918266">
				<ele>972.0</ele>
				<time>2025-06-07T19:05:17Z</time>
				<extensions>
					<ns3:TrackPointExtension>
						<ns3:speed>2.3255813</ns3:speed>
						<ns3:cad>81.0</ns3:cad>
						<ns3:hr>176</ns3:hr>
					</ns3:TrackPointExtension>
				</extensions>
			</trkpt>
			<trkpt lat="-31.41472024" lon="-68.64920666">
				<ele>972.0</ele>
				<time>2025-06-07T19:05:22Z</time>
				<extensions>
					<ns3:TrackPointExtension>
						<ns3:speed>1.4970059</ns3:speed>
						<ns3:cad>81.0</ns3:cad>
						<ns3:hr>176</ns3:hr>
					</ns3:TrackPointExtension>
				</extensions>
			</trkpt>
			<trkpt lat="-31.41468591" lon="-68.64924466">
				<ele>974.0</ele>
				<time>2025-06-07T19:05:29Z</time>
				<extensions>
					<ns3:TrackPointExtension>
						<ns3:speed>0.89285713</ns3:speed>
						<ns3:cad>81.0</ns3:cad>
						<ns3:hr>179</ns3:hr>
					</ns3:TrackPointExtension>
				</extensions>
			</trkpt>
			<trkpt lat="-31.41465791" lon="-68.64930099">
				<ele>975.0</ele>
				<time>2025-06-07T19:05:36Z</time>
				<extensions>
					<ns3:TrackPointExtension>
						<ns3:speed>0.8196721</ns3:speed>
						<ns3:cad>81.0</ns3:cad>
						<ns3:hr>178</ns3:hr>
					</ns3:TrackPointExtension>
				</extensions>
			</trkpt>
			<trkpt lat="-31.41459391" lon="-68.64933365">
				<ele>976.0</ele>
				<time>2025-06-07T19:05:48Z</time>
				<extensions>
					<ns3:TrackPointExtension>
						<ns3:speed>0.8183306</ns3:speed>
						<ns3:cad>81.0</ns3:cad>
						<ns3:hr>178</ns3:hr>
					</ns3:TrackPointExtension>
				</extensions>
			</trkpt>
			<trkpt lat="-31.41452858" lon="-68.64936198">
				<ele>976.0</ele>
				<time>2025-06-07T19:05:51Z</time>
				<extensions>
					<ns3:TrackPointExtension>
						<ns3:speed>1.5948963</ns3:speed>
						<ns3:cad>81.0</ns3:cad>
						<ns3:hr>176</ns3:hr>
					</ns3:TrackPointExtension>
				</extensions>
			</trkpt>
			<trkpt lat="-31.41446392" lon="-68.64938331">
				<ele>976.0</ele>
				<time>2025-06-07T19:05:54Z</time>
				<extensions>
					<ns3:TrackPointExtension>
						<ns3:speed>2.2831051</ns3:speed>
						<ns3:cad>81.0</ns3:cad>
						<ns3:hr>176</ns3:hr>
					</ns3:TrackPointExtension>
				</extensions>
			</trkpt>
			<trkpt lat="-31.41439592" lon="-68.64939964">
				<ele>975.0</ele>
				<time>2025-06-07T19:05:57Z</time>
				<extensions>
					<ns3:TrackPointExtension>
						<ns3:speed>2.4691358</ns3:speed>
						<ns3:cad>80.0</ns3:cad>
						<ns3:hr>175</ns3:hr>
					</ns3:TrackPointExtension>
				</extensions>
			</trkpt>
			<trkpt lat="-31.41432692" lon="-68.6494003">
				<ele>975.0</ele>
				<time>2025-06-07T19:06:00Z</time>
				<extensions>
					<ns3:TrackPointExtension>
						<ns3:speed>2.5188916</ns3:speed>
						<ns3:cad>80.0</ns3:cad>
						<ns3:hr>174</ns3:hr>
					</ns3:TrackPointExtension>
				</extensions>
			</trkpt>
			<trkpt lat="-31.41427559" lon="-68.6494103">
				<ele>975.0</ele>
				<time>2025-06-07T19:06:03Z</time>
				<extensions>
					<ns3:TrackPointExtension>
						<ns3:speed>2.5</ns3:speed>
						<ns3:cad>80.0</ns3:cad>
						<ns3:hr>173</ns3:hr>
					</ns3:TrackPointExtension>
				</extensions>
			</trkpt>
			<trkpt lat="-31.41423326" lon="-68.6494423">
				<ele>975.0</ele>
				<time>2025-06-07T19:06:07Z</time>
				<extensions>
					<ns3:TrackPointExtension>
						<ns3:speed>1.8867924</ns3:speed>
						<ns3:cad>80.0</ns3:cad>
						<ns3:hr>173</ns3:hr>
					</ns3:TrackPointExtension>
				</extensions>
			</trkpt>
			<trkpt lat="-31.4141926" lon="-68.6494723">
				<ele>975.0</ele>
				<time>2025-06-07T19:06:12Z</time>
				<extensions>
					<ns3:TrackPointExtension>
						<ns3:speed>1.3333334</ns3:speed>
						<ns3:cad>80.0</ns3:cad>
						<ns3:hr>177</ns3:hr>
					</ns3:TrackPointExtension>
				</extensions>
			</trkpt>
			<trkpt lat="-31.4140846" lon="-68.64949963">
				<ele>977.0</ele>
				<time>2025-06-07T19:06:50Z</time>
				<extensions>
					<ns3:TrackPointExtension>
						<ns3:speed>0.60240966</ns3:speed>
						<ns3:cad>80.0</ns3:cad>
						<ns3:hr>172</ns3:hr>
					</ns3:TrackPointExtension>
				</extensions>
			</trkpt>
			<trkpt lat="-31.41400627" lon="-68.64948063">
				<ele>978.0</ele>
				<time>2025-06-07T19:06:53Z</time>
				<extensions>
					<ns3:TrackPointExtension>
						<ns3:speed>0.5405405</ns3:speed>
						<ns3:cad>80.0</ns3:cad>
						<ns3:hr>172</ns3:hr>
					</ns3:TrackPointExtension>
				</extensions>
			</trkpt>
			<trkpt lat="-31.41395527" lon="-68.64947297">
				<ele>978.0</ele>
				<time>2025-06-07T19:06:55Z</time>
				<extensions>
					<ns3:TrackPointExtension>
						<ns3:speed>1.9047619</ns3:speed>
						<ns3:cad>80.0</ns3:cad>
						<ns3:hr>173</ns3:hr>
					</ns3:TrackPointExtension>
				</extensions>
			</trkpt>
			<trkpt lat="-31.41389527" lon="-68.64946064">
				<ele>979.0</ele>
				<time>2025-06-07T19:06:58Z</time>
				<extensions>
					<ns3:TrackPointExtension>
						<ns3:speed>2.5641026</ns3:speed>
						<ns3:cad>80.0</ns3:cad>
						<ns3:hr>174</ns3:hr>
					</ns3:TrackPointExtension>
				</extensions>
			</trkpt>
			<trkpt lat="-31.41383061" lon="-68.64942864">
				<ele>979.0</ele>
				<time>2025-06-07T19:07:01Z</time>
				<extensions>
					<ns3:TrackPointExtension>
						<ns3:speed>2.4509804</ns3:speed>
						<ns3:cad>80.0</ns3:cad>
						<ns3:hr>173</ns3:hr>
					</ns3:TrackPointExtension>
				</extensions>
			</trkpt>
			<trkpt lat="-31.41376395" lon="-68.64939464">
				<ele>979.0</ele>
				<time>2025-06-07T19:07:04Z</time>
				<extensions>
					<ns3:TrackPointExtension>
						<ns3:speed>2.5</ns3:speed>
						<ns3:cad>80.0</ns3:cad>
						<ns3:hr>173</ns3:hr>
					</ns3:TrackPointExtension>
				</extensions>
			</trkpt>
			<trkpt lat="-31.41370329" lon="-68.64936364">
				<ele>980.0</ele>
				<time>2025-06-07T19:07:07Z</time>
				<extensions>
					<ns3:TrackPointExtension>
						<ns3:speed>2.5445292</ns3:speed>
						<ns3:cad>80.0</ns3:cad>
						<ns3:hr>172</ns3:hr>
					</ns3:TrackPointExtension>
				</extensions>
			</trkpt>
			<trkpt lat="-31.41364696" lon="-68.64933631">
				<ele>980.0</ele>
				<time>2025-06-07T19:07:10Z</time>
				<extensions>
					<ns3:TrackPointExtension>
						<ns3:speed>2.5316455</ns3:speed>
						<ns3:cad>80.0</ns3:cad>
						<ns3:hr>170</ns3:hr>
					</ns3:TrackPointExtension>
				</extensions>
			</trkpt>
			<trkpt lat="-31.4135913" lon="-68.64931931">
				<ele>980.0</ele>
				<time>2025-06-07T19:07:13Z</time>
				<extensions>
					<ns3:TrackPointExtension>
						<ns3:speed>2.4691358</ns3:speed>
						<ns3:cad>80.0</ns3:cad>
						<ns3:hr>168</ns3:hr>
					</ns3:TrackPointExtension>
				</extensions>
			</trkpt>
			<trkpt lat="-31.41352997" lon="-68.64931964">
				<ele>981.0</ele>
				<time>2025-06-07T19:07:16Z</time>
				<extensions>
					<ns3:TrackPointExtension>
						<ns3:speed>2.4390244</ns3:speed>
						<ns3:cad>80.0</ns3:cad>
						<ns3:hr>167</ns3:hr>
					</ns3:TrackPointExtension>
				</extensions>
			</trkpt>
			<trkpt lat="-31.41346297" lon="-68.6493373">
				<ele>981.0</ele>
				<time>2025-06-07T19:07:20Z</time>
				<extensions>
					<ns3:TrackPointExtension>
						<ns3:speed>2.3809524</ns3:speed>
						<ns3:cad>80.0</ns3:cad>
						<ns3:hr>167</ns3:hr>
					</ns3:TrackPointExtension>
				</extensions>
			</trkpt>
			<trkpt lat="-31.41341497" lon="-68.6493723">
				<ele>982.0</ele>
				<time>2025-06-07T19:07:24Z</time>
				<extensions>
					<ns3:TrackPointExtension>
						<ns3:speed>2.173913</ns3:speed>
						<ns3:cad>80.0</ns3:cad>
						<ns3:hr>168</ns3:hr>
					</ns3:TrackPointExtension>
				</extensions>
			</trkpt>
			<trkpt lat="-31.41337497" lon="-68.64941663">
				<ele>983.0</ele>
				<time>2025-06-07T19:07:28Z</time>
				<extensions>
					<ns3:TrackPointExtension>
						<ns3:speed>1.6528926</ns3:speed>
						<ns3:cad>80.0</ns3:cad>
						<ns3:hr>170</ns3:hr>
					</ns3:TrackPointExtension>
				</extensions>
			</trkpt>
			<trkpt lat="-31.41330531" lon="-68.64944629">
				<ele>984.0</ele>
				<time>2025-06-07T19:07:32Z</time>
				<extensions>
					<ns3:TrackPointExtension>
						<ns3:speed>1.607717</ns3:speed>
						<ns3:cad>80.0</ns3:cad>
						<ns3:hr>172</ns3:hr>
					</ns3:TrackPointExtension>
				</extensions>
			</trkpt>
			<trkpt lat="-31.41323965" lon="-68.64946062">
				<ele>984.0</ele>
				<time>2025-06-07T19:07:35Z</time>
				<extensions>
					<ns3:TrackPointExtension>
						<ns3:speed>1.9120458</ns3:speed>
						<ns3:cad>80.0</ns3:cad>
						<ns3:hr>174</ns3:hr>
					</ns3:TrackPointExtension>
				</extensions>
			</trkpt>
			<trkpt lat="-31.41316565" lon="-68.64946495">
				<ele>984.0</ele>
				<time>2025-06-07T19:07:38Z</time>
				<extensions>
					<ns3:TrackPointExtension>
						<ns3:speed>2.3529413</ns3:speed>
						<ns3:cad>80.0</ns3:cad>
						<ns3:hr>175</ns3:hr>
					</ns3:TrackPointExtension>
				</extensions>
			</trkpt>
			<trkpt lat="-31.41309132" lon="-68.64946995">
				<ele>983.0</ele>
				<time>2025-06-07T19:07:41Z</time>
				<extensions>
					<ns3:TrackPointExtension>
						<ns3:speed>2.5974026</ns3:speed>
						<ns3:cad>80.0</ns3:cad>
						<ns3:hr>175</ns3:hr>
					</ns3:TrackPointExtension>
				</extensions>
			</trkpt>
			<trkpt lat="-31.41303932" lon="-68.64947395">
				<ele>983.0</ele>
				<time>2025-06-07T19:07:43Z</time>
				<extensions>
					<ns3:TrackPointExtension>
						<ns3:speed>2.7027028</ns3:speed>
						<ns3:cad>79.0</ns3:cad>
						<ns3:hr>175</ns3:hr>
					</ns3:TrackPointExtension>
				</extensions>
			</trkpt>
			<trkpt lat="-31.41298799" lon="-68.64948128">
				<ele>982.0</ele>
				<time>2025-06-07T19:07:45Z</time>
				<extensions>
					<ns3:TrackPointExtension>
						<ns3:speed>2.7777777</ns3:speed>
						<ns3:cad>79.0</ns3:cad>
						<ns3:hr>175</ns3:hr>
					</ns3:TrackPointExtension>
				</extensions>
			</trkpt>
			<trkpt lat="-31.41293166" lon="-68.64950094">
				<ele>981.0</ele>
				<time>2025-06-07T19:07:48Z</time>
				<extensions>
					<ns3:TrackPointExtension>
						<ns3:speed>2.7777777</ns3:speed>
						<ns3:cad>79.0</ns3:cad>
						<ns3:hr>175</ns3:hr>
					</ns3:TrackPointExtension>
				</extensions>
			</trkpt>
			<trkpt lat="-31.41289233" lon="-68.64951527">
				<ele>981.0</ele>
				<time>2025-06-07T19:07:52Z</time>
				<extensions>
					<ns3:TrackPointExtension>
						<ns3:speed>2.0120723</ns3:speed>
						<ns3:cad>79.0</ns3:cad>
						<ns3:hr>174</ns3:hr>
					</ns3:TrackPointExtension>
				</extensions>
			</trkpt>
			<trkpt lat="-31.41285133" lon="-68.64955693">
				<ele>982.0</ele>
				<time>2025-06-07T19:08:00Z</time>
				<extensions>
					<ns3:TrackPointExtension>
						<ns3:speed>0.80775446</ns3:speed>
						<ns3:cad>79.0</ns3:cad>
						<ns3:hr>180</ns3:hr>
					</ns3:TrackPointExtension>
				</extensions>
			</trkpt>
			<trkpt lat="-31.41281367" lon="-68.64959026">
				<ele>984.0</ele>
				<time>2025-06-07T19:08:10Z</time>
				<extensions>
					<ns3:TrackPointExtension>
						<ns3:speed>0.67114097</ns3:speed>
						<ns3:cad>73.0</ns3:cad>
						<ns3:hr>181</ns3:hr>
					</ns3:TrackPointExtension>
				</extensions>
			</trkpt>
			<trkpt lat="-31.41276267" lon="-68.64961792">
				<ele>986.0</ele>
				<time>2025-06-07T19:08:21Z</time>
				<extensions>
					<ns3:TrackPointExtension>
						<ns3:speed>0.6309148</ns3:speed>
						<ns3:cad>73.0</ns3:cad>
						<ns3:hr>180</ns3:hr>
					</ns3:TrackPointExtension>
				</extensions>
			</trkpt>
			<trkpt lat="-31.41270067" lon="-68.64963725">
				<ele>987.0</ele>
				<time>2025-06-07T19:08:28Z</time>
				<extensions>
					<ns3:TrackPointExtension>
						<ns3:speed>0.68587106</ns3:speed>
						<ns3:cad>73.0</ns3:cad>
						<ns3:hr>178</ns3:hr>
					</ns3:TrackPointExtension>
				</extensions>
			</trkpt>
			<trkpt lat="-31.41263834" lon="-68.64962225">
				<ele>987.0</ele>
				<time>2025-06-07T19:08:32Z</time>
				<extensions>
					<ns3:TrackPointExtension>
						<ns3:speed>1.242236</ns3:speed>
						<ns3:cad>73.0</ns3:cad>
						<ns3:hr>179</ns3:hr>
					</ns3:TrackPointExtension>
				</extensions>
			</trkpt>
			<trkpt lat="-31.41258334" lon="-68.64959292">
				<ele>988.0</ele>
				<time>2025-06-07T19:08:35Z</time>
				<extensions>
					<ns3:TrackPointExtension>
						<ns3:speed>1.7482518</ns3:speed>
						<ns3:cad>73.0</ns3:cad>
						<ns3:hr>179</ns3:hr>
					</ns3:TrackPointExtension>
				</extensions>
			</trkpt>
			<trkpt lat="-31.41250034" lon="-68.64957692">
				<ele>987.0</ele>
				<time>2025-06-07T19:08:38Z</time>
				<extensions>
					<ns3:TrackPointExtension>
						<ns3:speed>2.3696682</ns3:speed>
						<ns3:cad>73.0</ns3:cad>
						<ns3:hr>179</ns3:hr>
					</ns3:TrackPointExtension>
				</extensions>
			</trkpt>
			<trkpt lat="-31.41244634" lon="-68.64957925">
				<ele>987.0</ele>
				<time>2025-06-07T19:08:40Z</time>
				<extensions>
					<ns3:TrackPointExtension>
						<ns3:speed>2.739726</ns3:speed>
						<ns3:cad>73.0</ns3:cad>
						<ns3:hr>181</ns3:hr>
					</ns3:TrackPointExtension>
				</extensions>
			</trkpt>
			<trkpt lat="-31.41238901" lon="-68.64957559">
				<ele>986.0</ele>
				<time>2025-06-07T19:08:43Z</time>
				<extensions>
					<ns3:TrackPointExtension>
						<ns3:speed>2.739726</ns3:speed>
						<ns3:cad>73.0</ns3:cad>
						<ns3:hr>181</ns3:hr>
					</ns3:TrackPointExtension>
				</extensions>
			</trkpt>
			<trkpt lat="-31.41234301" lon="-68.64955359">
				<ele>986.0</ele>
				<time>2025-06-07T19:08:46Z</time>
				<extensions>
					<ns3:TrackPointExtension>
						<ns3:speed>2.5</ns3:speed>
						<ns3:cad>73.0</ns3:cad>
						<ns3:hr>181</ns3:hr>
					</ns3:TrackPointExtension>
				</extensions>
			</trkpt>
			<trkpt lat="-31.41229135" lon="-68.64950559">
				<ele>985.0</ele>
				<time>2025-06-07T19:08:49Z</time>
				<extensions>
					<ns3:TrackPointExtension>
						<ns3:speed>2.1978023</ns3:speed>
						<ns3:cad>73.0</ns3:cad>
						<ns3:hr>182</ns3:hr>
					</ns3:TrackPointExtension>
				</extensions>
			</trkpt>
			<trkpt lat="-31.41225269" lon="-68.64946693">
				<ele>985.0</ele>
				<time>2025-06-07T19:08:51Z</time>
				<extensions>
					<ns3:TrackPointExtension>
						<ns3:speed>2.2988505</ns3:speed>
						<ns3:cad>73.0</ns3:cad>
						<ns3:hr>182</ns3:hr>
					</ns3:TrackPointExtension>
				</extensions>
			</trkpt>
			<trkpt lat="-31.41221469" lon="-68.64943027">
				<ele>984.0</ele>
				<time>2025-06-07T19:08:53Z</time>
				<extensions>
					<ns3:TrackPointExtension>
						<ns3:speed>2.4691358</ns3:speed>
						<ns3:cad>78.0</ns3:cad>
						<ns3:hr>181</ns3:hr>
					</ns3:TrackPointExtension>
				</extensions>
			</trkpt>
			<trkpt lat="-31.41216936" lon="-68.64938794">
				<ele>983.0</ele>
				<time>2025-06-07T19:08:56Z</time>
				<extensions>
					<ns3:TrackPointExtension>
						<ns3:speed>2.5641026</ns3:speed>
						<ns3:cad>78.0</ns3:cad>
						<ns3:hr>180</ns3:hr>
					</ns3:TrackPointExtension>
				</extensions>
			</trkpt>
			<trkpt lat="-31.41211836" lon="-68.64935128">
				<ele>983.0</ele>
				<time>2025-06-07T19:09:00Z</time>
				<extensions>
					<ns3:TrackPointExtension>
						<ns3:speed>2.1505377</ns3:speed>
						<ns3:cad>78.0</ns3:cad>
						<ns3:hr>180</ns3:hr>
					</ns3:TrackPointExtension>
				</extensions>
			</trkpt>
			<trkpt lat="-31.41206503" lon="-68.64933128">
				<ele>983.0</ele>
				<time>2025-06-07T19:09:05Z</time>
				<extensions>
					<ns3:TrackPointExtension>
						<ns3:speed>1.5267175</ns3:speed>
						<ns3:cad>78.0</ns3:cad>
						<ns3:hr>181</ns3:hr>
					</ns3:TrackPointExtension>
				</extensions>
			</trkpt>
			<trkpt lat="-31.41200437" lon="-68.64938128">
				<ele>983.0</ele>
				<time>2025-06-07T19:10:11Z</time>
				<extensions>
					<ns3:TrackPointExtension>
						<ns3:speed>0.7751938</ns3:speed>
						<ns3:cad>79.0</ns3:cad>
						<ns3:hr>176</ns3:hr>
					</ns3:TrackPointExtension>
				</extensions>
			</trkpt>
			<trkpt lat="-31.41199437" lon="-68.64944294">
				<ele>986.0</ele>
				<time>2025-06-07T19:10:17Z</time>
				<extensions>
					<ns3:TrackPointExtension>
						<ns3:speed>0.75757575</ns3:speed>
						<ns3:cad>79.0</ns3:cad>
						<ns3:hr>172</ns3:hr>
					</ns3:TrackPointExtension>
				</extensions>
			</trkpt>
			<trkpt lat="-31.41197837" lon="-68.6494966">
				<ele>988.0</ele>
				<time>2025-06-07T19:10:24Z</time>
				<extensions>
					<ns3:TrackPointExtension>
						<ns3:speed>0.8032129</ns3:speed>
						<ns3:cad>51.0</ns3:cad>
						<ns3:hr>169</ns3:hr>
					</ns3:TrackPointExtension>
				</extensions>
			</trkpt>
			<trkpt lat="-31.41193237" lon="-68.64953993">
				<ele>989.0</ele>
				<time>2025-06-07T19:10:32Z</time>
				<extensions>
					<ns3:TrackPointExtension>
						<ns3:speed>0.798722</ns3:speed>
						<ns3:cad>51.0</ns3:cad>
						<ns3:hr>168</ns3:hr>
					</ns3:TrackPointExtension>
				</extensions>
			</trkpt>
			<trkpt lat="-31.41188137" lon="-68.64954626">
				<ele>991.0</ele>
				<time>2025-06-07T19:10:40Z</time>
				<extensions>
					<ns3:TrackPointExtension>
						<ns3:speed>0.8</ns3:speed>
						<ns3:cad>51.0</ns3:cad>
						<ns3:hr>171</ns3:hr>
					</ns3:TrackPointExtension>
				</extensions>
			</trkpt>
			<trkpt lat="-31.41182904" lon="-68.64954526">
				<ele>992.0</ele>
				<time>2025-06-07T19:10:48Z</time>
				<extensions>
					<ns3:TrackPointExtension>
						<ns3:speed>0.7751938</ns3:speed>
						<ns3:cad>45.0</ns3:cad>
						<ns3:hr>171</ns3:hr>
					</ns3:TrackPointExtension>
				</extensions>
			</trkpt>
			<trkpt lat="-31.41177438" lon="-68.64953826">
				<ele>993.0</ele>
				<time>2025-06-07T19:10:55Z</time>
				<extensions>
					<ns3:TrackPointExtension>
						<ns3:speed>0.78431374</ns3:speed>
						<ns3:cad>45.0</ns3:cad>
						<ns3:hr>171</ns3:hr>
					</ns3:TrackPointExtension>
				</extensions>
			</trkpt>
			<trkpt lat="-31.41173272" lon="-68.64950793">
				<ele>994.0</ele>
				<time>2025-06-07T19:11:02Z</time>
				<extensions>
					<ns3:TrackPointExtension>
						<ns3:speed>0.7949126</ns3:speed>
						<ns3:cad>45.0</ns3:cad>
						<ns3:hr>171</ns3:hr>
					</ns3:TrackPointExtension>
				</extensions>
			</trkpt>
			<trkpt lat="-31.41167106" lon="-68.64949227">
				<ele>996.0</ele>
				<time>2025-06-07T19:11:09Z</time>
				<extensions>
					<ns3:TrackPointExtension>
						<ns3:speed>0.80515295</ns3:speed>
						<ns3:cad>45.0</ns3:cad>
						<ns3:hr>172</ns3:hr>
					</ns3:TrackPointExtension>
				</extensions>
			</trkpt>
			<trkpt lat="-31.41162173" lon="-68.64949094">
				<ele>997.0</ele>
				<time>2025-06-07T19:11:16Z</time>
				<extensions>
					<ns3:TrackPointExtension>
						<ns3:speed>0.83194673</ns3:speed>
						<ns3:cad>45.0</ns3:cad>
						<ns3:hr>173</ns3:hr>
					</ns3:TrackPointExtension>
				</extensions>
			</trkpt>
			<trkpt lat="-31.41156373" lon="-68.6494956">
				<ele>998.0</ele>
				<time>2025-06-07T19:11:24Z</time>
				<extensions>
					<ns3:TrackPointExtension>
						<ns3:speed>0.8097166</ns3:speed>
						<ns3:cad>45.0</ns3:cad>
						<ns3:hr>173</ns3:hr>
					</ns3:TrackPointExtension>
				</extensions>
			</trkpt>
			<trkpt lat="-31.41150907" lon="-68.64949527">
				<ele>998.0</ele>
				<time>2025-06-07T19:11:28Z</time>
				<extensions>
					<ns3:TrackPointExtension>
						<ns3:speed>0.84388185</ns3:speed>
						<ns3:cad>45.0</ns3:cad>
						<ns3:hr>172</ns3:hr>
					</ns3:TrackPointExtension>
				</extensions>
			</trkpt>
			<trkpt lat="-31.41146341" lon="-68.64947827">
				<ele>998.0</ele>
				<time>2025-06-07T19:11:33Z</time>
				<extensions>
					<ns3:TrackPointExtension>
						<ns3:speed>0.92336106</ns3:speed>
						<ns3:cad>45.0</ns3:cad>
						<ns3:hr>173</ns3:hr>
					</ns3:TrackPointExtension>
				</extensions>
			</trkpt>
			<trkpt lat="-31.41141241" lon="-68.64945527">
				<ele>998.0</ele>
				<time>2025-06-07T19:11:38Z</time>
				<extensions>
					<ns3:TrackPointExtension>
						<ns3:speed>0.9433962</ns3:speed>
						<ns3:cad>45.0</ns3:cad>
						<ns3:hr>174</ns3:hr>
					</ns3:TrackPointExtension>
				</extensions>
			</trkpt>
			<trkpt lat="-31.41136508" lon="-68.64942727">
				<ele>998.0</ele>
				<time>2025-06-07T19:11:45Z</time>
				<extensions>
					<ns3:TrackPointExtension>
						<ns3:speed>0.9569378</ns3:speed>
						<ns3:cad>45.0</ns3:cad>
						<ns3:hr>178</ns3:hr>
					</ns3:TrackPointExtension>
				</extensions>
			</trkpt>
			<trkpt lat="-31.41131508" lon="-68.64939861">
				<ele>998.0</ele>
				<time>2025-06-07T19:11:51Z</time>
				<extensions>
					<ns3:TrackPointExtension>
						<ns3:speed>0.9784736</ns3:speed>
						<ns3:cad>45.0</ns3:cad>
						<ns3:hr>178</ns3:hr>
					</ns3:TrackPointExtension>
				</extensions>
			</trkpt>
			<trkpt lat="-31.41127475" lon="-68.64936328">
				<ele>999.0</ele>
				<time>2025-06-07T19:11:58Z</time>
				<extensions>
					<ns3:TrackPointExtension>
						<ns3:speed>0.9569378</ns3:speed>
						<ns3:cad>45.0</ns3:cad>
						<ns3:hr>176</ns3:hr>
					</ns3:TrackPointExtension>
				</extensions>
			</trkpt>
			<trkpt lat="-31.41122509" lon="-68.64935028">
				<ele>1001.0</ele>
				<time>2025-06-07T19:12:04Z</time>
				<extensions>
					<ns3:TrackPointExtension>
						<ns3:speed>0.9407338</ns3:speed>
						<ns3:cad>46.0</ns3:cad>
						<ns3:hr>176</ns3:hr>
					</ns3:TrackPointExtension>
				</extensions>
			</trkpt>
			<trkpt lat="-31.41116943" lon="-68.64935028">
				<ele>1002.0</ele>
				<time>2025-06-07T19:12:13Z</time>
				<extensions>
					<ns3:TrackPointExtension>
						<ns3:speed>0.9049774</ns3:speed>
						<ns3:cad>45.0</ns3:cad>
						<ns3:hr>174</ns3:hr>
					</ns3:TrackPointExtension>
				</extensions>
			</trkpt>
			<trkpt lat="-31.4111121" lon="-68.64935828">
				<ele>1003.0</ele>
				<time>2025-06-07T19:12:20Z</time>
				<extensions>
					<ns3:TrackPointExtension>
						<ns3:speed>0.88105726</ns3:speed>
						<ns3:cad>45.0</ns3:cad>
						<ns3:hr>176</ns3:hr>
					</ns3:TrackPointExtension>
				</extensions>
			</trkpt>
			<trkpt lat="-31.41105877" lon="-68.64936261">
				<ele>1004.0</ele>
				<time>2025-06-07T19:12:27Z</time>
				<extensions>
					<ns3:TrackPointExtension>
						<ns3:speed>0.877193</ns3:speed>
						<ns3:cad>46.0</ns3:cad>
						<ns3:hr>175</ns3:hr>
					</ns3:TrackPointExtension>
				</extensions>
			</trkpt>
			<trkpt lat="-31.41100211" lon="-68.64935595">
				<ele>1005.0</ele>
				<time>2025-06-07T19:12:33Z</time>
				<extensions>
					<ns3:TrackPointExtension>
						<ns3:speed>0.89928055</ns3:speed>
						<ns3:cad>46.0</ns3:cad>
						<ns3:hr>175</ns3:hr>
					</ns3:TrackPointExtension>
				</extensions>
			</trkpt>
			<trkpt lat="-31.41095578" lon="-68.64936595">
				<ele>1005.0</ele>
				<time>2025-06-07T19:12:38Z</time>
				<extensions>
					<ns3:TrackPointExtension>
						<ns3:speed>0.921659</ns3:speed>
						<ns3:cad>46.0</ns3:cad>
						<ns3:hr>175</ns3:hr>
					</ns3:TrackPointExtension>
				</extensions>
			</trkpt>
			<trkpt lat="-31.41090345" lon="-68.64936761">
				<ele>1006.0</ele>
				<time>2025-06-07T19:12:44Z</time>
				<extensions>
					<ns3:TrackPointExtension>
						<ns3:speed>0.9328358</ns3:speed>
						<ns3:cad>46.0</ns3:cad>
						<ns3:hr>174</ns3:hr>
					</ns3:TrackPointExtension>
				</extensions>
			</trkpt>
			<trkpt lat="-31.41084779" lon="-68.64937961">
				<ele>1007.0</ele>
				<time>2025-06-07T19:12:50Z</time>
				<extensions>
					<ns3:TrackPointExtension>
						<ns3:speed>0.9433962</ns3:speed>
						<ns3:cad>46.0</ns3:cad>
						<ns3:hr>177</ns3:hr>
					</ns3:TrackPointExtension>
				</extensions>
			</trkpt>
			<trkpt lat="-31.41081413" lon="-68.64941427">
				<ele>1008.0</ele>
				<time>2025-06-07T19:12:58Z</time>
				<extensions>
					<ns3:TrackPointExtension>
						<ns3:speed>0.9157509</ns3:speed>
						<ns3:cad>46.0</ns3:cad>
						<ns3:hr>174</ns3:hr>
					</ns3:TrackPointExtension>
				</extensions>
			</trkpt>
			<trkpt lat="-31.41079913" lon="-68.6494746">
				<ele>1009.0</ele>
				<time>2025-06-07T19:13:06Z</time>
				<extensions>
					<ns3:TrackPointExtension>
						<ns3:speed>0.8718396</ns3:speed>
						<ns3:cad>46.0</ns3:cad>
						<ns3:hr>177</ns3:hr>
					</ns3:TrackPointExtension>
				</extensions>
			</trkpt>
			<trkpt lat="-31.41075847" lon="-68.64953226">
				<ele>1011.0</ele>
				<time>2025-06-07T19:13:14Z</time>
				<extensions>
					<ns3:TrackPointExtension>
						<ns3:speed>0.85106385</ns3:speed>
						<ns3:cad>46.0</ns3:cad>
						<ns3:hr>177</ns3:hr>
					</ns3:TrackPointExtension>
				</extensions>
			</trkpt>
			<trkpt lat="-31.41070714" lon="-68.64955826">
				<ele>1011.0</ele>
				<time>2025-06-07T19:13:17Z</time>
				<extensions>
					<ns3:TrackPointExtension>
						<ns3:speed>1.2121212</ns3:speed>
						<ns3:cad>46.0</ns3:cad>
						<ns3:hr>178</ns3:hr>
					</ns3:TrackPointExtension>
				</extensions>
			</trkpt>
			<trkpt lat="-31.41065114" lon="-68.64958026">
				<ele>1011.0</ele>
				<time>2025-06-07T19:13:20Z</time>
				<extensions>
					<ns3:TrackPointExtension>
						<ns3:speed>1.8691589</ns3:speed>
						<ns3:cad>78.0</ns3:cad>
						<ns3:hr>176</ns3:hr>
					</ns3:TrackPointExtension>
				</extensions>
			</trkpt>
			<trkpt lat="-31.41059214" lon="-68.64958859">
				<ele>1011.0</ele>
				<time>2025-06-07T19:13:23Z</time>
				<extensions>
					<ns3:TrackPointExtension>
						<ns3:speed>2.096436</ns3:speed>
						<ns3:cad>78.0</ns3:cad>
						<ns3:hr>175</ns3:hr>
					</ns3:TrackPointExtension>
				</extensions>
			</trkpt>
			<trkpt lat="-31.41053648" lon="-68.64958826">
				<ele>1011.0</ele>
				<time>2025-06-07T19:13:26Z</time>
				<extensions>
					<ns3:TrackPointExtension>
						<ns3:speed>2.1505377</ns3:speed>
						<ns3:cad>78.0</ns3:cad>
						<ns3:hr>175</ns3:hr>
					</ns3:TrackPointExtension>
				</extensions>
			</trkpt>
			<trkpt lat="-31.41048615" lon="-68.64957193">
				<ele>1011.0</ele>
				<time>2025-06-07T19:13:29Z</time>
				<extensions>
					<ns3:TrackPointExtension>
						<ns3:speed>2.053388</ns3:speed>
						<ns3:cad>78.0</ns3:cad>
						<ns3:hr>174</ns3:hr>
					</ns3:TrackPointExtension>
				</extensions>
			</trkpt>
			<trkpt lat="-31.41042915" lon="-68.64955627">
				<ele>1010.0</ele>
				<time>2025-06-07T19:13:32Z</time>
				<extensions>
					<ns3:TrackPointExtension>
						<ns3:speed>2.0</ns3:speed>
						<ns3:cad>78.0</ns3:cad>
						<ns3:hr>172</ns3:hr>
					</ns3:TrackPointExtension>
				</extensions>
			</trkpt>
			<trkpt lat="-31.41036315" lon="-68.64954827">
				<ele>1010.0</ele>
				<time>2025-06-07T19:13:35Z</time>
				<extensions>
					<ns3:TrackPointExtension>
						<ns3:speed>2.0491803</ns3:speed>
						<ns3:cad>78.0</ns3:cad>
						<ns3:hr>172</ns3:hr>
					</ns3:TrackPointExtension>
				</extensions>
			</trkpt>
			<trkpt lat="-31.41031482" lon="-68.64954927">
				<ele>1010.0</ele>
				<time>2025-06-07T19:13:37Z</time>
				<extensions>
					<ns3:TrackPointExtension>
						<ns3:speed>2.173913</ns3:speed>
						<ns3:cad>78.0</ns3:cad>
						<ns3:hr>172</ns3:hr>
					</ns3:TrackPointExtension>
				</extensions>
			</trkpt>
			<trkpt lat="-31.41025682" lon="-68.64955193">
				<ele>1009.0</ele>
				<time>2025-06-07T19:13:40Z</time>
				<extensions>
					<ns3:TrackPointExtension>
						<ns3:speed>2.3419204</ns3:speed>
						<ns3:cad>78.0</ns3:cad>
						<ns3:hr>171</ns3:hr>
					</ns3:TrackPointExtension>
				</extensions>
			</trkpt>
			<trkpt lat="-31.41020149" lon="-68.64956826">
				<ele>1009.0</ele>
				<time>2025-06-07T19:13:43Z</time>
				<extensions>
					<ns3:TrackPointExtension>
						<ns3:speed>2.3255813</ns3:speed>
						<ns3:cad>78.0</ns3:cad>
						<ns3:hr>173</ns3:hr>
					</ns3:TrackPointExtension>
				</extensions>
			</trkpt>
			<trkpt lat="-31.41013949" lon="-68.64958192">
				<ele>1009.0</ele>
				<time>2025-06-07T19:13:46Z</time>
				<extensions>
					<ns3:TrackPointExtension>
						<ns3:speed>2.2624435</ns3:speed>
						<ns3:cad>78.0</ns3:cad>
						<ns3:hr>174</ns3:hr>
					</ns3:TrackPointExtension>
				</extensions>
			</trkpt>
			<trkpt lat="-31.41007616" lon="-68.64958092">
				<ele>1009.0</ele>
				<time>2025-06-07T19:13:49Z</time>
				<extensions>
					<ns3:TrackPointExtension>
						<ns3:speed>2.2727273</ns3:speed>
						<ns3:cad>78.0</ns3:cad>
						<ns3:hr>174</ns3:hr>
					</ns3:TrackPointExtension>
				</extensions>
			</trkpt>
			<trkpt lat="-31.4100165" lon="-68.64957959">
				<ele>1009.0</ele>
				<time>2025-06-07T19:13:52Z</time>
				<extensions>
					<ns3:TrackPointExtension>
						<ns3:speed>2.2988505</ns3:speed>
						<ns3:cad>78.0</ns3:cad>
						<ns3:hr>174</ns3:hr>
					</ns3:TrackPointExtension>
				</extensions>
			</trkpt>
			<trkpt lat="-31.40995917" lon="-68.64958492">
				<ele>1009.0</ele>
				<time>2025-06-07T19:13:56Z</time>
				<extensions>
					<ns3:TrackPointExtension>
						<ns3:speed>2.1276596</ns3:speed>
						<ns3:cad>78.0</ns3:cad>
						<ns3:hr>174</ns3:hr>
					</ns3:TrackPointExtension>
				</extensions>
			</trkpt>
			<trkpt lat="-31.40990451" lon="-68.64958059">
				<ele>1009.0</ele>
				<time>2025-06-07T19:14:01Z</time>
				<extensions>
					<ns3:TrackPointExtension>
						<ns3:speed>1.5037594</ns3:speed>
						<ns3:cad>78.0</ns3:cad>
						<ns3:hr>175</ns3:hr>
					</ns3:TrackPointExtension>
				</extensions>
			</trkpt>
			<trkpt lat="-31.40985585" lon="-68.64958525">
				<ele>1009.0</ele>
				<time>2025-06-07T19:14:06Z</time>
				<extensions>
					<ns3:TrackPointExtension>
						<ns3:speed>1.1273957</ns3:speed>
						<ns3:cad>78.0</ns3:cad>
						<ns3:hr>175</ns3:hr>
					</ns3:TrackPointExtension>
				</extensions>
			</trkpt>
			<trkpt lat="-31.40980685" lon="-68.64957159">
				<ele>1010.0</ele>
				<time>2025-06-07T19:14:13Z</time>
				<extensions>
					<ns3:TrackPointExtension>
						<ns3:speed>0.9881423</ns3:speed>
						<ns3:cad>52.0</ns3:cad>
						<ns3:hr>174</ns3:hr>
					</ns3:TrackPointExtension>
				</extensions>
			</trkpt>
			<trkpt lat="-31.40975285" lon="-68.64957759">
				<ele>1011.0</ele>
				<time>2025-06-07T19:14:22Z</time>
				<extensions>
					<ns3:TrackPointExtension>
						<ns3:speed>0.83682007</ns3:speed>
						<ns3:cad>52.0</ns3:cad>
						<ns3:hr>172</ns3:hr>
					</ns3:TrackPointExtension>
				</extensions>
			</trkpt>
			<trkpt lat="-31.40970185" lon="-68.64960025">
				<ele>1013.0</ele>
				<time>2025-06-07T19:14:33Z</time>
				<extensions>
					<ns3:TrackPointExtension>
						<ns3:speed>0.7194245</ns3:speed>
						<ns3:cad>52.0</ns3:cad>
						<ns3:hr>174</ns3:hr>
					</ns3:TrackPointExtension>
				</extensions>
			</trkpt>
			<trkpt lat="-31.40964585" lon="-68.64960325">
				<ele>1015.0</ele>
				<time>2025-06-07T19:14:42Z</time>
				<extensions>
					<ns3:TrackPointExtension>
						<ns3:speed>0.7067138</ns3:speed>
						<ns3:cad>52.0</ns3:cad>
						<ns3:hr>172</ns3:hr>
					</ns3:TrackPointExtension>
				</extensions>
			</trkpt>
			<trkpt lat="-31.40959219" lon="-68.64958859">
				<ele>1016.0</ele>
				<time>2025-06-07T19:14:49Z</time>
				<extensions>
					<ns3:TrackPointExtension>
						<ns3:speed>0.728863</ns3:speed>
						<ns3:cad>42.0</ns3:cad>
						<ns3:hr>176</ns3:hr>
					</ns3:TrackPointExtension>
				</extensions>
			</trkpt>
			<trkpt lat="-31.40954786" lon="-68.64956359">
				<ele>1016.0</ele>
				<time>2025-06-07T19:14:59Z</time>
				<extensions>
					<ns3:TrackPointExtension>
						<ns3:speed>0.7336757</ns3:speed>
						<ns3:cad>42.0</ns3:cad>
						<ns3:hr>177</ns3:hr>
					</ns3:TrackPointExtension>
				</extensions>
			</trkpt>
			<trkpt lat="-31.4094762" lon="-68.64950893">
				<ele>1016.0</ele>
				<time>2025-06-07T19:15:15Z</time>
				<extensions>
					<ns3:TrackPointExtension>
						<ns3:speed>0.9478673</ns3:speed>
						<ns3:cad>42.0</ns3:cad>
						<ns3:hr>172</ns3:hr>
					</ns3:TrackPointExtension>
				</extensions>
			</trkpt>
			<trkpt lat="-31.40942554" lon="-68.64948427">
				<ele>1015.0</ele>
				<time>2025-06-07T19:15:17Z</time>
				<extensions>
					<ns3:TrackPointExtension>
						<ns3:speed>1.5267175</ns3:speed>
						<ns3:cad>42.0</ns3:cad>
						<ns3:hr>172</ns3:hr>
					</ns3:TrackPointExtension>
				</extensions>
			</trkpt>
			<trkpt lat="-31.40937321" lon="-68.64945927">
				<ele>1015.0</ele>
				<time>2025-06-07T19:15:19Z</time>
				<extensions>
					<ns3:TrackPointExtension>
						<ns3:speed>2.2075055</ns3:speed>
						<ns3:cad>42.0</ns3:cad>
						<ns3:hr>172</ns3:hr>
					</ns3:TrackPointExtension>
				</extensions>
			</trkpt>
			<trkpt lat="-31.40933221" lon="-68.64943627">
				<ele>1014.0</ele>
				<time>2025-06-07T19:15:21Z</time>
				<extensions>
					<ns3:TrackPointExtension>
						<ns3:speed>2.688172</ns3:speed>
						<ns3:cad>42.0</ns3:cad>
						<ns3:hr>170</ns3:hr>
					</ns3:TrackPointExtension>
				</extensions>
			</trkpt>
			<trkpt lat="-31.40927455" lon="-68.64940194">
				<ele>1014.0</ele>
				<time>2025-06-07T19:15:24Z</time>
				<extensions>
					<ns3:TrackPointExtension>
						<ns3:speed>2.7027028</ns3:speed>
						<ns3:cad>42.0</ns3:cad>
						<ns3:hr>168</ns3:hr>
					</ns3:TrackPointExtension>
				</extensions>
			</trkpt>
			<trkpt lat="-31.40921255" lon="-68.64937961">
				<ele>1014.0</ele>
				<time>2025-06-07T19:15:27Z</time>
				<extensions>
					<ns3:TrackPointExtension>
						<ns3:speed>2.5641026</ns3:speed>
						<ns3:cad>80.0</ns3:cad>
						<ns3:hr>166</ns3:hr>
					</ns3:TrackPointExtension>
				</extensions>
			</trkpt>
			<trkpt lat="-31.40914989" lon="-68.64936561">
				<ele>1014.0</ele>
				<time>2025-06-07T19:15:30Z</time>
				<extensions>
					<ns3:TrackPointExtension>
						<ns3:speed>2.5125628</ns3:speed>
						<ns3:cad>80.0</ns3:cad>
						<ns3:hr>165</ns3:hr>
					</ns3:TrackPointExtension>
				</extensions>
			</trkpt>
			<trkpt lat="-31.40909189" lon="-68.64935261">
				<ele>1014.0</ele>
				<time>2025-06-07T19:15:33Z</time>
				<extensions>
					<ns3:TrackPointExtension>
						<ns3:speed>2.4691358</ns3:speed>
						<ns3:cad>80.0</ns3:cad>
						<ns3:hr>165</ns3:hr>
					</ns3:TrackPointExtension>
				</extensions>
			</trkpt>
			<trkpt lat="-31.40904189" lon="-68.64933395">
				<ele>1014.0</ele>
				<time>2025-06-07T19:15:36Z</time>
				<extensions>
					<ns3:TrackPointExtension>
						<ns3:speed>2.4096386</ns3:speed>
						<ns3:cad>79.0</ns3:cad>
						<ns3:hr>165</ns3:hr>
					</ns3:TrackPointExtension>
				</extensions>
			</trkpt>
			<trkpt lat="-31.40899223" lon="-68.64931762">
				<ele>1015.0</ele>
				<time>2025-06-07T19:15:39Z</time>
				<extensions>
					<ns3:TrackPointExtension>
						<ns3:speed>2.1978023</ns3:speed>
						<ns3:cad>79.0</ns3:cad>
						<ns3:hr>165</ns3:hr>
					</ns3:TrackPointExtension>
				</extensions>
			</trkpt>
			<trkpt lat="-31.40893657" lon="-68.64929196">
				<ele>1015.0</ele>
				<time>2025-06-07T19:15:43Z</time>
				<extensions>
					<ns3:TrackPointExtension>
						<ns3:speed>1.8621974</ns3:speed>
						<ns3:cad>79.0</ns3:cad>
						<ns3:hr>165</ns3:hr>
					</ns3:TrackPointExtension>
				</extensions>
			</trkpt>
			<trkpt lat="-31.40888324" lon="-68.64928296">
				<ele>1015.0</ele>
				<time>2025-06-07T19:15:47Z</time>
				<extensions>
					<ns3:TrackPointExtension>
						<ns3:speed>1.6806723</ns3:speed>
						<ns3:cad>79.0</ns3:cad>
						<ns3:hr>166</ns3:hr>
					</ns3:TrackPointExtension>
				</extensions>
			</trkpt>
			<trkpt lat="-31.40881091" lon="-68.64929096">
				<ele>1015.0</ele>
				<time>2025-06-07T19:15:51Z</time>
				<extensions>
					<ns3:TrackPointExtension>
						<ns3:speed>1.6949153</ns3:speed>
						<ns3:cad>79.0</ns3:cad>
						<ns3:hr>167</ns3:hr>
					</ns3:TrackPointExtension>
				</extensions>
			</trkpt>
			<trkpt lat="-31.40875358" lon="-68.64929096">
				<ele>1016.0</ele>
				<time>2025-06-07T19:15:54Z</time>
				<extensions>
					<ns3:TrackPointExtension>
						<ns3:speed>1.8761727</ns3:speed>
						<ns3:cad>79.0</ns3:cad>
						<ns3:hr>167</ns3:hr>
					</ns3:TrackPointExtension>
				</extensions>
			</trkpt>
			<trkpt lat="-31.40869158" lon="-68.6492893">
				<ele>1016.0</ele>
				<time>2025-06-07T19:15:58Z</time>
				<extensions>
					<ns3:TrackPointExtension>
						<ns3:speed>1.9607843</ns3:speed>
						<ns3:cad>79.0</ns3:cad>
						<ns3:hr>165</ns3:hr>
					</ns3:TrackPointExtension>
				</extensions>
			</trkpt>
			<trkpt lat="-31.40863592" lon="-68.64928397">
				<ele>1017.0</ele>
				<time>2025-06-07T19:16:02Z</time>
				<extensions>
					<ns3:TrackPointExtension>
						<ns3:speed>1.8248175</ns3:speed>
						<ns3:cad>79.0</ns3:cad>
						<ns3:hr>165</ns3:hr>
					</ns3:TrackPointExtension>
				</extensions>
			</trkpt>
			<trkpt lat="-31.40858259" lon="-68.6492853">
				<ele>1017.0</ele>
				<time>2025-06-07T19:16:05Z</time>
				<extensions>
					<ns3:TrackPointExtension>
						<ns3:speed>1.7699115</ns3:speed>
						<ns3:cad>79.0</ns3:cad>
						<ns3:hr>168</ns3:hr>
					</ns3:TrackPointExtension>
				</extensions>
			</trkpt>
			<trkpt lat="-31.40852593" lon="-68.64928497">
				<ele>1018.0</ele>
				<time>2025-06-07T19:16:08Z</time>
				<extensions>
					<ns3:TrackPointExtension>
						<ns3:speed>1.7953322</ns3:speed>
						<ns3:cad>79.0</ns3:cad>
						<ns3:hr>168</ns3:hr>
					</ns3:TrackPointExtension>
				</extensions>
			</trkpt>
			<trkpt lat="-31.4084716" lon="-68.64927131">
				<ele>1018.0</ele>
				<time>2025-06-07T19:16:11Z</time>
				<extensions>
					<ns3:TrackPointExtension>
						<ns3:speed>2.0</ns3:speed>
						<ns3:cad>79.0</ns3:cad>
						<ns3:hr>168</ns3:hr>
					</ns3:TrackPointExtension>
				</extensions>
			</trkpt>
			<trkpt lat="-31.40842794" lon="-68.64925398">
				<ele>1018.0</ele>
				<time>2025-06-07T19:16:14Z</time>
				<extensions>
					<ns3:TrackPointExtension>
						<ns3:speed>2.0</ns3:speed>
						<ns3:cad>79.0</ns3:cad>
						<ns3:hr>168</ns3:hr>
					</ns3:TrackPointExtension>
				</extensions>
			</trkpt>
			<trkpt lat="-31.40836028" lon="-68.64924198">
				<ele>1018.0</ele>
				<time>2025-06-07T19:16:18Z</time>
				<extensions>
					<ns3:TrackPointExtension>
						<ns3:speed>1.8867924</ns3:speed>
						<ns3:cad>79.0</ns3:cad>
						<ns3:hr>169</ns3:hr>
					</ns3:TrackPointExtension>
				</extensions>
			</trkpt>
			<trkpt lat="-31.40831295" lon="-68.64923765">
				<ele>1018.0</ele>
				<time>2025-06-07T19:16:21Z</time>
				<extensions>
					<ns3:TrackPointExtension>
						<ns3:speed>1.8691589</ns3:speed>
						<ns3:cad>79.0</ns3:cad>
						<ns3:hr>170</ns3:hr>
					</ns3:TrackPointExtension>
				</extensions>
			</trkpt>
			<trkpt lat="-31.40824862" lon="-68.64922465">
				<ele>1019.0</ele>
				<time>2025-06-07T19:16:25Z</time>
				<extensions>
					<ns3:TrackPointExtension>
						<ns3:speed>1.8281536</ns3:speed>
						<ns3:cad>79.0</ns3:cad>
						<ns3:hr>170</ns3:hr>
					</ns3:TrackPointExtension>
				</extensions>
			</trkpt>
			<trkpt lat="-31.40818762" lon="-68.64920965">
				<ele>1019.0</ele>
				<time>2025-06-07T19:16:29Z</time>
				<extensions>
					<ns3:TrackPointExtension>
						<ns3:speed>1.8281536</ns3:speed>
						<ns3:cad>79.0</ns3:cad>
						<ns3:hr>168</ns3:hr>
					</ns3:TrackPointExtension>
				</extensions>
			</trkpt>
			<trkpt lat="-31.40814029" lon="-68.64919265">
				<ele>1020.0</ele>
				<time>2025-06-07T19:16:33Z</time>
				<extensions>
					<ns3:TrackPointExtension>
						<ns3:speed>1.7857143</ns3:speed>
						<ns3:cad>79.0</ns3:cad>
						<ns3:hr>170</ns3:hr>
					</ns3:TrackPointExtension>
				</extensions>
			</trkpt>
			<trkpt lat="-31.40807796" lon="-68.64918899">
				<ele>1021.0</ele>
				<time>2025-06-07T19:16:38Z</time>
				<extensions>
					<ns3:TrackPointExtension>
						<ns3:speed>1.6949153</ns3:speed>
						<ns3:cad>79.0</ns3:cad>
						<ns3:hr>173</ns3:hr>
					</ns3:TrackPointExtension>
				</extensions>
			</trkpt>
			<trkpt lat="-31.40802363" lon="-68.64921065">
				<ele>1021.0</ele>
				<time>2025-06-07T19:16:42Z</time>
				<extensions>
					<ns3:TrackPointExtension>
						<ns3:speed>1.6611296</ns3:speed>
						<ns3:cad>79.0</ns3:cad>
						<ns3:hr>171</ns3:hr>
					</ns3:TrackPointExtension>
				</extensions>
			</trkpt>
			<trkpt lat="-31.40798097" lon="-68.64924998">
				<ele>1022.0</ele>
				<time>2025-06-07T19:16:46Z</time>
				<extensions>
					<ns3:TrackPointExtension>
						<ns3:speed>1.6447369</ns3:speed>
						<ns3:cad>79.0</ns3:cad>
						<ns3:hr>173</ns3:hr>
					</ns3:TrackPointExtension>
				</extensions>
			</trkpt>
			<trkpt lat="-31.40792564" lon="-68.64928098">
				<ele>1023.0</ele>
				<time>2025-06-07T19:16:50Z</time>
				<extensions>
					<ns3:TrackPointExtension>
						<ns3:speed>1.6313213</ns3:speed>
						<ns3:cad>79.0</ns3:cad>
						<ns3:hr>172</ns3:hr>
					</ns3:TrackPointExtension>
				</extensions>
			</trkpt>
			<trkpt lat="-31.40787664" lon="-68.64930031">
				<ele>1023.0</ele>
				<time>2025-06-07T19:16:53Z</time>
				<extensions>
					<ns3:TrackPointExtension>
						<ns3:speed>1.6447369</ns3:speed>
						<ns3:cad>79.0</ns3:cad>
						<ns3:hr>172</ns3:hr>
					</ns3:TrackPointExtension>
				</extensions>
			</trkpt>
			<trkpt lat="-31.40782098" lon="-68.64931364">
				<ele>1023.0</ele>
				<time>2025-06-07T19:16:57Z</time>
				<extensions>
					<ns3:TrackPointExtension>
						<ns3:speed>1.6666666</ns3:speed>
						<ns3:cad>79.0</ns3:cad>
						<ns3:hr>173</ns3:hr>
					</ns3:TrackPointExtension>
				</extensions>
			</trkpt>
			<trkpt lat="-31.40775432" lon="-68.64927264">
				<ele>1023.0</ele>
				<time>2025-06-07T19:17:01Z</time>
				<extensions>
					<ns3:TrackPointExtension>
						<ns3:speed>1.6806723</ns3:speed>
						<ns3:cad>79.0</ns3:cad>
						<ns3:hr>172</ns3:hr>
					</ns3:TrackPointExtension>
				</extensions>
			</trkpt>
			<trkpt lat="-31.40770799" lon="-68.64922698">
				<ele>1023.0</ele>
				<time>2025-06-07T19:17:04Z</time>
				<extensions>
					<ns3:TrackPointExtension>
						<ns3:speed>1.7391304</ns3:speed>
						<ns3:cad>79.0</ns3:cad>
						<ns3:hr>171</ns3:hr>
					</ns3:TrackPointExtension>
				</extensions>
			</trkpt>
			<trkpt lat="-31.40765899" lon="-68.64918465">
				<ele>1023.0</ele>
				<time>2025-06-07T19:17:07Z</time>
				<extensions>
					<ns3:TrackPointExtension>
						<ns3:speed>1.7699115</ns3:speed>
						<ns3:cad>79.0</ns3:cad>
						<ns3:hr>171</ns3:hr>
					</ns3:TrackPointExtension>
				</extensions>
			</trkpt>
			<trkpt lat="-31.40761433" lon="-68.64915465">
				<ele>1023.0</ele>
				<time>2025-06-07T19:17:10Z</time>
				<extensions>
					<ns3:TrackPointExtension>
						<ns3:speed>1.8083183</ns3:speed>
						<ns3:cad>79.0</ns3:cad>
						<ns3:hr>172</ns3:hr>
					</ns3:TrackPointExtension>
				</extensions>
			</trkpt>
			<trkpt lat="-31.407566" lon="-68.64912732">
				<ele>1023.0</ele>
				<time>2025-06-07T19:17:14Z</time>
				<extensions>
					<ns3:TrackPointExtension>
						<ns3:speed>1.7857143</ns3:speed>
						<ns3:cad>79.0</ns3:cad>
						<ns3:hr>173</ns3:hr>
					</ns3:TrackPointExtension>
				</extensions>
			</trkpt>
			<trkpt lat="-31.40751334" lon="-68.64910299">
				<ele>1023.0</ele>
				<time>2025-06-07T19:17:19Z</time>
				<extensions>
					<ns3:TrackPointExtension>
						<ns3:speed>1.369863</ns3:speed>
						<ns3:cad>79.0</ns3:cad>
						<ns3:hr>174</ns3:hr>
					</ns3:TrackPointExtension>
				</extensions>
			</trkpt>
			<trkpt lat="-31.40746434" lon="-68.64908799">
				<ele>1023.0</ele>
				<time>2025-06-07T19:17:24Z</time>
				<extensions>
					<ns3:TrackPointExtension>
						<ns3:speed>1.2345679</ns3:speed>
						<ns3:cad>79.0</ns3:cad>
						<ns3:hr>173</ns3:hr>
					</ns3:TrackPointExtension>
				</extensions>
			</trkpt>
			<trkpt lat="-31.40740001" lon="-68.64907199">
				<ele>1023.0</ele>
				<time>2025-06-07T19:17:28Z</time>
				<extensions>
					<ns3:TrackPointExtension>
						<ns3:speed>1.2269939</ns3:speed>
						<ns3:cad>79.0</ns3:cad>
						<ns3:hr>174</ns3:hr>
					</ns3:TrackPointExtension>
				</extensions>
			</trkpt>
			<trkpt lat="-31.40733968" lon="-68.64906266">
				<ele>1023.0</ele>
				<time>2025-06-07T19:17:31Z</time>
				<extensions>
					<ns3:TrackPointExtension>
						<ns3:speed>1.8181819</ns3:speed>
						<ns3:cad>79.0</ns3:cad>
						<ns3:hr>174</ns3:hr>
					</ns3:TrackPointExtension>
				</extensions>
			</trkpt>
			<trkpt lat="-31.40727268" lon="-68.64905733">
				<ele>1023.0</ele>
				<time>2025-06-07T19:17:34Z</time>
				<extensions>
					<ns3:TrackPointExtension>
						<ns3:speed>2.1505377</ns3:speed>
						<ns3:cad>79.0</ns3:cad>
						<ns3:hr>174</ns3:hr>
					</ns3:TrackPointExtension>
				</extensions>
			</trkpt>
			<trkpt lat="-31.40721002" lon="-68.64904633">
				<ele>1023.0</ele>
				<time>2025-06-07T19:17:37Z</time>
				<extensions>
					<ns3:TrackPointExtension>
						<ns3:speed>2.3529413</ns3:speed>
						<ns3:cad>79.0</ns3:cad>
						<ns3:hr>173</ns3:hr>
					</ns3:TrackPointExtension>
				</extensions>
			</trkpt>
			<trkpt lat="-31.40716769" lon="-68.649039">
				<ele>1023.0</ele>
				<time>2025-06-07T19:17:40Z</time>
				<extensions>
					<ns3:TrackPointExtension>
						<ns3:speed>2.2727273</ns3:speed>
						<ns3:cad>79.0</ns3:cad>
						<ns3:hr>173</ns3:hr>
					</ns3:TrackPointExtension>
				</extensions>
			</trkpt>
			<trkpt lat="-31.40711136" lon="-68.64902934">
				<ele>1023.0</ele>
				<time>2025-06-07T19:17:46Z</time>
				<extensions>
					<ns3:TrackPointExtension>
						<ns3:speed>1.2391573</ns3:speed>
						<ns3:cad>79.0</ns3:cad>
						<ns3:hr>173</ns3:hr>
					</ns3:TrackPointExtension>
				</extensions>
			</trkpt>
			<trkpt lat="-31.40706436" lon="-68.64900801">
				<ele>1023.0</ele>
				<time>2025-06-07T19:17:52Z</time>
				<extensions>
					<ns3:TrackPointExtension>
						<ns3:speed>1.010101</ns3:speed>
						<ns3:cad>53.0</ns3:cad>
						<ns3:hr>173</ns3:hr>
					</ns3:TrackPointExtension>
				</extensions>
			</trkpt>
			<trkpt lat="-31.40701236" lon="-68.64899801">
				<ele>1024.0</ele>
				<time>2025-06-07T19:17:58Z</time>
				<extensions>
					<ns3:TrackPointExtension>
						<ns3:speed>0.99502486</ns3:speed>
						<ns3:cad>53.0</ns3:cad>
						<ns3:hr>172</ns3:hr>
					</ns3:TrackPointExtension>
				</extensions>
			</trkpt>
			<trkpt lat="-31.4069647" lon="-68.64896468">
				<ele>1025.0</ele>
				<time>2025-06-07T19:18:06Z</time>
				<extensions>
					<ns3:TrackPointExtension>
						<ns3:speed>0.907441</ns3:speed>
						<ns3:cad>53.0</ns3:cad>
						<ns3:hr>170</ns3:hr>
					</ns3:TrackPointExtension>
				</extensions>
			</trkpt>
			<trkpt lat="-31.4069187" lon="-68.64893935">
				<ele>1025.0</ele>
				<time>2025-06-07T19:18:13Z</time>
				<extensions>
					<ns3:TrackPointExtension>
						<ns3:speed>0.8888889</ns3:speed>
						<ns3:cad>46.0</ns3:cad>
						<ns3:hr>170</ns3:hr>
					</ns3:TrackPointExtension>
				</extensions>
			</trkpt>
			<trkpt lat="-31.4068667" lon="-68.64892702">
				<ele>1026.0</ele>
				<time>2025-06-07T19:18:20Z</time>
				<extensions>
					<ns3:TrackPointExtension>
						<ns3:speed>0.8888889</ns3:speed>
						<ns3:cad>46.0</ns3:cad>
						<ns3:hr>171</ns3:hr>
					</ns3:TrackPointExtension>
				</extensions>
			</trkpt>
			<trkpt lat="-31.4068097" lon="-68.64892236">
				<ele>1028.0</ele>
				<time>2025-06-07T19:18:29Z</time>
				<extensions>
					<ns3:TrackPointExtension>
						<ns3:speed>0.8298755</ns3:speed>
						<ns3:cad>46.0</ns3:cad>
						<ns3:hr>170</ns3:hr>
					</ns3:TrackPointExtension>
				</extensions>
			</trkpt>
			<trkpt lat="-31.40676004" lon="-68.64891103">
				<ele>1029.0</ele>
				<time>2025-06-07T19:18:36Z</time>
				<extensions>
					<ns3:TrackPointExtension>
						<ns3:speed>0.82101804</ns3:speed>
						<ns3:cad>53.0</ns3:cad>
						<ns3:hr>170</ns3:hr>
					</ns3:TrackPointExtension>
				</extensions>
			</trkpt>
			<trkpt lat="-31.40669938" lon="-68.64890803">
				<ele>1030.0</ele>
				<time>2025-06-07T19:18:43Z</time>
				<extensions>
					<ns3:TrackPointExtension>
						<ns3:speed>0.8196721</ns3:speed>
						<ns3:cad>53.0</ns3:cad>
						<ns3:hr>171</ns3:hr>
					</ns3:TrackPointExtension>
				</extensions>
			</trkpt>
			<trkpt lat="-31.40664438" lon="-68.64892036">
				<ele>1030.0</ele>
				<time>2025-06-07T19:18:47Z</time>
				<extensions>
					<ns3:TrackPointExtension>
						<ns3:speed>1.1198208</ns3:speed>
						<ns3:cad>53.0</ns3:cad>
						<ns3:hr>171</ns3:hr>
					</ns3:TrackPointExtension>
				</extensions>
			</trkpt>
			<trkpt lat="-31.40659438" lon="-68.64894302">
				<ele>1030.0</ele>
				<time>2025-06-07T19:18:51Z</time>
				<extensions>
					<ns3:TrackPointExtension>
						<ns3:speed>1.3755158</ns3:speed>
						<ns3:cad>53.0</ns3:cad>
						<ns3:hr>172</ns3:hr>
					</ns3:TrackPointExtension>
				</extensions>
			</trkpt>
			<trkpt lat="-31.40655538" lon="-68.64896568">
				<ele>1031.0</ele>
				<time>2025-06-07T19:18:55Z</time>
				<extensions>
					<ns3:TrackPointExtension>
						<ns3:speed>1.4124293</ns3:speed>
						<ns3:cad>53.0</ns3:cad>
						<ns3:hr>172</ns3:hr>
					</ns3:TrackPointExtension>
				</extensions>
			</trkpt>
			<trkpt lat="-31.40648905" lon="-68.64896801">
				<ele>1031.0</ele>
				<time>2025-06-07T19:19:01Z</time>
				<extensions>
					<ns3:TrackPointExtension>
						<ns3:speed>1.1261262</ns3:speed>
						<ns3:cad>53.0</ns3:cad>
						<ns3:hr>173</ns3:hr>
					</ns3:TrackPointExtension>
				</extensions>
			</trkpt>
			<trkpt lat="-31.40641672" lon="-68.64896834">
				<ele>1031.0</ele>
				<time>2025-06-07T19:19:04Z</time>
				<extensions>
					<ns3:TrackPointExtension>
						<ns3:speed>1.4925373</ns3:speed>
						<ns3:cad>53.0</ns3:cad>
						<ns3:hr>172</ns3:hr>
					</ns3:TrackPointExtension>
				</extensions>
			</trkpt>
			<trkpt lat="-31.40636306" lon="-68.64896534">
				<ele>1031.0</ele>
				<time>2025-06-07T19:19:06Z</time>
				<extensions>
					<ns3:TrackPointExtension>
						<ns3:speed>2.096436</ns3:speed>
						<ns3:cad>53.0</ns3:cad>
						<ns3:hr>172</ns3:hr>
					</ns3:TrackPointExtension>
				</extensions>
			</trkpt>
			<trkpt lat="-31.40631106" lon="-68.64896334">
				<ele>1031.0</ele>
				<time>2025-06-07T19:19:08Z</time>
				<extensions>
					<ns3:TrackPointExtension>
						<ns3:speed>2.5641026</ns3:speed>
						<ns3:cad>53.0</ns3:cad>
						<ns3:hr>171</ns3:hr>
					</ns3:TrackPointExtension>
				</extensions>
			</trkpt>
			<trkpt lat="-31.40625106" lon="-68.64896068">
				<ele>1031.0</ele>
				<time>2025-06-07T19:19:11Z</time>
				<extensions>
					<ns3:TrackPointExtension>
						<ns3:speed>2.7548208</ns3:speed>
						<ns3:cad>80.0</ns3:cad>
						<ns3:hr>171</ns3:hr>
					</ns3:TrackPointExtension>
				</extensions>
			</trkpt>
			<trkpt lat="-31.4061894" lon="-68.64895168">
				<ele>1031.0</ele>
				<time>2025-06-07T19:19:14Z</time>
				<extensions>
					<ns3:TrackPointExtension>
						<ns3:speed>2.4096386</ns3:speed>
						<ns3:cad>80.0</ns3:cad>
						<ns3:hr>170</ns3:hr>
					</ns3:TrackPointExtension>
				</extensions>
			</trkpt>
			<trkpt lat="-31.40613574" lon="-68.64894368">
				<ele>1031.0</ele>
				<time>2025-06-07T19:19:17Z</time>
				<extensions>
					<ns3:TrackPointExtension>
						<ns3:speed>2.2883296</ns3:speed>
						<ns3:cad>80.0</ns3:cad>
						<ns3:hr>170</ns3:hr>
					</ns3:TrackPointExtension>
				</extensions>
			</trkpt>
			<trkpt lat="-31.40608408" lon="-68.64893568">
				<ele>1031.0</ele>
				<time>2025-06-07T19:19:20Z</time>
				<extensions>
					<ns3:TrackPointExtension>
						<ns3:speed>2.074689</ns3:speed>
						<ns3:cad>80.0</ns3:cad>
						<ns3:hr>171</ns3:hr>
					</ns3:TrackPointExtension>
				</extensions>
			</trkpt>
			<trkpt lat="-31.40603242" lon="-68.64893634">
				<ele>1031.0</ele>
				<time>2025-06-07T19:19:23Z</time>
				<extensions>
					<ns3:TrackPointExtension>
						<ns3:speed>1.9607843</ns3:speed>
						<ns3:cad>80.0</ns3:cad>
						<ns3:hr>169</ns3:hr>
					</ns3:TrackPointExtension>
				</extensions>
			</trkpt>
			<trkpt lat="-31.40597509" lon="-68.64893867">
				<ele>1031.0</ele>
				<time>2025-06-07T19:19:27Z</time>
				<extensions>
					<ns3:TrackPointExtension>
						<ns3:speed>1.8691589</ns3:speed>
						<ns3:cad>80.0</ns3:cad>
						<ns3:hr>169</ns3:hr>
					</ns3:TrackPointExtension>
				</extensions>
			</trkpt>
			<trkpt lat="-31.40592343" lon="-68.64893734">
				<ele>1031.0</ele>
				<time>2025-06-07T19:19:31Z</time>
				<extensions>
					<ns3:TrackPointExtension>
						<ns3:speed>1.7857143</ns3:speed>
						<ns3:cad>80.0</ns3:cad>
						<ns3:hr>169</ns3:hr>
					</ns3:TrackPointExtension>
				</extensions>
			</trkpt>
			<trkpt lat="-31.4058681" lon="-68.64893234">
				<ele>1032.0</ele>
				<time>2025-06-07T19:19:36Z</time>
				<extensions>
					<ns3:TrackPointExtension>
						<ns3:speed>1.5151515</ns3:speed>
						<ns3:cad>80.0</ns3:cad>
						<ns3:hr>167</ns3:hr>
					</ns3:TrackPointExtension>
				</extensions>
			</trkpt>
			<trkpt lat="-31.4058161" lon="-68.64892368">
				<ele>1032.0</ele>
				<time>2025-06-07T19:19:40Z</time>
				<extensions>
					<ns3:TrackPointExtension>
						<ns3:speed>1.3605442</ns3:speed>
						<ns3:cad>80.0</ns3:cad>
						<ns3:hr>170</ns3:hr>
					</ns3:TrackPointExtension>
				</extensions>
			</trkpt>
			<trkpt lat="-31.40575744" lon="-68.64891935">
				<ele>1033.0</ele>
				<time>2025-06-07T19:19:46Z</time>
				<extensions>
					<ns3:TrackPointExtension>
						<ns3:speed>1.2315271</ns3:speed>
						<ns3:cad>80.0</ns3:cad>
						<ns3:hr>167</ns3:hr>
					</ns3:TrackPointExtension>
				</extensions>
			</trkpt>
			<trkpt lat="-31.40570111" lon="-68.64886369">
				<ele>1033.0</ele>
				<time>2025-06-07T19:19:51Z</time>
				<extensions>
					<ns3:TrackPointExtension>
						<ns3:speed>1.2239902</ns3:speed>
						<ns3:cad>80.0</ns3:cad>
						<ns3:hr>165</ns3:hr>
					</ns3:TrackPointExtension>
				</extensions>
			</trkpt>
			<trkpt lat="-31.40564778" lon="-68.64881369">
				<ele>1033.0</ele>
				<time>2025-06-07T19:19:54Z</time>
				<extensions>
					<ns3:TrackPointExtension>
						<ns3:speed>1.7605634</ns3:speed>
						<ns3:cad>80.0</ns3:cad>
						<ns3:hr>159</ns3:hr>
					</ns3:TrackPointExtension>
				</extensions>
			</trkpt>
			<trkpt lat="-31.40558012" lon="-68.64876903">
				<ele>1033.0</ele>
				<time>2025-06-07T19:19:57Z</time>
				<extensions>
					<ns3:TrackPointExtension>
						<ns3:speed>2.3809524</ns3:speed>
						<ns3:cad>80.0</ns3:cad>
						<ns3:hr>155</ns3:hr>
					</ns3:TrackPointExtension>
				</extensions>
			</trkpt>
			<trkpt lat="-31.40551879" lon="-68.64873703">
				<ele>1033.0</ele>
				<time>2025-06-07T19:20:00Z</time>
				<extensions>
					<ns3:TrackPointExtension>
						<ns3:speed>2.6666667</ns3:speed>
						<ns3:cad>80.0</ns3:cad>
						<ns3:hr>154</ns3:hr>
					</ns3:TrackPointExtension>
				</extensions>
			</trkpt>
			<trkpt lat="-31.40546913" lon="-68.64870603">
				<ele>1033.0</ele>
				<time>2025-06-07T19:20:03Z</time>
				<extensions>
					<ns3:TrackPointExtension>
						<ns3:speed>2.5125628</ns3:speed>
						<ns3:cad>80.0</ns3:cad>
						<ns3:hr>154</ns3:hr>
					</ns3:TrackPointExtension>
				</extensions>
			</trkpt>
			<trkpt lat="-31.40541547" lon="-68.6486687">
				<ele>1033.0</ele>
				<time>2025-06-07T19:20:06Z</time>
				<extensions>
					<ns3:TrackPointExtension>
						<ns3:speed>2.2988505</ns3:speed>
						<ns3:cad>80.0</ns3:cad>
						<ns3:hr>154</ns3:hr>
					</ns3:TrackPointExtension>
				</extensions>
			</trkpt>
			<trkpt lat="-31.40537281" lon="-68.6486327">
				<ele>1033.0</ele>
				<time>2025-06-07T19:20:09Z</time>
				<extensions>
					<ns3:TrackPointExtension>
						<ns3:speed>2.247191</ns3:speed>
						<ns3:cad>80.0</ns3:cad>
						<ns3:hr>156</ns3:hr>
					</ns3:TrackPointExtension>
				</extensions>
			</trkpt>
			<trkpt lat="-31.40532615" lon="-68.6485997">
				<ele>1033.0</ele>
				<time>2025-06-07T19:20:13Z</time>
				<extensions>
					<ns3:TrackPointExtension>
						<ns3:speed>2.0833333</ns3:speed>
						<ns3:cad>79.0</ns3:cad>
						<ns3:hr>164</ns3:hr>
					</ns3:TrackPointExtension>
				</extensions>
			</trkpt>
			<trkpt lat="-31.40528582" lon="-68.64855304">
				<ele>1034.0</ele>
				<time>2025-06-07T19:20:18Z</time>
				<extensions>
					<ns3:TrackPointExtension>
						<ns3:speed>1.5197568</ns3:speed>
						<ns3:cad>79.0</ns3:cad>
						<ns3:hr>163</ns3:hr>
					</ns3:TrackPointExtension>
				</extensions>
			</trkpt>
			<trkpt lat="-31.40523882" lon="-68.64852338">
				<ele>1034.0</ele>
				<time>2025-06-07T19:20:23Z</time>
				<extensions>
					<ns3:TrackPointExtension>
						<ns3:speed>1.2376238</ns3:speed>
						<ns3:cad>79.0</ns3:cad>
						<ns3:hr>163</ns3:hr>
					</ns3:TrackPointExtension>
				</extensions>
			</trkpt>
			<trkpt lat="-31.40518116" lon="-68.64850472">
				<ele>1034.0</ele>
				<time>2025-06-07T19:20:28Z</time>
				<extensions>
					<ns3:TrackPointExtension>
						<ns3:speed>1.2771392</ns3:speed>
						<ns3:cad>79.0</ns3:cad>
						<ns3:hr>166</ns3:hr>
					</ns3:TrackPointExtension>
				</extensions>
			</trkpt>
			<trkpt lat="-31.40513516" lon="-68.64849439">
				<ele>1035.0</ele>
				<time>2025-06-07T19:20:33Z</time>
				<extensions>
					<ns3:TrackPointExtension>
						<ns3:speed>1.2300123</ns3:speed>
						<ns3:cad>79.0</ns3:cad>
						<ns3:hr>168</ns3:hr>
					</ns3:TrackPointExtension>
				</extensions>
			</trkpt>
			<trkpt lat="-31.4050675" lon="-68.64845739">
				<ele>1036.0</ele>
				<time>2025-06-07T19:20:39Z</time>
				<extensions>
					<ns3:TrackPointExtension>
						<ns3:speed>1.1695906</ns3:speed>
						<ns3:cad>79.0</ns3:cad>
						<ns3:hr>170</ns3:hr>
					</ns3:TrackPointExtension>
				</extensions>
			</trkpt>
			<trkpt lat="-31.4050155" lon="-68.64843306">
				<ele>1036.0</ele>
				<time>2025-06-07T19:20:43Z</time>
				<extensions>
					<ns3:TrackPointExtension>
						<ns3:speed>1.6129032</ns3:speed>
						<ns3:cad>79.0</ns3:cad>
						<ns3:hr>167</ns3:hr>
					</ns3:TrackPointExtension>
				</extensions>
			</trkpt>
			<trkpt lat="-31.4049685" lon="-68.64841873">
				<ele>1036.0</ele>
				<time>2025-06-07T19:20:48Z</time>
				<extensions>
					<ns3:TrackPointExtension>
						<ns3:speed>1.4025246</ns3:speed>
						<ns3:cad>79.0</ns3:cad>
						<ns3:hr>165</ns3:hr>
					</ns3:TrackPointExtension>
				</extensions>
			</trkpt>
			<trkpt lat="-31.4049045" lon="-68.6484004">
				<ele>1036.0</ele>
				<time>2025-06-07T19:20:53Z</time>
				<extensions>
					<ns3:TrackPointExtension>
						<ns3:speed>1.1148272</ns3:speed>
						<ns3:cad>79.0</ns3:cad>
						<ns3:hr>168</ns3:hr>
					</ns3:TrackPointExtension>
				</extensions>
			</trkpt>
			<trkpt lat="-31.40485117" lon="-68.6483744">
				<ele>1036.0</ele>
				<time>2025-06-07T19:20:56Z</time>
				<extensions>
					<ns3:TrackPointExtension>
						<ns3:speed>1.6207455</ns3:speed>
						<ns3:cad>79.0</ns3:cad>
						<ns3:hr>167</ns3:hr>
					</ns3:TrackPointExtension>
				</extensions>
			</trkpt>
			<trkpt lat="-31.40481017" lon="-68.6483564">
				<ele>1036.0</ele>
				<time>2025-06-07T19:20:59Z</time>
				<extensions>
					<ns3:TrackPointExtension>
						<ns3:speed>1.9305019</ns3:speed>
						<ns3:cad>79.0</ns3:cad>
						<ns3:hr>167</ns3:hr>
					</ns3:TrackPointExtension>
				</extensions>
			</trkpt>
			<trkpt lat="-31.40476084" lon="-68.64834674">
				<ele>1036.0</ele>
				<time>2025-06-07T19:21:05Z</time>
				<extensions>
					<ns3:TrackPointExtension>
						<ns3:speed>1.183432</ns3:speed>
						<ns3:cad>79.0</ns3:cad>
						<ns3:hr>167</ns3:hr>
					</ns3:TrackPointExtension>
				</extensions>
			</trkpt>
			<trkpt lat="-31.40470084" lon="-68.64833974">
				<ele>1036.0</ele>
				<time>2025-06-07T19:21:12Z</time>
				<extensions>
					<ns3:TrackPointExtension>
						<ns3:speed>0.93457943</ns3:speed>
						<ns3:cad>54.0</ns3:cad>
						<ns3:hr>168</ns3:hr>
					</ns3:TrackPointExtension>
				</extensions>
			</trkpt>
			<trkpt lat="-31.40464484" lon="-68.64833341">
				<ele>1037.0</ele>
				<time>2025-06-07T19:21:18Z</time>
				<extensions>
					<ns3:TrackPointExtension>
						<ns3:speed>0.921659</ns3:speed>
						<ns3:cad>49.0</ns3:cad>
						<ns3:hr>171</ns3:hr>
					</ns3:TrackPointExtension>
				</extensions>
			</trkpt>
			<trkpt lat="-31.40457418" lon="-68.64832775">
				<ele>1037.0</ele>
				<time>2025-06-07T19:21:22Z</time>
				<extensions>
					<ns3:TrackPointExtension>
						<ns3:speed>1.242236</ns3:speed>
						<ns3:cad>49.0</ns3:cad>
						<ns3:hr>174</ns3:hr>
					</ns3:TrackPointExtension>
				</extensions>
			</trkpt>
			<trkpt lat="-31.40451052" lon="-68.64832542">
				<ele>1037.0</ele>
				<time>2025-06-07T19:21:25Z</time>
				<extensions>
					<ns3:TrackPointExtension>
						<ns3:speed>1.8691589</ns3:speed>
						<ns3:cad>49.0</ns3:cad>
						<ns3:hr>173</ns3:hr>
					</ns3:TrackPointExtension>
				</extensions>
			</trkpt>
			<trkpt lat="-31.40444919" lon="-68.64831409">
				<ele>1037.0</ele>
				<time>2025-06-07T19:21:28Z</time>
				<extensions>
					<ns3:TrackPointExtension>
						<ns3:speed>2.2123895</ns3:speed>
						<ns3:cad>49.0</ns3:cad>
						<ns3:hr>174</ns3:hr>
					</ns3:TrackPointExtension>
				</extensions>
			</trkpt>
			<trkpt lat="-31.40438553" lon="-68.64828843">
				<ele>1037.0</ele>
				<time>2025-06-07T19:21:31Z</time>
				<extensions>
					<ns3:TrackPointExtension>
						<ns3:speed>2.2988505</ns3:speed>
						<ns3:cad>79.0</ns3:cad>
						<ns3:hr>174</ns3:hr>
					</ns3:TrackPointExtension>
				</extensions>
			</trkpt>
			<trkpt lat="-31.40432487" lon="-68.64826443">
				<ele>1037.0</ele>
				<time>2025-06-07T19:21:34Z</time>
				<extensions>
					<ns3:TrackPointExtension>
						<ns3:speed>2.4390244</ns3:speed>
						<ns3:cad>79.0</ns3:cad>
						<ns3:hr>171</ns3:hr>
					</ns3:TrackPointExtension>
				</extensions>
			</trkpt>
			<trkpt lat="-31.40426721" lon="-68.6482401">
				<ele>1037.0</ele>
				<time>2025-06-07T19:21:37Z</time>
				<extensions>
					<ns3:TrackPointExtension>
						<ns3:speed>2.4096386</ns3:speed>
						<ns3:cad>79.0</ns3:cad>
						<ns3:hr>171</ns3:hr>
					</ns3:TrackPointExtension>
				</extensions>
			</trkpt>
			<trkpt lat="-31.40419621" lon="-68.64820844">
				<ele>1036.0</ele>
				<time>2025-06-07T19:21:40Z</time>
				<extensions>
					<ns3:TrackPointExtension>
						<ns3:speed>2.3923445</ns3:speed>
						<ns3:cad>79.0</ns3:cad>
						<ns3:hr>171</ns3:hr>
					</ns3:TrackPointExtension>
				</extensions>
			</trkpt>
			<trkpt lat="-31.40413421" lon="-68.64817444">
				<ele>1036.0</ele>
				<time>2025-06-07T19:21:43Z</time>
				<extensions>
					<ns3:TrackPointExtension>
						<ns3:speed>2.4390244</ns3:speed>
						<ns3:cad>79.0</ns3:cad>
						<ns3:hr>171</ns3:hr>
					</ns3:TrackPointExtension>
				</extensions>
			</trkpt>
			<trkpt lat="-31.40408355" lon="-68.64813878">
				<ele>1036.0</ele>
				<time>2025-06-07T19:21:46Z</time>
				<extensions>
					<ns3:TrackPointExtension>
						<ns3:speed>2.4390244</ns3:speed>
						<ns3:cad>79.0</ns3:cad>
						<ns3:hr>170</ns3:hr>
					</ns3:TrackPointExtension>
				</extensions>
			</trkpt>
			<trkpt lat="-31.40401789" lon="-68.64809578">
				<ele>1036.0</ele>
				<time>2025-06-07T19:21:49Z</time>
				<extensions>
					<ns3:TrackPointExtension>
						<ns3:speed>2.4271846</ns3:speed>
						<ns3:cad>79.0</ns3:cad>
						<ns3:hr>170</ns3:hr>
					</ns3:TrackPointExtension>
				</extensions>
			</trkpt>
			<trkpt lat="-31.40397023" lon="-68.64806412">
				<ele>1035.0</ele>
				<time>2025-06-07T19:21:51Z</time>
				<extensions>
					<ns3:TrackPointExtension>
						<ns3:speed>2.4691358</ns3:speed>
						<ns3:cad>79.0</ns3:cad>
						<ns3:hr>171</ns3:hr>
					</ns3:TrackPointExtension>
				</extensions>
			</trkpt>
			<trkpt lat="-31.40392823" lon="-68.64803912">
				<ele>1035.0</ele>
				<time>2025-06-07T19:21:53Z</time>
				<extensions>
					<ns3:TrackPointExtension>
						<ns3:speed>2.5</ns3:speed>
						<ns3:cad>79.0</ns3:cad>
						<ns3:hr>171</ns3:hr>
					</ns3:TrackPointExtension>
				</extensions>
			</trkpt>
			<trkpt lat="-31.40387657" lon="-68.64801079">
				<ele>1035.0</ele>
				<time>2025-06-07T19:21:56Z</time>
				<extensions>
					<ns3:TrackPointExtension>
						<ns3:speed>2.5316455</ns3:speed>
						<ns3:cad>79.0</ns3:cad>
						<ns3:hr>171</ns3:hr>
					</ns3:TrackPointExtension>
				</extensions>
			</trkpt>
			<trkpt lat="-31.40381557" lon="-68.64798413">
				<ele>1035.0</ele>
				<time>2025-06-07T19:22:00Z</time>
				<extensions>
					<ns3:TrackPointExtension>
						<ns3:speed>2.4509804</ns3:speed>
						<ns3:cad>79.0</ns3:cad>
						<ns3:hr>170</ns3:hr>
					</ns3:TrackPointExtension>
				</extensions>
			</trkpt>
			<trkpt lat="-31.40376591" lon="-68.6479568">
				<ele>1035.0</ele>
				<time>2025-06-07T19:22:03Z</time>
				<extensions>
					<ns3:TrackPointExtension>
						<ns3:speed>2.0833333</ns3:speed>
						<ns3:cad>79.0</ns3:cad>
						<ns3:hr>170</ns3:hr>
					</ns3:TrackPointExtension>
				</extensions>
			</trkpt>
			<trkpt lat="-31.40371291" lon="-68.6479358">
				<ele>1035.0</ele>
				<time>2025-06-07T19:22:06Z</time>
				<extensions>
					<ns3:TrackPointExtension>
						<ns3:speed>2.0491803</ns3:speed>
						<ns3:cad>79.0</ns3:cad>
						<ns3:hr>169</ns3:hr>
					</ns3:TrackPointExtension>
				</extensions>
			</trkpt>
			<trkpt lat="-31.40366591" lon="-68.64791614">
				<ele>1036.0</ele>
				<time>2025-06-07T19:22:09Z</time>
				<extensions>
					<ns3:TrackPointExtension>
						<ns3:speed>2.0408163</ns3:speed>
						<ns3:cad>79.0</ns3:cad>
						<ns3:hr>167</ns3:hr>
					</ns3:TrackPointExtension>
				</extensions>
			</trkpt>
			<trkpt lat="-31.40360658" lon="-68.64789948">
				<ele>1036.0</ele>
				<time>2025-06-07T19:22:12Z</time>
				<extensions>
					<ns3:TrackPointExtension>
						<ns3:speed>2.0</ns3:speed>
						<ns3:cad>79.0</ns3:cad>
						<ns3:hr>168</ns3:hr>
					</ns3:TrackPointExtension>
				</extensions>
			</trkpt>
			<trkpt lat="-31.40353358" lon="-68.64788182">
				<ele>1036.0</ele>
				<time>2025-06-07T19:22:15Z</time>
				<extensions>
					<ns3:TrackPointExtension>
						<ns3:speed>2.053388</ns3:speed>
						<ns3:cad>79.0</ns3:cad>
						<ns3:hr>170</ns3:hr>
					</ns3:TrackPointExtension>
				</extensions>
			</trkpt>
			<trkpt lat="-31.40347892" lon="-68.64786349">
				<ele>1036.0</ele>
				<time>2025-06-07T19:22:18Z</time>
				<extensions>
					<ns3:TrackPointExtension>
						<ns3:speed>2.1505377</ns3:speed>
						<ns3:cad>79.0</ns3:cad>
						<ns3:hr>170</ns3:hr>
					</ns3:TrackPointExtension>
				</extensions>
			</trkpt>
			<trkpt lat="-31.40343059" lon="-68.64784549">
				<ele>1036.0</ele>
				<time>2025-06-07T19:22:22Z</time>
				<extensions>
					<ns3:TrackPointExtension>
						<ns3:speed>1.953125</ns3:speed>
						<ns3:cad>79.0</ns3:cad>
						<ns3:hr>172</ns3:hr>
					</ns3:TrackPointExtension>
				</extensions>
			</trkpt>
			<trkpt lat="-31.40337559" lon="-68.64783016">
				<ele>1036.0</ele>
				<time>2025-06-07T19:22:28Z</time>
				<extensions>
					<ns3:TrackPointExtension>
						<ns3:speed>1.1520737</ns3:speed>
						<ns3:cad>79.0</ns3:cad>
						<ns3:hr>172</ns3:hr>
					</ns3:TrackPointExtension>
				</extensions>
			</trkpt>
			<trkpt lat="-31.40332659" lon="-68.64783616">
				<ele>1037.0</ele>
				<time>2025-06-07T19:22:34Z</time>
				<extensions>
					<ns3:TrackPointExtension>
						<ns3:speed>1.017294</ns3:speed>
						<ns3:cad>48.0</ns3:cad>
						<ns3:hr>173</ns3:hr>
					</ns3:TrackPointExtension>
				</extensions>
			</trkpt>
			<trkpt lat="-31.40327526" lon="-68.64784982">
				<ele>1039.0</ele>
				<time>2025-06-07T19:22:41Z</time>
				<extensions>
					<ns3:TrackPointExtension>
						<ns3:speed>0.9259259</ns3:speed>
						<ns3:cad>48.0</ns3:cad>
						<ns3:hr>173</ns3:hr>
					</ns3:TrackPointExtension>
				</extensions>
			</trkpt>
			<trkpt lat="-31.40321726" lon="-68.64783682">
				<ele>1039.0</ele>
				<time>2025-06-07T19:22:48Z</time>
				<extensions>
					<ns3:TrackPointExtension>
						<ns3:speed>0.90909094</ns3:speed>
						<ns3:cad>48.0</ns3:cad>
						<ns3:hr>171</ns3:hr>
					</ns3:TrackPointExtension>
				</extensions>
			</trkpt>
			<trkpt lat="-31.4031676" lon="-68.64785082">
				<ele>1040.0</ele>
				<time>2025-06-07T19:22:53Z</time>
				<extensions>
					<ns3:TrackPointExtension>
						<ns3:speed>0.9478673</ns3:speed>
						<ns3:cad>48.0</ns3:cad>
						<ns3:hr>173</ns3:hr>
					</ns3:TrackPointExtension>
				</extensions>
			</trkpt>
			<trkpt lat="-31.40311194" lon="-68.64784549">
				<ele>1040.0</ele>
				<time>2025-06-07T19:22:59Z</time>
				<extensions>
					<ns3:TrackPointExtension>
						<ns3:speed>0.9756098</ns3:speed>
						<ns3:cad>48.0</ns3:cad>
						<ns3:hr>174</ns3:hr>
					</ns3:TrackPointExtension>
				</extensions>
			</trkpt>
			<trkpt lat="-31.40304761" lon="-68.64784049">
				<ele>1040.0</ele>
				<time>2025-06-07T19:23:04Z</time>
				<extensions>
					<ns3:TrackPointExtension>
						<ns3:speed>1.0834236</ns3:speed>
						<ns3:cad>48.0</ns3:cad>
						<ns3:hr>168</ns3:hr>
					</ns3:TrackPointExtension>
				</extensions>
			</trkpt>
			<trkpt lat="-31.40298928" lon="-68.64784549">
				<ele>1040.0</ele>
				<time>2025-06-07T19:23:07Z</time>
				<extensions>
					<ns3:TrackPointExtension>
						<ns3:speed>1.3947002</ns3:speed>
						<ns3:cad>48.0</ns3:cad>
						<ns3:hr>166</ns3:hr>
					</ns3:TrackPointExtension>
				</extensions>
			</trkpt>
			<trkpt lat="-31.40291728" lon="-68.64784882">
				<ele>1040.0</ele>
				<time>2025-06-07T19:23:10Z</time>
				<extensions>
					<ns3:TrackPointExtension>
						<ns3:speed>1.9607843</ns3:speed>
						<ns3:cad>48.0</ns3:cad>
						<ns3:hr>169</ns3:hr>
					</ns3:TrackPointExtension>
				</extensions>
			</trkpt>
			<trkpt lat="-31.40286828" lon="-68.64785682">
				<ele>1040.0</ele>
				<time>2025-06-07T19:23:12Z</time>
				<extensions>
					<ns3:TrackPointExtension>
						<ns3:speed>2.3255813</ns3:speed>
						<ns3:cad>48.0</ns3:cad>
						<ns3:hr>169</ns3:hr>
					</ns3:TrackPointExtension>
				</extensions>
			</trkpt>
			<trkpt lat="-31.40281095" lon="-68.64786715">
				<ele>1041.0</ele>
				<time>2025-06-07T19:23:15Z</time>
				<extensions>
					<ns3:TrackPointExtension>
						<ns3:speed>2.5773196</ns3:speed>
						<ns3:cad>48.0</ns3:cad>
						<ns3:hr>169</ns3:hr>
					</ns3:TrackPointExtension>
				</extensions>
			</trkpt>
			<trkpt lat="-31.40276062" lon="-68.64788948">
				<ele>1041.0</ele>
				<time>2025-06-07T19:23:19Z</time>
				<extensions>
					<ns3:TrackPointExtension>
						<ns3:speed>2.0283976</ns3:speed>
						<ns3:cad>78.0</ns3:cad>
						<ns3:hr>168</ns3:hr>
					</ns3:TrackPointExtension>
				</extensions>
			</trkpt>
			<trkpt lat="-31.40274829" lon="-68.64794414">
				<ele>1042.0</ele>
				<time>2025-06-07T19:23:24Z</time>
				<extensions>
					<ns3:TrackPointExtension>
						<ns3:speed>1.356852</ns3:speed>
						<ns3:cad>78.0</ns3:cad>
						<ns3:hr>167</ns3:hr>
					</ns3:TrackPointExtension>
				</extensions>
			</trkpt>
			<trkpt lat="-31.40278795" lon="-68.64802747">
				<ele>1042.0</ele>
				<time>2025-06-07T19:23:28Z</time>
				<extensions>
					<ns3:TrackPointExtension>
						<ns3:speed>1.4492754</ns3:speed>
						<ns3:cad>78.0</ns3:cad>
						<ns3:hr>168</ns3:hr>
					</ns3:TrackPointExtension>
				</extensions>
			</trkpt>
			<trkpt lat="-31.40281728" lon="-68.64808247">
				<ele>1041.0</ele>
				<time>2025-06-07T19:23:30Z</time>
				<extensions>
					<ns3:TrackPointExtension>
						<ns3:speed>1.953125</ns3:speed>
						<ns3:cad>78.0</ns3:cad>
						<ns3:hr>167</ns3:hr>
					</ns3:TrackPointExtension>
				</extensions>
			</trkpt>
			<trkpt lat="-31.40283928" lon="-68.64814013">
				<ele>1041.0</ele>
				<time>2025-06-07T19:23:32Z</time>
				<extensions>
					<ns3:TrackPointExtension>
						<ns3:speed>2.5</ns3:speed>
						<ns3:cad>78.0</ns3:cad>
						<ns3:hr>167</ns3:hr>
					</ns3:TrackPointExtension>
				</extensions>
			</trkpt>
			<trkpt lat="-31.40285861" lon="-68.64819679">
				<ele>1040.0</ele>
				<time>2025-06-07T19:23:34Z</time>
				<extensions>
					<ns3:TrackPointExtension>
						<ns3:speed>2.8011205</ns3:speed>
						<ns3:cad>78.0</ns3:cad>
						<ns3:hr>168</ns3:hr>
					</ns3:TrackPointExtension>
				</extensions>
			</trkpt>
			<trkpt lat="-31.40287861" lon="-68.64826112">
				<ele>1040.0</ele>
				<time>2025-06-07T19:23:37Z</time>
				<extensions>
					<ns3:TrackPointExtension>
						<ns3:speed>2.857143</ns3:speed>
						<ns3:cad>78.0</ns3:cad>
						<ns3:hr>168</ns3:hr>
					</ns3:TrackPointExtension>
				</extensions>
			</trkpt>
			<trkpt lat="-31.40289794" lon="-68.64831312">
				<ele>1040.0</ele>
				<time>2025-06-07T19:23:42Z</time>
				<extensions>
					<ns3:TrackPointExtension>
						<ns3:speed>1.6806723</ns3:speed>
						<ns3:cad>78.0</ns3:cad>
						<ns3:hr>169</ns3:hr>
					</ns3:TrackPointExtension>
				</extensions>
			</trkpt>
			<trkpt lat="-31.40291827" lon="-68.64836745">
				<ele>1040.0</ele>
				<time>2025-06-07T19:23:51Z</time>
				<extensions>
					<ns3:TrackPointExtension>
						<ns3:speed>0.84033614</ns3:speed>
						<ns3:cad>78.0</ns3:cad>
						<ns3:hr>172</ns3:hr>
					</ns3:TrackPointExtension>
				</extensions>
			</trkpt>
			<trkpt lat="-31.4029316" lon="-68.64842711">
				<ele>1041.0</ele>
				<time>2025-06-07T19:24:00Z</time>
				<extensions>
					<ns3:TrackPointExtension>
						<ns3:speed>0.73260075</ns3:speed>
						<ns3:cad>78.0</ns3:cad>
						<ns3:hr>174</ns3:hr>
					</ns3:TrackPointExtension>
				</extensions>
			</trkpt>
			<trkpt lat="-31.4029716" lon="-68.64841211">
				<ele>1097.0</ele>
				<time>2025-06-07T19:31:33Z</time>
				<extensions>
					<ns3:TrackPointExtension>
						<ns3:speed>0.0</ns3:speed>
						<ns3:cad>0.0</ns3:cad>
						<ns3:hr>131</ns3:hr>
					</ns3:TrackPointExtension>
				</extensions>
			</trkpt>
			<trkpt lat="-31.4029716" lon="-68.64841211">
				<ele>1097.0</ele>
				<time>2025-06-07T19:31:34Z</time>
				<extensions>
					<ns3:TrackPointExtension>
						<ns3:speed>0.0</ns3:speed>
						<ns3:cad>0.0</ns3:cad>
						<ns3:hr>130</ns3:hr>
					</ns3:TrackPointExtension>
				</extensions>
			</trkpt>
			<trkpt lat="-31.40297326" lon="-68.64841211">
				<ele>1097.0</ele>
				<time>2025-06-07T19:31:35Z</time>
				<extensions>
					<ns3:TrackPointExtension>
						<ns3:speed>0.0</ns3:speed>
						<ns3:cad>0.0</ns3:cad>
						<ns3:hr>129</ns3:hr>
					</ns3:TrackPointExtension>
				</extensions>
			</trkpt>
			<trkpt lat="-31.40297326" lon="-68.64840711">
				<ele>1097.0</ele>
				<time>2025-06-07T19:31:36Z</time>
				<extensions>
					<ns3:TrackPointExtension>
						<ns3:speed>0.0</ns3:speed>
						<ns3:cad>0.0</ns3:cad>
						<ns3:hr>129</ns3:hr>
					</ns3:TrackPointExtension>
				</extensions>
			</trkpt>
			<trkpt lat="-31.40293393" lon="-68.64830611">
				<ele>1097.0</ele>
				<time>2025-06-07T19:31:41Z</time>
				<extensions>
					<ns3:TrackPointExtension>
						<ns3:speed>1.3986014</ns3:speed>
						<ns3:cad>0.0</ns3:cad>
						<ns3:hr>126</ns3:hr>
					</ns3:TrackPointExtension>
				</extensions>
			</trkpt>
			<trkpt lat="-31.40291127" lon="-68.64823811">
				<ele>1097.0</ele>
				<time>2025-06-07T19:31:43Z</time>
				<extensions>
					<ns3:TrackPointExtension>
						<ns3:speed>2.2727273</ns3:speed>
						<ns3:cad>0.0</ns3:cad>
						<ns3:hr>130</ns3:hr>
					</ns3:TrackPointExtension>
				</extensions>
			</trkpt>
			<trkpt lat="-31.40289061" lon="-68.64817045">
				<ele>1096.0</ele>
				<time>2025-06-07T19:31:45Z</time>
				<extensions>
					<ns3:TrackPointExtension>
						<ns3:speed>2.8818443</ns3:speed>
						<ns3:cad>0.0</ns3:cad>
						<ns3:hr>132</ns3:hr>
					</ns3:TrackPointExtension>
				</extensions>
			</trkpt>
			<trkpt lat="-31.40286995" lon="-68.64811245">
				<ele>1096.0</ele>
				<time>2025-06-07T19:31:47Z</time>
				<extensions>
					<ns3:TrackPointExtension>
						<ns3:speed>3.125</ns3:speed>
						<ns3:cad>0.0</ns3:cad>
						<ns3:hr>134</ns3:hr>
					</ns3:TrackPointExtension>
				</extensions>
			</trkpt>
			<trkpt lat="-31.40284629" lon="-68.64806012">
				<ele>1096.0</ele>
				<time>2025-06-07T19:31:49Z</time>
				<extensions>
					<ns3:TrackPointExtension>
						<ns3:speed>3.125</ns3:speed>
						<ns3:cad>0.0</ns3:cad>
						<ns3:hr>135</ns3:hr>
					</ns3:TrackPointExtension>
				</extensions>
			</trkpt>
			<trkpt lat="-31.40281563" lon="-68.64799779">
				<ele>1096.0</ele>
				<time>2025-06-07T19:31:52Z</time>
				<extensions>
					<ns3:TrackPointExtension>
						<ns3:speed>2.857143</ns3:speed>
						<ns3:cad>80.0</ns3:cad>
						<ns3:hr>135</ns3:hr>
					</ns3:TrackPointExtension>
				</extensions>
			</trkpt>
			<trkpt lat="-31.40278763" lon="-68.64794179">
				<ele>1096.0</ele>
				<time>2025-06-07T19:31:55Z</time>
				<extensions>
					<ns3:TrackPointExtension>
						<ns3:speed>2.4390244</ns3:speed>
						<ns3:cad>80.0</ns3:cad>
						<ns3:hr>135</ns3:hr>
					</ns3:TrackPointExtension>
				</extensions>
			</trkpt>
			<trkpt lat="-31.40277997" lon="-68.64787379">
				<ele>1097.0</ele>
				<time>2025-06-07T19:31:59Z</time>
				<extensions>
					<ns3:TrackPointExtension>
						<ns3:speed>1.953125</ns3:speed>
						<ns3:cad>80.0</ns3:cad>
						<ns3:hr>139</ns3:hr>
					</ns3:TrackPointExtension>
				</extensions>
			</trkpt>
			<trkpt lat="-31.4028273" lon="-68.64783079">
				<ele>1097.0</ele>
				<time>2025-06-07T19:32:02Z</time>
				<extensions>
					<ns3:TrackPointExtension>
						<ns3:speed>1.8181819</ns3:speed>
						<ns3:cad>80.0</ns3:cad>
						<ns3:hr>141</ns3:hr>
					</ns3:TrackPointExtension>
				</extensions>
			</trkpt>
			<trkpt lat="-31.40290596" lon="-68.64780079">
				<ele>1097.0</ele>
				<time>2025-06-07T19:32:05Z</time>
				<extensions>
					<ns3:TrackPointExtension>
						<ns3:speed>2.2371364</ns3:speed>
						<ns3:cad>80.0</ns3:cad>
						<ns3:hr>142</ns3:hr>
					</ns3:TrackPointExtension>
				</extensions>
			</trkpt>
			<trkpt lat="-31.40297896" lon="-68.64778779">
				<ele>1097.0</ele>
				<time>2025-06-07T19:32:08Z</time>
				<extensions>
					<ns3:TrackPointExtension>
						<ns3:speed>2.6666667</ns3:speed>
						<ns3:cad>80.0</ns3:cad>
						<ns3:hr>145</ns3:hr>
					</ns3:TrackPointExtension>
				</extensions>
			</trkpt>
			<trkpt lat="-31.40303062" lon="-68.64777979">
				<ele>1097.0</ele>
				<time>2025-06-07T19:32:10Z</time>
				<extensions>
					<ns3:TrackPointExtension>
						<ns3:speed>2.762431</ns3:speed>
						<ns3:cad>80.0</ns3:cad>
						<ns3:hr>146</ns3:hr>
					</ns3:TrackPointExtension>
				</extensions>
			</trkpt>
			<trkpt lat="-31.40308262" lon="-68.64777179">
				<ele>1097.0</ele>
				<time>2025-06-07T19:32:12Z</time>
				<extensions>
					<ns3:TrackPointExtension>
						<ns3:speed>2.8169014</ns3:speed>
						<ns3:cad>80.0</ns3:cad>
						<ns3:hr>145</ns3:hr>
					</ns3:TrackPointExtension>
				</extensions>
			</trkpt>
			<trkpt lat="-31.40315195" lon="-68.64777445">
				<ele>1096.0</ele>
				<time>2025-06-07T19:32:15Z</time>
				<extensions>
					<ns3:TrackPointExtension>
						<ns3:speed>2.840909</ns3:speed>
						<ns3:cad>80.0</ns3:cad>
						<ns3:hr>145</ns3:hr>
					</ns3:TrackPointExtension>
				</extensions>
			</trkpt>
			<trkpt lat="-31.40322461" lon="-68.64779045">
				<ele>1095.0</ele>
				<time>2025-06-07T19:32:18Z</time>
				<extensions>
					<ns3:TrackPointExtension>
						<ns3:speed>2.7027028</ns3:speed>
						<ns3:cad>80.0</ns3:cad>
						<ns3:hr>144</ns3:hr>
					</ns3:TrackPointExtension>
				</extensions>
			</trkpt>
			<trkpt lat="-31.40329827" lon="-68.64779345">
				<ele>1094.0</ele>
				<time>2025-06-07T19:32:21Z</time>
				<extensions>
					<ns3:TrackPointExtension>
						<ns3:speed>2.688172</ns3:speed>
						<ns3:cad>80.0</ns3:cad>
						<ns3:hr>145</ns3:hr>
					</ns3:TrackPointExtension>
				</extensions>
			</trkpt>
			<trkpt lat="-31.4033546" lon="-68.64778712">
				<ele>1094.0</ele>
				<time>2025-06-07T19:32:23Z</time>
				<extensions>
					<ns3:TrackPointExtension>
						<ns3:speed>2.7027028</ns3:speed>
						<ns3:cad>80.0</ns3:cad>
						<ns3:hr>145</ns3:hr>
					</ns3:TrackPointExtension>
				</extensions>
			</trkpt>
			<trkpt lat="-31.40340726" lon="-68.64779245">
				<ele>1093.0</ele>
				<time>2025-06-07T19:32:25Z</time>
				<extensions>
					<ns3:TrackPointExtension>
						<ns3:speed>2.7777777</ns3:speed>
						<ns3:cad>80.0</ns3:cad>
						<ns3:hr>147</ns3:hr>
					</ns3:TrackPointExtension>
				</extensions>
			</trkpt>
			<trkpt lat="-31.40346092" lon="-68.64780811">
				<ele>1092.0</ele>
				<time>2025-06-07T19:32:27Z</time>
				<extensions>
					<ns3:TrackPointExtension>
						<ns3:speed>2.8169014</ns3:speed>
						<ns3:cad>80.0</ns3:cad>
						<ns3:hr>148</ns3:hr>
					</ns3:TrackPointExtension>
				</extensions>
			</trkpt>
			<trkpt lat="-31.40351792" lon="-68.64782811">
				<ele>1092.0</ele>
				<time>2025-06-07T19:32:29Z</time>
				<extensions>
					<ns3:TrackPointExtension>
						<ns3:speed>2.857143</ns3:speed>
						<ns3:cad>80.0</ns3:cad>
						<ns3:hr>147</ns3:hr>
					</ns3:TrackPointExtension>
				</extensions>
			</trkpt>
			<trkpt lat="-31.40357358" lon="-68.64784444">
				<ele>1091.0</ele>
				<time>2025-06-07T19:32:31Z</time>
				<extensions>
					<ns3:TrackPointExtension>
						<ns3:speed>2.8985507</ns3:speed>
						<ns3:cad>87.0</ns3:cad>
						<ns3:hr>147</ns3:hr>
					</ns3:TrackPointExtension>
				</extensions>
			</trkpt>
			<trkpt lat="-31.40362191" lon="-68.64786044">
				<ele>1091.0</ele>
				<time>2025-06-07T19:32:33Z</time>
				<extensions>
					<ns3:TrackPointExtension>
						<ns3:speed>2.9411764</ns3:speed>
						<ns3:cad>86.0</ns3:cad>
						<ns3:hr>147</ns3:hr>
					</ns3:TrackPointExtension>
				</extensions>
			</trkpt>
			<trkpt lat="-31.40369891" lon="-68.64788877">
				<ele>1091.0</ele>
				<time>2025-06-07T19:32:36Z</time>
				<extensions>
					<ns3:TrackPointExtension>
						<ns3:speed>2.9411764</ns3:speed>
						<ns3:cad>86.0</ns3:cad>
						<ns3:hr>147</ns3:hr>
					</ns3:TrackPointExtension>
				</extensions>
			</trkpt>
			<trkpt lat="-31.40377724" lon="-68.6479271">
				<ele>1091.0</ele>
				<time>2025-06-07T19:32:39Z</time>
				<extensions>
					<ns3:TrackPointExtension>
						<ns3:speed>2.9850745</ns3:speed>
						<ns3:cad>86.0</ns3:cad>
						<ns3:hr>148</ns3:hr>
					</ns3:TrackPointExtension>
				</extensions>
			</trkpt>
			<trkpt lat="-31.40383257" lon="-68.64795243">
				<ele>1091.0</ele>
				<time>2025-06-07T19:32:41Z</time>
				<extensions>
					<ns3:TrackPointExtension>
						<ns3:speed>3.0769231</ns3:speed>
						<ns3:cad>86.0</ns3:cad>
						<ns3:hr>149</ns3:hr>
					</ns3:TrackPointExtension>
				</extensions>
			</trkpt>
			<trkpt lat="-31.40388923" lon="-68.64798043">
				<ele>1091.0</ele>
				<time>2025-06-07T19:32:43Z</time>
				<extensions>
					<ns3:TrackPointExtension>
						<ns3:speed>3.1545742</ns3:speed>
						<ns3:cad>86.0</ns3:cad>
						<ns3:hr>149</ns3:hr>
					</ns3:TrackPointExtension>
				</extensions>
			</trkpt>
			<trkpt lat="-31.40394289" lon="-68.64801176">
				<ele>1091.0</ele>
				<time>2025-06-07T19:32:45Z</time>
				<extensions>
					<ns3:TrackPointExtension>
						<ns3:speed>3.2258065</ns3:speed>
						<ns3:cad>86.0</ns3:cad>
						<ns3:hr>151</ns3:hr>
					</ns3:TrackPointExtension>
				</extensions>
			</trkpt>
			<trkpt lat="-31.40399189" lon="-68.64804176">
				<ele>1091.0</ele>
				<time>2025-06-07T19:32:47Z</time>
				<extensions>
					<ns3:TrackPointExtension>
						<ns3:speed>3.2467532</ns3:speed>
						<ns3:cad>86.0</ns3:cad>
						<ns3:hr>152</ns3:hr>
					</ns3:TrackPointExtension>
				</extensions>
			</trkpt>
			<trkpt lat="-31.40403455" lon="-68.64807542">
				<ele>1091.0</ele>
				<time>2025-06-07T19:32:49Z</time>
				<extensions>
					<ns3:TrackPointExtension>
						<ns3:speed>3.2258065</ns3:speed>
						<ns3:cad>86.0</ns3:cad>
						<ns3:hr>153</ns3:hr>
					</ns3:TrackPointExtension>
				</extensions>
			</trkpt>
			<trkpt lat="-31.40409555" lon="-68.64812208">
				<ele>1091.0</ele>
				<time>2025-06-07T19:32:52Z</time>
				<extensions>
					<ns3:TrackPointExtension>
						<ns3:speed>3.1746032</ns3:speed>
						<ns3:cad>86.0</ns3:cad>
						<ns3:hr>151</ns3:hr>
					</ns3:TrackPointExtension>
				</extensions>
			</trkpt>
			<trkpt lat="-31.40414521" lon="-68.64815174">
				<ele>1090.0</ele>
				<time>2025-06-07T19:32:54Z</time>
				<extensions>
					<ns3:TrackPointExtension>
						<ns3:speed>3.0959752</ns3:speed>
						<ns3:cad>86.0</ns3:cad>
						<ns3:hr>149</ns3:hr>
					</ns3:TrackPointExtension>
				</extensions>
			</trkpt>
			<trkpt lat="-31.40419587" lon="-68.64817607">
				<ele>1090.0</ele>
				<time>2025-06-07T19:32:56Z</time>
				<extensions>
					<ns3:TrackPointExtension>
						<ns3:speed>3.0769231</ns3:speed>
						<ns3:cad>86.0</ns3:cad>
						<ns3:hr>149</ns3:hr>
					</ns3:TrackPointExtension>
				</extensions>
			</trkpt>
			<trkpt lat="-31.40424587" lon="-68.64819707">
				<ele>1090.0</ele>
				<time>2025-06-07T19:32:58Z</time>
				<extensions>
					<ns3:TrackPointExtension>
						<ns3:speed>3.0769231</ns3:speed>
						<ns3:cad>86.0</ns3:cad>
						<ns3:hr>149</ns3:hr>
					</ns3:TrackPointExtension>
				</extensions>
			</trkpt>
			<trkpt lat="-31.40429553" lon="-68.64821307">
				<ele>1090.0</ele>
				<time>2025-06-07T19:33:00Z</time>
				<extensions>
					<ns3:TrackPointExtension>
						<ns3:speed>3.0769231</ns3:speed>
						<ns3:cad>86.0</ns3:cad>
						<ns3:hr>149</ns3:hr>
					</ns3:TrackPointExtension>
				</extensions>
			</trkpt>
			<trkpt lat="-31.40434719" lon="-68.6482314">
				<ele>1090.0</ele>
				<time>2025-06-07T19:33:02Z</time>
				<extensions>
					<ns3:TrackPointExtension>
						<ns3:speed>3.0487804</ns3:speed>
						<ns3:cad>86.0</ns3:cad>
						<ns3:hr>149</ns3:hr>
					</ns3:TrackPointExtension>
				</extensions>
			</trkpt>
			<trkpt lat="-31.40439785" lon="-68.64825506">
				<ele>1090.0</ele>
				<time>2025-06-07T19:33:04Z</time>
				<extensions>
					<ns3:TrackPointExtension>
						<ns3:speed>3.030303</ns3:speed>
						<ns3:cad>85.0</ns3:cad>
						<ns3:hr>150</ns3:hr>
					</ns3:TrackPointExtension>
				</extensions>
			</trkpt>
			<trkpt lat="-31.40446385" lon="-68.64827739">
				<ele>1090.0</ele>
				<time>2025-06-07T19:33:07Z</time>
				<extensions>
					<ns3:TrackPointExtension>
						<ns3:speed>3.030303</ns3:speed>
						<ns3:cad>85.0</ns3:cad>
						<ns3:hr>148</ns3:hr>
					</ns3:TrackPointExtension>
				</extensions>
			</trkpt>
			<trkpt lat="-31.40453385" lon="-68.64828705">
				<ele>1090.0</ele>
				<time>2025-06-07T19:33:10Z</time>
				<extensions>
					<ns3:TrackPointExtension>
						<ns3:speed>2.7777777</ns3:speed>
						<ns3:cad>85.0</ns3:cad>
						<ns3:hr>147</ns3:hr>
					</ns3:TrackPointExtension>
				</extensions>
			</trkpt>
			<trkpt lat="-31.40458151" lon="-68.64828871">
				<ele>1091.0</ele>
				<time>2025-06-07T19:33:12Z</time>
				<extensions>
					<ns3:TrackPointExtension>
						<ns3:speed>2.7173913</ns3:speed>
						<ns3:cad>85.0</ns3:cad>
						<ns3:hr>147</ns3:hr>
					</ns3:TrackPointExtension>
				</extensions>
			</trkpt>
			<trkpt lat="-31.40465217" lon="-68.64829504">
				<ele>1091.0</ele>
				<time>2025-06-07T19:33:15Z</time>
				<extensions>
					<ns3:TrackPointExtension>
						<ns3:speed>2.7027028</ns3:speed>
						<ns3:cad>85.0</ns3:cad>
						<ns3:hr>148</ns3:hr>
					</ns3:TrackPointExtension>
				</extensions>
			</trkpt>
			<trkpt lat="-31.40472983" lon="-68.64829737">
				<ele>1091.0</ele>
				<time>2025-06-07T19:33:18Z</time>
				<extensions>
					<ns3:TrackPointExtension>
						<ns3:speed>2.688172</ns3:speed>
						<ns3:cad>85.0</ns3:cad>
						<ns3:hr>149</ns3:hr>
					</ns3:TrackPointExtension>
				</extensions>
			</trkpt>
			<trkpt lat="-31.40478983" lon="-68.64830503">
				<ele>1091.0</ele>
				<time>2025-06-07T19:33:20Z</time>
				<extensions>
					<ns3:TrackPointExtension>
						<ns3:speed>2.7027028</ns3:speed>
						<ns3:cad>85.0</ns3:cad>
						<ns3:hr>148</ns3:hr>
					</ns3:TrackPointExtension>
				</extensions>
			</trkpt>
			<trkpt lat="-31.40484916" lon="-68.64832236">
				<ele>1091.0</ele>
				<time>2025-06-07T19:33:22Z</time>
				<extensions>
					<ns3:TrackPointExtension>
						<ns3:speed>2.762431</ns3:speed>
						<ns3:cad>85.0</ns3:cad>
						<ns3:hr>147</ns3:hr>
					</ns3:TrackPointExtension>
				</extensions>
			</trkpt>
			<trkpt lat="-31.40489349" lon="-68.64834002">
				<ele>1091.0</ele>
				<time>2025-06-07T19:33:24Z</time>
				<extensions>
					<ns3:TrackPointExtension>
						<ns3:speed>3.030303</ns3:speed>
						<ns3:cad>85.0</ns3:cad>
						<ns3:hr>149</ns3:hr>
					</ns3:TrackPointExtension>
				</extensions>
			</trkpt>
			<trkpt lat="-31.40494215" lon="-68.64835935">
				<ele>1091.0</ele>
				<time>2025-06-07T19:33:27Z</time>
				<extensions>
					<ns3:TrackPointExtension>
						<ns3:speed>2.793296</ns3:speed>
						<ns3:cad>85.0</ns3:cad>
						<ns3:hr>150</ns3:hr>
					</ns3:TrackPointExtension>
				</extensions>
			</trkpt>
			<trkpt lat="-31.40499681" lon="-68.64838135">
				<ele>1091.0</ele>
				<time>2025-06-07T19:33:30Z</time>
				<extensions>
					<ns3:TrackPointExtension>
						<ns3:speed>2.2222223</ns3:speed>
						<ns3:cad>85.0</ns3:cad>
						<ns3:hr>150</ns3:hr>
					</ns3:TrackPointExtension>
				</extensions>
			</trkpt>
			<trkpt lat="-31.40506114" lon="-68.64840568">
				<ele>1091.0</ele>
				<time>2025-06-07T19:33:33Z</time>
				<extensions>
					<ns3:TrackPointExtension>
						<ns3:speed>2.173913</ns3:speed>
						<ns3:cad>85.0</ns3:cad>
						<ns3:hr>149</ns3:hr>
					</ns3:TrackPointExtension>
				</extensions>
			</trkpt>
			<trkpt lat="-31.40512814" lon="-68.64843768">
				<ele>1091.0</ele>
				<time>2025-06-07T19:33:36Z</time>
				<extensions>
					<ns3:TrackPointExtension>
						<ns3:speed>2.3809524</ns3:speed>
						<ns3:cad>85.0</ns3:cad>
						<ns3:hr>148</ns3:hr>
					</ns3:TrackPointExtension>
				</extensions>
			</trkpt>
			<trkpt lat="-31.40518114" lon="-68.64845634">
				<ele>1091.0</ele>
				<time>2025-06-07T19:33:38Z</time>
				<extensions>
					<ns3:TrackPointExtension>
						<ns3:speed>2.5316455</ns3:speed>
						<ns3:cad>85.0</ns3:cad>
						<ns3:hr>148</ns3:hr>
					</ns3:TrackPointExtension>
				</extensions>
			</trkpt>
			<trkpt lat="-31.40523647" lon="-68.64847967">
				<ele>1091.0</ele>
				<time>2025-06-07T19:33:40Z</time>
				<extensions>
					<ns3:TrackPointExtension>
						<ns3:speed>2.793296</ns3:speed>
						<ns3:cad>85.0</ns3:cad>
						<ns3:hr>147</ns3:hr>
					</ns3:TrackPointExtension>
				</extensions>
			</trkpt>
			<trkpt lat="-31.40528313" lon="-68.64850867">
				<ele>1091.0</ele>
				<time>2025-06-07T19:33:42Z</time>
				<extensions>
					<ns3:TrackPointExtension>
						<ns3:speed>2.9850745</ns3:speed>
						<ns3:cad>85.0</ns3:cad>
						<ns3:hr>147</ns3:hr>
					</ns3:TrackPointExtension>
				</extensions>
			</trkpt>
			<trkpt lat="-31.40532979" lon="-68.64854233">
				<ele>1090.0</ele>
				<time>2025-06-07T19:33:44Z</time>
				<extensions>
					<ns3:TrackPointExtension>
						<ns3:speed>3.0120482</ns3:speed>
						<ns3:cad>90.0</ns3:cad>
						<ns3:hr>147</ns3:hr>
					</ns3:TrackPointExtension>
				</extensions>
			</trkpt>
			<trkpt lat="-31.40537912" lon="-68.64858833">
				<ele>1089.0</ele>
				<time>2025-06-07T19:33:46Z</time>
				<extensions>
					<ns3:TrackPointExtension>
						<ns3:speed>3.0487804</ns3:speed>
						<ns3:cad>90.0</ns3:cad>
						<ns3:hr>147</ns3:hr>
					</ns3:TrackPointExtension>
				</extensions>
			</trkpt>
			<trkpt lat="-31.40542878" lon="-68.64863166">
				<ele>1089.0</ele>
				<time>2025-06-07T19:33:48Z</time>
				<extensions>
					<ns3:TrackPointExtension>
						<ns3:speed>3.125</ns3:speed>
						<ns3:cad>90.0</ns3:cad>
						<ns3:hr>148</ns3:hr>
					</ns3:TrackPointExtension>
				</extensions>
			</trkpt>
			<trkpt lat="-31.40548178" lon="-68.64866632">
				<ele>1088.0</ele>
				<time>2025-06-07T19:33:50Z</time>
				<extensions>
					<ns3:TrackPointExtension>
						<ns3:speed>3.1746032</ns3:speed>
						<ns3:cad>90.0</ns3:cad>
						<ns3:hr>149</ns3:hr>
					</ns3:TrackPointExtension>
				</extensions>
			</trkpt>
			<trkpt lat="-31.40553544" lon="-68.64869298">
				<ele>1088.0</ele>
				<time>2025-06-07T19:33:52Z</time>
				<extensions>
					<ns3:TrackPointExtension>
						<ns3:speed>3.2051282</ns3:speed>
						<ns3:cad>90.0</ns3:cad>
						<ns3:hr>151</ns3:hr>
					</ns3:TrackPointExtension>
				</extensions>
			</trkpt>
			<trkpt lat="-31.40558844" lon="-68.64871598">
				<ele>1087.0</ele>
				<time>2025-06-07T19:33:54Z</time>
				<extensions>
					<ns3:TrackPointExtension>
						<ns3:speed>3.2258065</ns3:speed>
						<ns3:cad>82.0</ns3:cad>
						<ns3:hr>151</ns3:hr>
					</ns3:TrackPointExtension>
				</extensions>
			</trkpt>
			<trkpt lat="-31.4056371" lon="-68.64874231">
				<ele>1087.0</ele>
				<time>2025-06-07T19:33:56Z</time>
				<extensions>
					<ns3:TrackPointExtension>
						<ns3:speed>3.2258065</ns3:speed>
						<ns3:cad>82.0</ns3:cad>
						<ns3:hr>151</ns3:hr>
					</ns3:TrackPointExtension>
				</extensions>
			</trkpt>
			<trkpt lat="-31.40568043" lon="-68.64877131">
				<ele>1087.0</ele>
				<time>2025-06-07T19:33:58Z</time>
				<extensions>
					<ns3:TrackPointExtension>
						<ns3:speed>3.194888</ns3:speed>
						<ns3:cad>82.0</ns3:cad>
						<ns3:hr>149</ns3:hr>
					</ns3:TrackPointExtension>
				</extensions>
			</trkpt>
			<trkpt lat="-31.40573476" lon="-68.64882697">
				<ele>1088.0</ele>
				<time>2025-06-07T19:34:01Z</time>
				<extensions>
					<ns3:TrackPointExtension>
						<ns3:speed>3.125</ns3:speed>
						<ns3:cad>82.0</ns3:cad>
						<ns3:hr>150</ns3:hr>
					</ns3:TrackPointExtension>
				</extensions>
			</trkpt>
			<trkpt lat="-31.40579876" lon="-68.64885963">
				<ele>1088.0</ele>
				<time>2025-06-07T19:34:04Z</time>
				<extensions>
					<ns3:TrackPointExtension>
						<ns3:speed>3.0769231</ns3:speed>
						<ns3:cad>82.0</ns3:cad>
						<ns3:hr>150</ns3:hr>
					</ns3:TrackPointExtension>
				</extensions>
			</trkpt>
			<trkpt lat="-31.40587309" lon="-68.64888429">
				<ele>1088.0</ele>
				<time>2025-06-07T19:34:07Z</time>
				<extensions>
					<ns3:TrackPointExtension>
						<ns3:speed>3.030303</ns3:speed>
						<ns3:cad>82.0</ns3:cad>
						<ns3:hr>149</ns3:hr>
					</ns3:TrackPointExtension>
				</extensions>
			</trkpt>
			<trkpt lat="-31.40592575" lon="-68.64888995">
				<ele>1088.0</ele>
				<time>2025-06-07T19:34:09Z</time>
				<extensions>
					<ns3:TrackPointExtension>
						<ns3:speed>3.0030031</ns3:speed>
						<ns3:cad>81.0</ns3:cad>
						<ns3:hr>152</ns3:hr>
					</ns3:TrackPointExtension>
				</extensions>
			</trkpt>
			<trkpt lat="-31.40599075" lon="-68.64888795">
				<ele>1088.0</ele>
				<time>2025-06-07T19:34:11Z</time>
				<extensions>
					<ns3:TrackPointExtension>
						<ns3:speed>2.9850745</ns3:speed>
						<ns3:cad>82.0</ns3:cad>
						<ns3:hr>153</ns3:hr>
					</ns3:TrackPointExtension>
				</extensions>
			</trkpt>
			<trkpt lat="-31.40605375" lon="-68.64888662">
				<ele>1088.0</ele>
				<time>2025-06-07T19:34:13Z</time>
				<extensions>
					<ns3:TrackPointExtension>
						<ns3:speed>3.030303</ns3:speed>
						<ns3:cad>82.0</ns3:cad>
						<ns3:hr>153</ns3:hr>
					</ns3:TrackPointExtension>
				</extensions>
			</trkpt>
			<trkpt lat="-31.40611108" lon="-68.64888995">
				<ele>1087.0</ele>
				<time>2025-06-07T19:34:15Z</time>
				<extensions>
					<ns3:TrackPointExtension>
						<ns3:speed>3.058104</ns3:speed>
						<ns3:cad>82.0</ns3:cad>
						<ns3:hr>152</ns3:hr>
					</ns3:TrackPointExtension>
				</extensions>
			</trkpt>
			<trkpt lat="-31.40616874" lon="-68.64889728">
				<ele>1087.0</ele>
				<time>2025-06-07T19:34:17Z</time>
				<extensions>
					<ns3:TrackPointExtension>
						<ns3:speed>3.0769231</ns3:speed>
						<ns3:cad>82.0</ns3:cad>
						<ns3:hr>152</ns3:hr>
					</ns3:TrackPointExtension>
				</extensions>
			</trkpt>
			<trkpt lat="-31.4062184" lon="-68.64890594">
				<ele>1087.0</ele>
				<time>2025-06-07T19:34:19Z</time>
				<extensions>
					<ns3:TrackPointExtension>
						<ns3:speed>3.0769231</ns3:speed>
						<ns3:cad>82.0</ns3:cad>
						<ns3:hr>153</ns3:hr>
					</ns3:TrackPointExtension>
				</extensions>
			</trkpt>
			<trkpt lat="-31.4062704" lon="-68.64891394">
				<ele>1086.0</ele>
				<time>2025-06-07T19:34:21Z</time>
				<extensions>
					<ns3:TrackPointExtension>
						<ns3:speed>3.0769231</ns3:speed>
						<ns3:cad>82.0</ns3:cad>
						<ns3:hr>153</ns3:hr>
					</ns3:TrackPointExtension>
				</extensions>
			</trkpt>
			<trkpt lat="-31.40632573" lon="-68.6489196">
				<ele>1086.0</ele>
				<time>2025-06-07T19:34:23Z</time>
				<extensions>
					<ns3:TrackPointExtension>
						<ns3:speed>3.0769231</ns3:speed>
						<ns3:cad>82.0</ns3:cad>
						<ns3:hr>153</ns3:hr>
					</ns3:TrackPointExtension>
				</extensions>
			</trkpt>
			<trkpt lat="-31.40637739" lon="-68.6489266">
				<ele>1086.0</ele>
				<time>2025-06-07T19:34:25Z</time>
				<extensions>
					<ns3:TrackPointExtension>
						<ns3:speed>3.058104</ns3:speed>
						<ns3:cad>82.0</ns3:cad>
						<ns3:hr>153</ns3:hr>
					</ns3:TrackPointExtension>
				</extensions>
			</trkpt>
			<trkpt lat="-31.40643672" lon="-68.6489306">
				<ele>1086.0</ele>
				<time>2025-06-07T19:34:28Z</time>
				<extensions>
					<ns3:TrackPointExtension>
						<ns3:speed>2.9850745</ns3:speed>
						<ns3:cad>81.0</ns3:cad>
						<ns3:hr>154</ns3:hr>
					</ns3:TrackPointExtension>
				</extensions>
			</trkpt>
			<trkpt lat="-31.40649105" lon="-68.64893793">
				<ele>1086.0</ele>
				<time>2025-06-07T19:34:32Z</time>
				<extensions>
					<ns3:TrackPointExtension>
						<ns3:speed>2.1505377</ns3:speed>
						<ns3:cad>81.0</ns3:cad>
						<ns3:hr>155</ns3:hr>
					</ns3:TrackPointExtension>
				</extensions>
			</trkpt>
			<trkpt lat="-31.40655871" lon="-68.64892827">
				<ele>1087.0</ele>
				<time>2025-06-07T19:34:36Z</time>
				<extensions>
					<ns3:TrackPointExtension>
						<ns3:speed>1.6447369</ns3:speed>
						<ns3:cad>81.0</ns3:cad>
						<ns3:hr>155</ns3:hr>
					</ns3:TrackPointExtension>
				</extensions>
			</trkpt>
			<trkpt lat="-31.40662904" lon="-68.64889927">
				<ele>1087.0</ele>
				<time>2025-06-07T19:34:39Z</time>
				<extensions>
					<ns3:TrackPointExtension>
						<ns3:speed>2.0491803</ns3:speed>
						<ns3:cad>81.0</ns3:cad>
						<ns3:hr>156</ns3:hr>
					</ns3:TrackPointExtension>
				</extensions>
			</trkpt>
			<trkpt lat="-31.40667504" lon="-68.64888594">
				<ele>1087.0</ele>
				<time>2025-06-07T19:34:41Z</time>
				<extensions>
					<ns3:TrackPointExtension>
						<ns3:speed>2.4096386</ns3:speed>
						<ns3:cad>81.0</ns3:cad>
						<ns3:hr>156</ns3:hr>
					</ns3:TrackPointExtension>
				</extensions>
			</trkpt>
			<trkpt lat="-31.4067407" lon="-68.64888694">
				<ele>1087.0</ele>
				<time>2025-06-07T19:34:44Z</time>
				<extensions>
					<ns3:TrackPointExtension>
						<ns3:speed>2.5188916</ns3:speed>
						<ns3:cad>81.0</ns3:cad>
						<ns3:hr>156</ns3:hr>
					</ns3:TrackPointExtension>
				</extensions>
			</trkpt>
			<trkpt lat="-31.4068107" lon="-68.6488916">
				<ele>1086.0</ele>
				<time>2025-06-07T19:34:47Z</time>
				<extensions>
					<ns3:TrackPointExtension>
						<ns3:speed>2.5</ns3:speed>
						<ns3:cad>81.0</ns3:cad>
						<ns3:hr>159</ns3:hr>
					</ns3:TrackPointExtension>
				</extensions>
			</trkpt>
			<trkpt lat="-31.40686403" lon="-68.64889526">
				<ele>1085.0</ele>
				<time>2025-06-07T19:34:49Z</time>
				<extensions>
					<ns3:TrackPointExtension>
						<ns3:speed>2.5188916</ns3:speed>
						<ns3:cad>81.0</ns3:cad>
						<ns3:hr>160</ns3:hr>
					</ns3:TrackPointExtension>
				</extensions>
			</trkpt>
			<trkpt lat="-31.40691736" lon="-68.64890526">
				<ele>1085.0</ele>
				<time>2025-06-07T19:34:51Z</time>
				<extensions>
					<ns3:TrackPointExtension>
						<ns3:speed>2.5839794</ns3:speed>
						<ns3:cad>81.0</ns3:cad>
						<ns3:hr>160</ns3:hr>
					</ns3:TrackPointExtension>
				</extensions>
			</trkpt>
			<trkpt lat="-31.40697636" lon="-68.64892426">
				<ele>1084.0</ele>
				<time>2025-06-07T19:34:53Z</time>
				<extensions>
					<ns3:TrackPointExtension>
						<ns3:speed>2.6666667</ns3:speed>
						<ns3:cad>81.0</ns3:cad>
						<ns3:hr>160</ns3:hr>
					</ns3:TrackPointExtension>
				</extensions>
			</trkpt>
			<trkpt lat="-31.40703636" lon="-68.64894692">
				<ele>1083.0</ele>
				<time>2025-06-07T19:34:55Z</time>
				<extensions>
					<ns3:TrackPointExtension>
						<ns3:speed>2.762431</ns3:speed>
						<ns3:cad>81.0</ns3:cad>
						<ns3:hr>157</ns3:hr>
					</ns3:TrackPointExtension>
				</extensions>
			</trkpt>
			<trkpt lat="-31.40709169" lon="-68.64896892">
				<ele>1083.0</ele>
				<time>2025-06-07T19:34:57Z</time>
				<extensions>
					<ns3:TrackPointExtension>
						<ns3:speed>2.857143</ns3:speed>
						<ns3:cad>81.0</ns3:cad>
						<ns3:hr>156</ns3:hr>
					</ns3:TrackPointExtension>
				</extensions>
			</trkpt>
			<trkpt lat="-31.40715135" lon="-68.64898392">
				<ele>1082.0</ele>
				<time>2025-06-07T19:34:59Z</time>
				<extensions>
					<ns3:TrackPointExtension>
						<ns3:speed>2.9239767</ns3:speed>
						<ns3:cad>81.0</ns3:cad>
						<ns3:hr>157</ns3:hr>
					</ns3:TrackPointExtension>
				</extensions>
			</trkpt>
			<trkpt lat="-31.40721435" lon="-68.64899392">
				<ele>1081.0</ele>
				<time>2025-06-07T19:35:01Z</time>
				<extensions>
					<ns3:TrackPointExtension>
						<ns3:speed>2.9850745</ns3:speed>
						<ns3:cad>81.0</ns3:cad>
						<ns3:hr>158</ns3:hr>
					</ns3:TrackPointExtension>
				</extensions>
			</trkpt>
			<trkpt lat="-31.40727201" lon="-68.64899725">
				<ele>1081.0</ele>
				<time>2025-06-07T19:35:03Z</time>
				<extensions>
					<ns3:TrackPointExtension>
						<ns3:speed>3.125</ns3:speed>
						<ns3:cad>81.0</ns3:cad>
						<ns3:hr>152</ns3:hr>
					</ns3:TrackPointExtension>
				</extensions>
			</trkpt>
			<trkpt lat="-31.40732301" lon="-68.64899891">
				<ele>1081.0</ele>
				<time>2025-06-07T19:35:05Z</time>
				<extensions>
					<ns3:TrackPointExtension>
						<ns3:speed>3.1746032</ns3:speed>
						<ns3:cad>81.0</ns3:cad>
						<ns3:hr>151</ns3:hr>
					</ns3:TrackPointExtension>
				</extensions>
			</trkpt>
			<trkpt lat="-31.40737167" lon="-68.64899957">
				<ele>1081.0</ele>
				<time>2025-06-07T19:35:07Z</time>
				<extensions>
					<ns3:TrackPointExtension>
						<ns3:speed>3.144654</ns3:speed>
						<ns3:cad>81.0</ns3:cad>
						<ns3:hr>150</ns3:hr>
					</ns3:TrackPointExtension>
				</extensions>
			</trkpt>
			<trkpt lat="-31.407436" lon="-68.6490089">
				<ele>1081.0</ele>
				<time>2025-06-07T19:35:10Z</time>
				<extensions>
					<ns3:TrackPointExtension>
						<ns3:speed>3.0487804</ns3:speed>
						<ns3:cad>81.0</ns3:cad>
						<ns3:hr>144</ns3:hr>
					</ns3:TrackPointExtension>
				</extensions>
			</trkpt>
			<trkpt lat="-31.407495" lon="-68.6490259">
				<ele>1081.0</ele>
				<time>2025-06-07T19:35:13Z</time>
				<extensions>
					<ns3:TrackPointExtension>
						<ns3:speed>2.8011205</ns3:speed>
						<ns3:cad>81.0</ns3:cad>
						<ns3:hr>144</ns3:hr>
					</ns3:TrackPointExtension>
				</extensions>
			</trkpt>
			<trkpt lat="-31.40755766" lon="-68.64904923">
				<ele>1081.0</ele>
				<time>2025-06-07T19:35:16Z</time>
				<extensions>
					<ns3:TrackPointExtension>
						<ns3:speed>2.4509804</ns3:speed>
						<ns3:cad>81.0</ns3:cad>
						<ns3:hr>145</ns3:hr>
					</ns3:TrackPointExtension>
				</extensions>
			</trkpt>
			<trkpt lat="-31.40763132" lon="-68.64908156">
				<ele>1081.0</ele>
				<time>2025-06-07T19:35:19Z</time>
				<extensions>
					<ns3:TrackPointExtension>
						<ns3:speed>2.4691358</ns3:speed>
						<ns3:cad>81.0</ns3:cad>
						<ns3:hr>144</ns3:hr>
					</ns3:TrackPointExtension>
				</extensions>
			</trkpt>
			<trkpt lat="-31.40768165" lon="-68.64911722">
				<ele>1081.0</ele>
				<time>2025-06-07T19:35:21Z</time>
				<extensions>
					<ns3:TrackPointExtension>
						<ns3:speed>2.5510204</ns3:speed>
						<ns3:cad>81.0</ns3:cad>
						<ns3:hr>145</ns3:hr>
					</ns3:TrackPointExtension>
				</extensions>
			</trkpt>
			<trkpt lat="-31.40772365" lon="-68.64915755">
				<ele>1081.0</ele>
				<time>2025-06-07T19:35:23Z</time>
				<extensions>
					<ns3:TrackPointExtension>
						<ns3:speed>2.7027028</ns3:speed>
						<ns3:cad>81.0</ns3:cad>
						<ns3:hr>146</ns3:hr>
					</ns3:TrackPointExtension>
				</extensions>
			</trkpt>
			<trkpt lat="-31.40776231" lon="-68.64920088">
				<ele>1081.0</ele>
				<time>2025-06-07T19:35:25Z</time>
				<extensions>
					<ns3:TrackPointExtension>
						<ns3:speed>2.7777777</ns3:speed>
						<ns3:cad>81.0</ns3:cad>
						<ns3:hr>145</ns3:hr>
					</ns3:TrackPointExtension>
				</extensions>
			</trkpt>
			<trkpt lat="-31.40779764" lon="-68.64924188">
				<ele>1081.0</ele>
				<time>2025-06-07T19:35:27Z</time>
				<extensions>
					<ns3:TrackPointExtension>
						<ns3:speed>2.8169014</ns3:speed>
						<ns3:cad>81.0</ns3:cad>
						<ns3:hr>146</ns3:hr>
					</ns3:TrackPointExtension>
				</extensions>
			</trkpt>
			<trkpt lat="-31.40784897" lon="-68.64926421">
				<ele>1082.0</ele>
				<time>2025-06-07T19:35:30Z</time>
				<extensions>
					<ns3:TrackPointExtension>
						<ns3:speed>2.8169014</ns3:speed>
						<ns3:cad>81.0</ns3:cad>
						<ns3:hr>150</ns3:hr>
					</ns3:TrackPointExtension>
				</extensions>
			</trkpt>
			<trkpt lat="-31.40791497" lon="-68.64925255">
				<ele>1083.0</ele>
				<time>2025-06-07T19:35:33Z</time>
				<extensions>
					<ns3:TrackPointExtension>
						<ns3:speed>2.7027028</ns3:speed>
						<ns3:cad>81.0</ns3:cad>
						<ns3:hr>150</ns3:hr>
					</ns3:TrackPointExtension>
				</extensions>
			</trkpt>
			<trkpt lat="-31.4079963" lon="-68.64920922">
				<ele>1083.0</ele>
				<time>2025-06-07T19:35:37Z</time>
				<extensions>
					<ns3:TrackPointExtension>
						<ns3:speed>2.6666667</ns3:speed>
						<ns3:cad>81.0</ns3:cad>
						<ns3:hr>153</ns3:hr>
					</ns3:TrackPointExtension>
				</extensions>
			</trkpt>
			<trkpt lat="-31.40806696" lon="-68.64916656">
				<ele>1083.0</ele>
				<time>2025-06-07T19:35:40Z</time>
				<extensions>
					<ns3:TrackPointExtension>
						<ns3:speed>2.6666667</ns3:speed>
						<ns3:cad>80.0</ns3:cad>
						<ns3:hr>153</ns3:hr>
					</ns3:TrackPointExtension>
				</extensions>
			</trkpt>
			<trkpt lat="-31.40811396" lon="-68.64915656">
				<ele>1083.0</ele>
				<time>2025-06-07T19:35:42Z</time>
				<extensions>
					<ns3:TrackPointExtension>
						<ns3:speed>2.6666667</ns3:speed>
						<ns3:cad>80.0</ns3:cad>
						<ns3:hr>154</ns3:hr>
					</ns3:TrackPointExtension>
				</extensions>
			</trkpt>
			<trkpt lat="-31.40819429" lon="-68.64915989">
				<ele>1081.0</ele>
				<time>2025-06-07T19:35:45Z</time>
				<extensions>
					<ns3:TrackPointExtension>
						<ns3:speed>2.6809652</ns3:speed>
						<ns3:cad>80.0</ns3:cad>
						<ns3:hr>153</ns3:hr>
					</ns3:TrackPointExtension>
				</extensions>
			</trkpt>
			<trkpt lat="-31.40825195" lon="-68.64916622">
				<ele>1080.0</ele>
				<time>2025-06-07T19:35:47Z</time>
				<extensions>
					<ns3:TrackPointExtension>
						<ns3:speed>2.7027028</ns3:speed>
						<ns3:cad>80.0</ns3:cad>
						<ns3:hr>153</ns3:hr>
					</ns3:TrackPointExtension>
				</extensions>
			</trkpt>
			<trkpt lat="-31.40830528" lon="-68.64917455">
				<ele>1079.0</ele>
				<time>2025-06-07T19:35:49Z</time>
				<extensions>
					<ns3:TrackPointExtension>
						<ns3:speed>2.739726</ns3:speed>
						<ns3:cad>80.0</ns3:cad>
						<ns3:hr>153</ns3:hr>
					</ns3:TrackPointExtension>
				</extensions>
			</trkpt>
			<trkpt lat="-31.40835828" lon="-68.64918321">
				<ele>1078.0</ele>
				<time>2025-06-07T19:35:51Z</time>
				<extensions>
					<ns3:TrackPointExtension>
						<ns3:speed>2.762431</ns3:speed>
						<ns3:cad>80.0</ns3:cad>
						<ns3:hr>153</ns3:hr>
					</ns3:TrackPointExtension>
				</extensions>
			</trkpt>
			<trkpt lat="-31.40841094" lon="-68.64919287">
				<ele>1078.0</ele>
				<time>2025-06-07T19:35:53Z</time>
				<extensions>
					<ns3:TrackPointExtension>
						<ns3:speed>2.7777777</ns3:speed>
						<ns3:cad>80.0</ns3:cad>
						<ns3:hr>154</ns3:hr>
					</ns3:TrackPointExtension>
				</extensions>
			</trkpt>
			<trkpt lat="-31.4084616" lon="-68.64920787">
				<ele>1077.0</ele>
				<time>2025-06-07T19:35:55Z</time>
				<extensions>
					<ns3:TrackPointExtension>
						<ns3:speed>2.793296</ns3:speed>
						<ns3:cad>80.0</ns3:cad>
						<ns3:hr>154</ns3:hr>
					</ns3:TrackPointExtension>
				</extensions>
			</trkpt>
			<trkpt lat="-31.40853393" lon="-68.6492302">
				<ele>1077.0</ele>
				<time>2025-06-07T19:35:58Z</time>
				<extensions>
					<ns3:TrackPointExtension>
						<ns3:speed>2.8011205</ns3:speed>
						<ns3:cad>80.0</ns3:cad>
						<ns3:hr>155</ns3:hr>
					</ns3:TrackPointExtension>
				</extensions>
			</trkpt>
			<trkpt lat="-31.40860126" lon="-68.6492412">
				<ele>1077.0</ele>
				<time>2025-06-07T19:36:01Z</time>
				<extensions>
					<ns3:TrackPointExtension>
						<ns3:speed>2.793296</ns3:speed>
						<ns3:cad>80.0</ns3:cad>
						<ns3:hr>155</ns3:hr>
					</ns3:TrackPointExtension>
				</extensions>
			</trkpt>
			<trkpt lat="-31.40868292" lon="-68.64924786">
				<ele>1077.0</ele>
				<time>2025-06-07T19:36:04Z</time>
				<extensions>
					<ns3:TrackPointExtension>
						<ns3:speed>2.7777777</ns3:speed>
						<ns3:cad>80.0</ns3:cad>
						<ns3:hr>154</ns3:hr>
					</ns3:TrackPointExtension>
				</extensions>
			</trkpt>
			<trkpt lat="-31.40874692" lon="-68.64925186">
				<ele>1076.0</ele>
				<time>2025-06-07T19:36:06Z</time>
				<extensions>
					<ns3:TrackPointExtension>
						<ns3:speed>2.7777777</ns3:speed>
						<ns3:cad>80.0</ns3:cad>
						<ns3:hr>154</ns3:hr>
					</ns3:TrackPointExtension>
				</extensions>
			</trkpt>
			<trkpt lat="-31.40880492" lon="-68.64925153">
				<ele>1076.0</ele>
				<time>2025-06-07T19:36:08Z</time>
				<extensions>
					<ns3:TrackPointExtension>
						<ns3:speed>2.8169014</ns3:speed>
						<ns3:cad>80.0</ns3:cad>
						<ns3:hr>153</ns3:hr>
					</ns3:TrackPointExtension>
				</extensions>
			</trkpt>
			<trkpt lat="-31.40885625" lon="-68.64924753">
				<ele>1076.0</ele>
				<time>2025-06-07T19:36:10Z</time>
				<extensions>
					<ns3:TrackPointExtension>
						<ns3:speed>2.857143</ns3:speed>
						<ns3:cad>80.0</ns3:cad>
						<ns3:hr>153</ns3:hr>
					</ns3:TrackPointExtension>
				</extensions>
			</trkpt>
			<trkpt lat="-31.40893091" lon="-68.64925686">
				<ele>1075.0</ele>
				<time>2025-06-07T19:36:13Z</time>
				<extensions>
					<ns3:TrackPointExtension>
						<ns3:speed>2.857143</ns3:speed>
						<ns3:cad>80.0</ns3:cad>
						<ns3:hr>152</ns3:hr>
					</ns3:TrackPointExtension>
				</extensions>
			</trkpt>
			<trkpt lat="-31.40898091" lon="-68.64927019">
				<ele>1075.0</ele>
				<time>2025-06-07T19:36:15Z</time>
				<extensions>
					<ns3:TrackPointExtension>
						<ns3:speed>2.857143</ns3:speed>
						<ns3:cad>80.0</ns3:cad>
						<ns3:hr>152</ns3:hr>
					</ns3:TrackPointExtension>
				</extensions>
			</trkpt>
			<trkpt lat="-31.40904957" lon="-68.64930252">
				<ele>1075.0</ele>
				<time>2025-06-07T19:36:18Z</time>
				<extensions>
					<ns3:TrackPointExtension>
						<ns3:speed>2.8328612</ns3:speed>
						<ns3:cad>80.0</ns3:cad>
						<ns3:hr>151</ns3:hr>
					</ns3:TrackPointExtension>
				</extensions>
			</trkpt>
			<trkpt lat="-31.4091239" lon="-68.64932552">
				<ele>1074.0</ele>
				<time>2025-06-07T19:36:21Z</time>
				<extensions>
					<ns3:TrackPointExtension>
						<ns3:speed>2.762431</ns3:speed>
						<ns3:cad>80.0</ns3:cad>
						<ns3:hr>150</ns3:hr>
					</ns3:TrackPointExtension>
				</extensions>
			</trkpt>
			<trkpt lat="-31.40917656" lon="-68.64933318">
				<ele>1073.0</ele>
				<time>2025-06-07T19:36:23Z</time>
				<extensions>
					<ns3:TrackPointExtension>
						<ns3:speed>2.8011205</ns3:speed>
						<ns3:cad>80.0</ns3:cad>
						<ns3:hr>150</ns3:hr>
					</ns3:TrackPointExtension>
				</extensions>
			</trkpt>
			<trkpt lat="-31.40922222" lon="-68.64934018">
				<ele>1073.0</ele>
				<time>2025-06-07T19:36:25Z</time>
				<extensions>
					<ns3:TrackPointExtension>
						<ns3:speed>2.840909</ns3:speed>
						<ns3:cad>80.0</ns3:cad>
						<ns3:hr>150</ns3:hr>
					</ns3:TrackPointExtension>
				</extensions>
			</trkpt>
			<trkpt lat="-31.40928522" lon="-68.64935651">
				<ele>1073.0</ele>
				<time>2025-06-07T19:36:28Z</time>
				<extensions>
					<ns3:TrackPointExtension>
						<ns3:speed>2.7777777</ns3:speed>
						<ns3:cad>80.0</ns3:cad>
						<ns3:hr>148</ns3:hr>
					</ns3:TrackPointExtension>
				</extensions>
			</trkpt>
			<trkpt lat="-31.40934822" lon="-68.64939017">
				<ele>1073.0</ele>
				<time>2025-06-07T19:36:31Z</time>
				<extensions>
					<ns3:TrackPointExtension>
						<ns3:speed>2.6666667</ns3:speed>
						<ns3:cad>80.0</ns3:cad>
						<ns3:hr>147</ns3:hr>
					</ns3:TrackPointExtension>
				</extensions>
			</trkpt>
			<trkpt lat="-31.40939455" lon="-68.64941217">
				<ele>1073.0</ele>
				<time>2025-06-07T19:36:33Z</time>
				<extensions>
					<ns3:TrackPointExtension>
						<ns3:speed>2.631579</ns3:speed>
						<ns3:cad>80.0</ns3:cad>
						<ns3:hr>147</ns3:hr>
					</ns3:TrackPointExtension>
				</extensions>
			</trkpt>
			<trkpt lat="-31.40944421" lon="-68.64943417">
				<ele>1073.0</ele>
				<time>2025-06-07T19:36:36Z</time>
				<extensions>
					<ns3:TrackPointExtension>
						<ns3:speed>2.5641026</ns3:speed>
						<ns3:cad>80.0</ns3:cad>
						<ns3:hr>151</ns3:hr>
					</ns3:TrackPointExtension>
				</extensions>
			</trkpt>
			<trkpt lat="-31.40948654" lon="-68.6494625">
				<ele>1073.0</ele>
				<time>2025-06-07T19:36:41Z</time>
				<extensions>
					<ns3:TrackPointExtension>
						<ns3:speed>1.459854</ns3:speed>
						<ns3:cad>80.0</ns3:cad>
						<ns3:hr>155</ns3:hr>
					</ns3:TrackPointExtension>
				</extensions>
			</trkpt>
			<trkpt lat="-31.40953554" lon="-68.64950883">
				<ele>1074.0</ele>
				<time>2025-06-07T19:36:47Z</time>
				<extensions>
					<ns3:TrackPointExtension>
						<ns3:speed>1.0989012</ns3:speed>
						<ns3:cad>80.0</ns3:cad>
						<ns3:hr>157</ns3:hr>
					</ns3:TrackPointExtension>
				</extensions>
			</trkpt>
			<trkpt lat="-31.4095982" lon="-68.64954216">
				<ele>1075.0</ele>
				<time>2025-06-07T19:36:51Z</time>
				<extensions>
					<ns3:TrackPointExtension>
						<ns3:speed>1.3888888</ns3:speed>
						<ns3:cad>80.0</ns3:cad>
						<ns3:hr>158</ns3:hr>
					</ns3:TrackPointExtension>
				</extensions>
			</trkpt>
			<trkpt lat="-31.40966053" lon="-68.64956549">
				<ele>1075.0</ele>
				<time>2025-06-07T19:36:54Z</time>
				<extensions>
					<ns3:TrackPointExtension>
						<ns3:speed>1.8939394</ns3:speed>
						<ns3:cad>80.0</ns3:cad>
						<ns3:hr>157</ns3:hr>
					</ns3:TrackPointExtension>
				</extensions>
			</trkpt>
			<trkpt lat="-31.40971853" lon="-68.64956815">
				<ele>1075.0</ele>
				<time>2025-06-07T19:36:57Z</time>
				<extensions>
					<ns3:TrackPointExtension>
						<ns3:speed>2.2624435</ns3:speed>
						<ns3:cad>80.0</ns3:cad>
						<ns3:hr>157</ns3:hr>
					</ns3:TrackPointExtension>
				</extensions>
			</trkpt>
			<trkpt lat="-31.40977819" lon="-68.64955682">
				<ele>1075.0</ele>
				<time>2025-06-07T19:37:00Z</time>
				<extensions>
					<ns3:TrackPointExtension>
						<ns3:speed>2.2123895</ns3:speed>
						<ns3:cad>80.0</ns3:cad>
						<ns3:hr>158</ns3:hr>
					</ns3:TrackPointExtension>
				</extensions>
			</trkpt>
			<trkpt lat="-31.40985619" lon="-68.64955349">
				<ele>1075.0</ele>
				<time>2025-06-07T19:37:03Z</time>
				<extensions>
					<ns3:TrackPointExtension>
						<ns3:speed>2.2371364</ns3:speed>
						<ns3:cad>80.0</ns3:cad>
						<ns3:hr>158</ns3:hr>
					</ns3:TrackPointExtension>
				</extensions>
			</trkpt>
			<trkpt lat="-31.40991485" lon="-68.64955482">
				<ele>1075.0</ele>
				<time>2025-06-07T19:37:05Z</time>
				<extensions>
					<ns3:TrackPointExtension>
						<ns3:speed>2.5316455</ns3:speed>
						<ns3:cad>80.0</ns3:cad>
						<ns3:hr>160</ns3:hr>
					</ns3:TrackPointExtension>
				</extensions>
			</trkpt>
			<trkpt lat="-31.40997385" lon="-68.64955715">
				<ele>1075.0</ele>
				<time>2025-06-07T19:37:07Z</time>
				<extensions>
					<ns3:TrackPointExtension>
						<ns3:speed>2.857143</ns3:speed>
						<ns3:cad>80.0</ns3:cad>
						<ns3:hr>162</ns3:hr>
					</ns3:TrackPointExtension>
				</extensions>
			</trkpt>
			<trkpt lat="-31.41003118" lon="-68.64955781">
				<ele>1075.0</ele>
				<time>2025-06-07T19:37:09Z</time>
				<extensions>
					<ns3:TrackPointExtension>
						<ns3:speed>3.030303</ns3:speed>
						<ns3:cad>80.0</ns3:cad>
						<ns3:hr>163</ns3:hr>
					</ns3:TrackPointExtension>
				</extensions>
			</trkpt>
			<trkpt lat="-31.41008651" lon="-68.64955847">
				<ele>1075.0</ele>
				<time>2025-06-07T19:37:11Z</time>
				<extensions>
					<ns3:TrackPointExtension>
						<ns3:speed>3.0769231</ns3:speed>
						<ns3:cad>80.0</ns3:cad>
						<ns3:hr>162</ns3:hr>
					</ns3:TrackPointExtension>
				</extensions>
			</trkpt>
			<trkpt lat="-31.41013851" lon="-68.6495608">
				<ele>1072.0</ele>
				<time>2025-06-07T19:37:13Z</time>
				<extensions>
					<ns3:TrackPointExtension>
						<ns3:speed>3.0959752</ns3:speed>
						<ns3:cad>80.0</ns3:cad>
						<ns3:hr>159</ns3:hr>
					</ns3:TrackPointExtension>
				</extensions>
			</trkpt>
			<trkpt lat="-31.41018751" lon="-68.64955547">
				<ele>1071.0</ele>
				<time>2025-06-07T19:37:15Z</time>
				<extensions>
					<ns3:TrackPointExtension>
						<ns3:speed>3.0769231</ns3:speed>
						<ns3:cad>80.0</ns3:cad>
						<ns3:hr>157</ns3:hr>
					</ns3:TrackPointExtension>
				</extensions>
			</trkpt>
			<trkpt lat="-31.41026084" lon="-68.64953781">
				<ele>1068.0</ele>
				<time>2025-06-07T19:37:18Z</time>
				<extensions>
					<ns3:TrackPointExtension>
						<ns3:speed>3.0120482</ns3:speed>
						<ns3:cad>80.0</ns3:cad>
						<ns3:hr>157</ns3:hr>
					</ns3:TrackPointExtension>
				</extensions>
			</trkpt>
			<trkpt lat="-31.4103135" lon="-68.64952948">
				<ele>1068.0</ele>
				<time>2025-06-07T19:37:20Z</time>
				<extensions>
					<ns3:TrackPointExtension>
						<ns3:speed>2.9850745</ns3:speed>
						<ns3:cad>80.0</ns3:cad>
						<ns3:hr>157</ns3:hr>
					</ns3:TrackPointExtension>
				</extensions>
			</trkpt>
			<trkpt lat="-31.41036116" lon="-68.64952648">
				<ele>1068.0</ele>
				<time>2025-06-07T19:37:22Z</time>
				<extensions>
					<ns3:TrackPointExtension>
						<ns3:speed>2.9585798</ns3:speed>
						<ns3:cad>80.0</ns3:cad>
						<ns3:hr>157</ns3:hr>
					</ns3:TrackPointExtension>
				</extensions>
			</trkpt>
			<trkpt lat="-31.41041816" lon="-68.64952515">
				<ele>1068.0</ele>
				<time>2025-06-07T19:37:25Z</time>
				<extensions>
					<ns3:TrackPointExtension>
						<ns3:speed>2.9239767</ns3:speed>
						<ns3:cad>80.0</ns3:cad>
						<ns3:hr>157</ns3:hr>
					</ns3:TrackPointExtension>
				</extensions>
			</trkpt>
			<trkpt lat="-31.41047149" lon="-68.64953315">
				<ele>1068.0</ele>
				<time>2025-06-07T19:37:28Z</time>
				<extensions>
					<ns3:TrackPointExtension>
						<ns3:speed>2.8169014</ns3:speed>
						<ns3:cad>80.0</ns3:cad>
						<ns3:hr>157</ns3:hr>
					</ns3:TrackPointExtension>
				</extensions>
			</trkpt>
			<trkpt lat="-31.41052049" lon="-68.64955081">
				<ele>1068.0</ele>
				<time>2025-06-07T19:37:31Z</time>
				<extensions>
					<ns3:TrackPointExtension>
						<ns3:speed>2.2988505</ns3:speed>
						<ns3:cad>80.0</ns3:cad>
						<ns3:hr>156</ns3:hr>
					</ns3:TrackPointExtension>
				</extensions>
			</trkpt>
			<trkpt lat="-31.41057782" lon="-68.64955881">
				<ele>1068.0</ele>
				<time>2025-06-07T19:37:34Z</time>
				<extensions>
					<ns3:TrackPointExtension>
						<ns3:speed>2.074689</ns3:speed>
						<ns3:cad>80.0</ns3:cad>
						<ns3:hr>155</ns3:hr>
					</ns3:TrackPointExtension>
				</extensions>
			</trkpt>
			<trkpt lat="-31.41063615" lon="-68.64955947">
				<ele>1069.0</ele>
				<time>2025-06-07T19:37:37Z</time>
				<extensions>
					<ns3:TrackPointExtension>
						<ns3:speed>2.0920503</ns3:speed>
						<ns3:cad>80.0</ns3:cad>
						<ns3:hr>154</ns3:hr>
					</ns3:TrackPointExtension>
				</extensions>
			</trkpt>
			<trkpt lat="-31.41069348" lon="-68.64955014">
				<ele>1069.0</ele>
				<time>2025-06-07T19:37:40Z</time>
				<extensions>
					<ns3:TrackPointExtension>
						<ns3:speed>2.1141648</ns3:speed>
						<ns3:cad>80.0</ns3:cad>
						<ns3:hr>154</ns3:hr>
					</ns3:TrackPointExtension>
				</extensions>
			</trkpt>
			<trkpt lat="-31.41074648" lon="-68.64953481">
				<ele>1069.0</ele>
				<time>2025-06-07T19:37:43Z</time>
				<extensions>
					<ns3:TrackPointExtension>
						<ns3:speed>2.118644</ns3:speed>
						<ns3:cad>80.0</ns3:cad>
						<ns3:hr>154</ns3:hr>
					</ns3:TrackPointExtension>
				</extensions>
			</trkpt>
			<trkpt lat="-31.41079148" lon="-68.64949548">
				<ele>1069.0</ele>
				<time>2025-06-07T19:37:47Z</time>
				<extensions>
					<ns3:TrackPointExtension>
						<ns3:speed>2.008032</ns3:speed>
						<ns3:cad>80.0</ns3:cad>
						<ns3:hr>154</ns3:hr>
					</ns3:TrackPointExtension>
				</extensions>
			</trkpt>
			<trkpt lat="-31.41081448" lon="-68.64943315">
				<ele>1069.0</ele>
				<time>2025-06-07T19:37:50Z</time>
				<extensions>
					<ns3:TrackPointExtension>
						<ns3:speed>1.8416207</ns3:speed>
						<ns3:cad>80.0</ns3:cad>
						<ns3:hr>153</ns3:hr>
					</ns3:TrackPointExtension>
				</extensions>
			</trkpt>
			<trkpt lat="-31.41084848" lon="-68.64937782">
				<ele>1069.0</ele>
				<time>2025-06-07T19:37:53Z</time>
				<extensions>
					<ns3:TrackPointExtension>
						<ns3:speed>2.0833333</ns3:speed>
						<ns3:cad>80.0</ns3:cad>
						<ns3:hr>153</ns3:hr>
					</ns3:TrackPointExtension>
				</extensions>
			</trkpt>
			<trkpt lat="-31.41090148" lon="-68.64934549">
				<ele>1067.0</ele>
				<time>2025-06-07T19:37:56Z</time>
				<extensions>
					<ns3:TrackPointExtension>
						<ns3:speed>2.173913</ns3:speed>
						<ns3:cad>80.0</ns3:cad>
						<ns3:hr>150</ns3:hr>
					</ns3:TrackPointExtension>
				</extensions>
			</trkpt>
			<trkpt lat="-31.41094648" lon="-68.64932983">
				<ele>1066.0</ele>
				<time>2025-06-07T19:37:59Z</time>
				<extensions>
					<ns3:TrackPointExtension>
						<ns3:speed>2.1505377</ns3:speed>
						<ns3:cad>80.0</ns3:cad>
						<ns3:hr>150</ns3:hr>
					</ns3:TrackPointExtension>
				</extensions>
			</trkpt>
			<trkpt lat="-31.41099114" lon="-68.64931617">
				<ele>1066.0</ele>
				<time>2025-06-07T19:38:03Z</time>
				<extensions>
					<ns3:TrackPointExtension>
						<ns3:speed>1.6666666</ns3:speed>
						<ns3:cad>80.0</ns3:cad>
						<ns3:hr>150</ns3:hr>
					</ns3:TrackPointExtension>
				</extensions>
			</trkpt>
			<trkpt lat="-31.4110498" lon="-68.64930551">
				<ele>1065.0</ele>
				<time>2025-06-07T19:38:09Z</time>
				<extensions>
					<ns3:TrackPointExtension>
						<ns3:speed>1.1428572</ns3:speed>
						<ns3:cad>80.0</ns3:cad>
						<ns3:hr>151</ns3:hr>
					</ns3:TrackPointExtension>
				</extensions>
			</trkpt>
			<trkpt lat="-31.41109913" lon="-68.64930884">
				<ele>1064.0</ele>
				<time>2025-06-07T19:38:15Z</time>
				<extensions>
					<ns3:TrackPointExtension>
						<ns3:speed>1.0869565</ns3:speed>
						<ns3:cad>51.0</ns3:cad>
						<ns3:hr>148</ns3:hr>
					</ns3:TrackPointExtension>
				</extensions>
			</trkpt>
			<trkpt lat="-31.41114979" lon="-68.64931684">
				<ele>1063.0</ele>
				<time>2025-06-07T19:38:20Z</time>
				<extensions>
					<ns3:TrackPointExtension>
						<ns3:speed>1.0416666</ns3:speed>
						<ns3:cad>51.0</ns3:cad>
						<ns3:hr>142</ns3:hr>
					</ns3:TrackPointExtension>
				</extensions>
			</trkpt>
			<trkpt lat="-31.41120212" lon="-68.6493185">
				<ele>1061.0</ele>
				<time>2025-06-07T19:38:27Z</time>
				<extensions>
					<ns3:TrackPointExtension>
						<ns3:speed>1.0070493</ns3:speed>
						<ns3:cad>51.0</ns3:cad>
						<ns3:hr>139</ns3:hr>
					</ns3:TrackPointExtension>
				</extensions>
			</trkpt>
			<trkpt lat="-31.41125945" lon="-68.64930817">
				<ele>1060.0</ele>
				<time>2025-06-07T19:38:36Z</time>
				<extensions>
					<ns3:TrackPointExtension>
						<ns3:speed>0.91157705</ns3:speed>
						<ns3:cad>51.0</ns3:cad>
						<ns3:hr>142</ns3:hr>
					</ns3:TrackPointExtension>
				</extensions>
			</trkpt>
			<trkpt lat="-31.41134078" lon="-68.64936017">
				<ele>1059.0</ele>
				<time>2025-06-07T19:38:40Z</time>
				<extensions>
					<ns3:TrackPointExtension>
						<ns3:speed>1.1862396</ns3:speed>
						<ns3:cad>51.0</ns3:cad>
						<ns3:hr>144</ns3:hr>
					</ns3:TrackPointExtension>
				</extensions>
			</trkpt>
			<trkpt lat="-31.41140144" lon="-68.6493915">
				<ele>1058.0</ele>
				<time>2025-06-07T19:38:42Z</time>
				<extensions>
					<ns3:TrackPointExtension>
						<ns3:speed>2.0408163</ns3:speed>
						<ns3:cad>51.0</ns3:cad>
						<ns3:hr>145</ns3:hr>
					</ns3:TrackPointExtension>
				</extensions>
			</trkpt>
			<trkpt lat="-31.4114571" lon="-68.64941883">
				<ele>1058.0</ele>
				<time>2025-06-07T19:38:44Z</time>
				<extensions>
					<ns3:TrackPointExtension>
						<ns3:speed>2.840909</ns3:speed>
						<ns3:cad>51.0</ns3:cad>
						<ns3:hr>146</ns3:hr>
					</ns3:TrackPointExtension>
				</extensions>
			</trkpt>
			<trkpt lat="-31.41151076" lon="-68.64943416">
				<ele>1057.0</ele>
				<time>2025-06-07T19:38:46Z</time>
				<extensions>
					<ns3:TrackPointExtension>
						<ns3:speed>3.2051282</ns3:speed>
						<ns3:cad>51.0</ns3:cad>
						<ns3:hr>146</ns3:hr>
					</ns3:TrackPointExtension>
				</extensions>
			</trkpt>
			<trkpt lat="-31.41158276" lon="-68.64944816">
				<ele>1057.0</ele>
				<time>2025-06-07T19:38:49Z</time>
				<extensions>
					<ns3:TrackPointExtension>
						<ns3:speed>3.10559</ns3:speed>
						<ns3:cad>51.0</ns3:cad>
						<ns3:hr>145</ns3:hr>
					</ns3:TrackPointExtension>
				</extensions>
			</trkpt>
			<trkpt lat="-31.41165009" lon="-68.64944583">
				<ele>1057.0</ele>
				<time>2025-06-07T19:38:52Z</time>
				<extensions>
					<ns3:TrackPointExtension>
						<ns3:speed>2.8735633</ns3:speed>
						<ns3:cad>98.0</ns3:cad>
						<ns3:hr>147</ns3:hr>
					</ns3:TrackPointExtension>
				</extensions>
			</trkpt>
			<trkpt lat="-31.41171609" lon="-68.64944983">
				<ele>1057.0</ele>
				<time>2025-06-07T19:38:55Z</time>
				<extensions>
					<ns3:TrackPointExtension>
						<ns3:speed>2.631579</ns3:speed>
						<ns3:cad>98.0</ns3:cad>
						<ns3:hr>149</ns3:hr>
					</ns3:TrackPointExtension>
				</extensions>
			</trkpt>
			<trkpt lat="-31.41181175" lon="-68.64947083">
				<ele>1054.0</ele>
				<time>2025-06-07T19:38:59Z</time>
				<extensions>
					<ns3:TrackPointExtension>
						<ns3:speed>2.5510204</ns3:speed>
						<ns3:cad>97.0</ns3:cad>
						<ns3:hr>149</ns3:hr>
					</ns3:TrackPointExtension>
				</extensions>
			</trkpt>
			<trkpt lat="-31.41186275" lon="-68.64947949">
				<ele>1053.0</ele>
				<time>2025-06-07T19:39:01Z</time>
				<extensions>
					<ns3:TrackPointExtension>
						<ns3:speed>2.5974026</ns3:speed>
						<ns3:cad>97.0</ns3:cad>
						<ns3:hr>148</ns3:hr>
					</ns3:TrackPointExtension>
				</extensions>
			</trkpt>
			<trkpt lat="-31.41191075" lon="-68.64948115">
				<ele>1052.0</ele>
				<time>2025-06-07T19:39:03Z</time>
				<extensions>
					<ns3:TrackPointExtension>
						<ns3:speed>2.631579</ns3:speed>
						<ns3:cad>97.0</ns3:cad>
						<ns3:hr>149</ns3:hr>
					</ns3:TrackPointExtension>
				</extensions>
			</trkpt>
			<trkpt lat="-31.41196775" lon="-68.64947115">
				<ele>1051.0</ele>
				<time>2025-06-07T19:39:06Z</time>
				<extensions>
					<ns3:TrackPointExtension>
						<ns3:speed>2.610966</ns3:speed>
						<ns3:cad>92.0</ns3:cad>
						<ns3:hr>149</ns3:hr>
					</ns3:TrackPointExtension>
				</extensions>
			</trkpt>
			<trkpt lat="-31.41200308" lon="-68.64943482">
				<ele>1048.0</ele>
				<time>2025-06-07T19:39:10Z</time>
				<extensions>
					<ns3:TrackPointExtension>
						<ns3:speed>2.1978023</ns3:speed>
						<ns3:cad>92.0</ns3:cad>
						<ns3:hr>151</ns3:hr>
					</ns3:TrackPointExtension>
				</extensions>
			</trkpt>
			<trkpt lat="-31.41202741" lon="-68.64936616">
				<ele>1046.0</ele>
				<time>2025-06-07T19:39:15Z</time>
				<extensions>
					<ns3:TrackPointExtension>
						<ns3:speed>1.3210039</ns3:speed>
						<ns3:cad>92.0</ns3:cad>
						<ns3:hr>156</ns3:hr>
					</ns3:TrackPointExtension>
				</extensions>
			</trkpt>
			<trkpt lat="-31.41206941" lon="-68.64932216">
				<ele>1045.0</ele>
				<time>2025-06-07T19:39:18Z</time>
				<extensions>
					<ns3:TrackPointExtension>
						<ns3:speed>1.55521</ns3:speed>
						<ns3:cad>92.0</ns3:cad>
						<ns3:hr>156</ns3:hr>
					</ns3:TrackPointExtension>
				</extensions>
			</trkpt>
			<trkpt lat="-31.41213507" lon="-68.64932416">
				<ele>1044.0</ele>
				<time>2025-06-07T19:39:21Z</time>
				<extensions>
					<ns3:TrackPointExtension>
						<ns3:speed>1.8691589</ns3:speed>
						<ns3:cad>82.0</ns3:cad>
						<ns3:hr>156</ns3:hr>
					</ns3:TrackPointExtension>
				</extensions>
			</trkpt>
			<trkpt lat="-31.41218073" lon="-68.64934716">
				<ele>1043.0</ele>
				<time>2025-06-07T19:39:23Z</time>
				<extensions>
					<ns3:TrackPointExtension>
						<ns3:speed>2.173913</ns3:speed>
						<ns3:cad>82.0</ns3:cad>
						<ns3:hr>157</ns3:hr>
					</ns3:TrackPointExtension>
				</extensions>
			</trkpt>
			<trkpt lat="-31.41224506" lon="-68.64939782">
				<ele>1043.0</ele>
				<time>2025-06-07T19:39:26Z</time>
				<extensions>
					<ns3:TrackPointExtension>
						<ns3:speed>2.5839794</ns3:speed>
						<ns3:cad>82.0</ns3:cad>
						<ns3:hr>158</ns3:hr>
					</ns3:TrackPointExtension>
				</extensions>
			</trkpt>
			<trkpt lat="-31.41227439" lon="-68.64943115">
				<ele>1043.0</ele>
				<time>2025-06-07T19:39:28Z</time>
				<extensions>
					<ns3:TrackPointExtension>
						<ns3:speed>2.6666667</ns3:speed>
						<ns3:cad>82.0</ns3:cad>
						<ns3:hr>158</ns3:hr>
					</ns3:TrackPointExtension>
				</extensions>
			</trkpt>
			<trkpt lat="-31.41230405" lon="-68.64948148">
				<ele>1043.0</ele>
				<time>2025-06-07T19:39:32Z</time>
				<extensions>
					<ns3:TrackPointExtension>
						<ns3:speed>2.183406</ns3:speed>
						<ns3:cad>82.0</ns3:cad>
						<ns3:hr>158</ns3:hr>
					</ns3:TrackPointExtension>
				</extensions>
			</trkpt>
			<trkpt lat="-31.41233171" lon="-68.64953181">
				<ele>1044.0</ele>
				<time>2025-06-07T19:39:37Z</time>
				<extensions>
					<ns3:TrackPointExtension>
						<ns3:speed>1.3850416</ns3:speed>
						<ns3:cad>82.0</ns3:cad>
						<ns3:hr>159</ns3:hr>
					</ns3:TrackPointExtension>
				</extensions>
			</trkpt>
			<trkpt lat="-31.41239437" lon="-68.64954781">
				<ele>1045.0</ele>
				<time>2025-06-07T19:39:42Z</time>
				<extensions>
					<ns3:TrackPointExtension>
						<ns3:speed>1.2121212</ns3:speed>
						<ns3:cad>82.0</ns3:cad>
						<ns3:hr>159</ns3:hr>
					</ns3:TrackPointExtension>
				</extensions>
			</trkpt>
			<trkpt lat="-31.4124697" lon="-68.64953681">
				<ele>1045.0</ele>
				<time>2025-06-07T19:39:45Z</time>
				<extensions>
					<ns3:TrackPointExtension>
						<ns3:speed>1.6260163</ns3:speed>
						<ns3:cad>82.0</ns3:cad>
						<ns3:hr>159</ns3:hr>
					</ns3:TrackPointExtension>
				</extensions>
			</trkpt>
			<trkpt lat="-31.4125177" lon="-68.64953481">
				<ele>1045.0</ele>
				<time>2025-06-07T19:39:47Z</time>
				<extensions>
					<ns3:TrackPointExtension>
						<ns3:speed>2.2222223</ns3:speed>
						<ns3:cad>82.0</ns3:cad>
						<ns3:hr>159</ns3:hr>
					</ns3:TrackPointExtension>
				</extensions>
			</trkpt>
			<trkpt lat="-31.41257336" lon="-68.64954014">
				<ele>1045.0</ele>
				<time>2025-06-07T19:39:50Z</time>
				<extensions>
					<ns3:TrackPointExtension>
						<ns3:speed>2.5316455</ns3:speed>
						<ns3:cad>82.0</ns3:cad>
						<ns3:hr>158</ns3:hr>
					</ns3:TrackPointExtension>
				</extensions>
			</trkpt>
			<trkpt lat="-31.41261702" lon="-68.64956314">
				<ele>1046.0</ele>
				<time>2025-06-07T19:39:54Z</time>
				<extensions>
					<ns3:TrackPointExtension>
						<ns3:speed>1.9417475</ns3:speed>
						<ns3:cad>82.0</ns3:cad>
						<ns3:hr>159</ns3:hr>
					</ns3:TrackPointExtension>
				</extensions>
			</trkpt>
			<trkpt lat="-31.41266602" lon="-68.6495928">
				<ele>1047.0</ele>
				<time>2025-06-07T19:39:59Z</time>
				<extensions>
					<ns3:TrackPointExtension>
						<ns3:speed>1.2820513</ns3:speed>
						<ns3:cad>82.0</ns3:cad>
						<ns3:hr>164</ns3:hr>
					</ns3:TrackPointExtension>
				</extensions>
			</trkpt>
			<trkpt lat="-31.41272268" lon="-68.64960946">
				<ele>1047.0</ele>
				<time>2025-06-07T19:40:03Z</time>
				<extensions>
					<ns3:TrackPointExtension>
						<ns3:speed>1.3513514</ns3:speed>
						<ns3:cad>82.0</ns3:cad>
						<ns3:hr>167</ns3:hr>
					</ns3:TrackPointExtension>
				</extensions>
			</trkpt>
			<trkpt lat="-31.41278168" lon="-68.64959813">
				<ele>1047.0</ele>
				<time>2025-06-07T19:40:07Z</time>
				<extensions>
					<ns3:TrackPointExtension>
						<ns3:speed>1.6051364</ns3:speed>
						<ns3:cad>57.0</ns3:cad>
						<ns3:hr>167</ns3:hr>
					</ns3:TrackPointExtension>
				</extensions>
			</trkpt>
			<trkpt lat="-31.41282434" lon="-68.64956347">
				<ele>1046.0</ele>
				<time>2025-06-07T19:40:11Z</time>
				<extensions>
					<ns3:TrackPointExtension>
						<ns3:speed>1.5625</ns3:speed>
						<ns3:cad>57.0</ns3:cad>
						<ns3:hr>169</ns3:hr>
					</ns3:TrackPointExtension>
				</extensions>
			</trkpt>
			<trkpt lat="-31.41287134" lon="-68.64952181">
				<ele>1044.0</ele>
				<time>2025-06-07T19:40:15Z</time>
				<extensions>
					<ns3:TrackPointExtension>
						<ns3:speed>1.4970059</ns3:speed>
						<ns3:cad>57.0</ns3:cad>
						<ns3:hr>170</ns3:hr>
					</ns3:TrackPointExtension>
				</extensions>
			</trkpt>
			<trkpt lat="-31.412932" lon="-68.64948715">
				<ele>1041.0</ele>
				<time>2025-06-07T19:40:18Z</time>
				<extensions>
					<ns3:TrackPointExtension>
						<ns3:speed>1.754386</ns3:speed>
						<ns3:cad>84.0</ns3:cad>
						<ns3:hr>171</ns3:hr>
					</ns3:TrackPointExtension>
				</extensions>
			</trkpt>
			<trkpt lat="-31.412979" lon="-68.64947149">
				<ele>1041.0</ele>
				<time>2025-06-07T19:40:20Z</time>
				<extensions>
					<ns3:TrackPointExtension>
						<ns3:speed>1.858736</ns3:speed>
						<ns3:cad>84.0</ns3:cad>
						<ns3:hr>171</ns3:hr>
					</ns3:TrackPointExtension>
				</extensions>
			</trkpt>
			<trkpt lat="-31.41303166" lon="-68.64945783">
				<ele>1040.0</ele>
				<time>2025-06-07T19:40:23Z</time>
				<extensions>
					<ns3:TrackPointExtension>
						<ns3:speed>2.173913</ns3:speed>
						<ns3:cad>84.0</ns3:cad>
						<ns3:hr>168</ns3:hr>
					</ns3:TrackPointExtension>
				</extensions>
			</trkpt>
			<trkpt lat="-31.41308332" lon="-68.6494545">
				<ele>1040.0</ele>
				<time>2025-06-07T19:40:28Z</time>
				<extensions>
					<ns3:TrackPointExtension>
						<ns3:speed>1.5337423</ns3:speed>
						<ns3:cad>84.0</ns3:cad>
						<ns3:hr>166</ns3:hr>
					</ns3:TrackPointExtension>
				</extensions>
			</trkpt>
			<trkpt lat="-31.41313998" lon="-68.6494585">
				<ele>1041.0</ele>
				<time>2025-06-07T19:40:34Z</time>
				<extensions>
					<ns3:TrackPointExtension>
						<ns3:speed>1.1198208</ns3:speed>
						<ns3:cad>84.0</ns3:cad>
						<ns3:hr>167</ns3:hr>
					</ns3:TrackPointExtension>
				</extensions>
			</trkpt>
			<trkpt lat="-31.41319898" lon="-68.6494585">
				<ele>1042.0</ele>
				<time>2025-06-07T19:40:39Z</time>
				<extensions>
					<ns3:TrackPointExtension>
						<ns3:speed>1.1402508</ns3:speed>
						<ns3:cad>54.0</ns3:cad>
						<ns3:hr>168</ns3:hr>
					</ns3:TrackPointExtension>
				</extensions>
			</trkpt>
			<trkpt lat="-31.41325798" lon="-68.64946083">
				<ele>1042.0</ele>
				<time>2025-06-07T19:40:44Z</time>
				<extensions>
					<ns3:TrackPointExtension>
						<ns3:speed>1.2048193</ns3:speed>
						<ns3:cad>53.0</ns3:cad>
						<ns3:hr>174</ns3:hr>
					</ns3:TrackPointExtension>
				</extensions>
			</trkpt>
			<trkpt lat="-31.41331198" lon="-68.64945183">
				<ele>1042.0</ele>
				<time>2025-06-07T19:40:48Z</time>
				<extensions>
					<ns3:TrackPointExtension>
						<ns3:speed>1.2531328</ns3:speed>
						<ns3:cad>53.0</ns3:cad>
						<ns3:hr>175</ns3:hr>
					</ns3:TrackPointExtension>
				</extensions>
			</trkpt>
			<trkpt lat="-31.41336531" lon="-68.64943517">
				<ele>1043.0</ele>
				<time>2025-06-07T19:40:53Z</time>
				<extensions>
					<ns3:TrackPointExtension>
						<ns3:speed>1.2936611</ns3:speed>
						<ns3:cad>53.0</ns3:cad>
						<ns3:hr>176</ns3:hr>
					</ns3:TrackPointExtension>
				</extensions>
			</trkpt>
			<trkpt lat="-31.41341664" lon="-68.64937584">
				<ele>1043.0</ele>
				<time>2025-06-07T19:40:57Z</time>
				<extensions>
					<ns3:TrackPointExtension>
						<ns3:speed>1.3513514</ns3:speed>
						<ns3:cad>53.0</ns3:cad>
						<ns3:hr>177</ns3:hr>
					</ns3:TrackPointExtension>
				</extensions>
			</trkpt>
			<trkpt lat="-31.41348197" lon="-68.64933051">
				<ele>1042.0</ele>
				<time>2025-06-07T19:41:00Z</time>
				<extensions>
					<ns3:TrackPointExtension>
						<ns3:speed>1.9723866</ns3:speed>
						<ns3:cad>53.0</ns3:cad>
						<ns3:hr>177</ns3:hr>
					</ns3:TrackPointExtension>
				</extensions>
			</trkpt>
			<trkpt lat="-31.4135343" lon="-68.64931118">
				<ele>1041.0</ele>
				<time>2025-06-07T19:41:02Z</time>
				<extensions>
					<ns3:TrackPointExtension>
						<ns3:speed>2.4096386</ns3:speed>
						<ns3:cad>53.0</ns3:cad>
						<ns3:hr>178</ns3:hr>
					</ns3:TrackPointExtension>
				</extensions>
			</trkpt>
			<trkpt lat="-31.4135853" lon="-68.64930785">
				<ele>1041.0</ele>
				<time>2025-06-07T19:41:04Z</time>
				<extensions>
					<ns3:TrackPointExtension>
						<ns3:speed>2.762431</ns3:speed>
						<ns3:cad>80.0</ns3:cad>
						<ns3:hr>177</ns3:hr>
					</ns3:TrackPointExtension>
				</extensions>
			</trkpt>
			<trkpt lat="-31.41363496" lon="-68.64931885">
				<ele>1040.0</ele>
				<time>2025-06-07T19:41:06Z</time>
				<extensions>
					<ns3:TrackPointExtension>
						<ns3:speed>2.8735633</ns3:speed>
						<ns3:cad>80.0</ns3:cad>
						<ns3:hr>177</ns3:hr>
					</ns3:TrackPointExtension>
				</extensions>
			</trkpt>
			<trkpt lat="-31.41368762" lon="-68.64933418">
				<ele>1040.0</ele>
				<time>2025-06-07T19:41:08Z</time>
				<extensions>
					<ns3:TrackPointExtension>
						<ns3:speed>2.857143</ns3:speed>
						<ns3:cad>80.0</ns3:cad>
						<ns3:hr>177</ns3:hr>
					</ns3:TrackPointExtension>
				</extensions>
			</trkpt>
			<trkpt lat="-31.41376728" lon="-68.64936451">
				<ele>1040.0</ele>
				<time>2025-06-07T19:41:11Z</time>
				<extensions>
					<ns3:TrackPointExtension>
						<ns3:speed>2.8818443</ns3:speed>
						<ns3:cad>80.0</ns3:cad>
						<ns3:hr>176</ns3:hr>
					</ns3:TrackPointExtension>
				</extensions>
			</trkpt>
			<trkpt lat="-31.41381828" lon="-68.64939117">
				<ele>1039.0</ele>
				<time>2025-06-07T19:41:13Z</time>
				<extensions>
					<ns3:TrackPointExtension>
						<ns3:speed>2.9411764</ns3:speed>
						<ns3:cad>80.0</ns3:cad>
						<ns3:hr>176</ns3:hr>
					</ns3:TrackPointExtension>
				</extensions>
			</trkpt>
			<trkpt lat="-31.41388094" lon="-68.6494185">
				<ele>1039.0</ele>
				<time>2025-06-07T19:41:16Z</time>
				<extensions>
					<ns3:TrackPointExtension>
						<ns3:speed>2.9411764</ns3:speed>
						<ns3:cad>80.0</ns3:cad>
						<ns3:hr>176</ns3:hr>
					</ns3:TrackPointExtension>
				</extensions>
			</trkpt>
			<trkpt lat="-31.41396394" lon="-68.6494255">
				<ele>1039.0</ele>
				<time>2025-06-07T19:41:19Z</time>
				<extensions>
					<ns3:TrackPointExtension>
						<ns3:speed>2.857143</ns3:speed>
						<ns3:cad>80.0</ns3:cad>
						<ns3:hr>175</ns3:hr>
					</ns3:TrackPointExtension>
				</extensions>
			</trkpt>
			<trkpt lat="-31.41402694" lon="-68.64943283">
				<ele>1039.0</ele>
				<time>2025-06-07T19:41:21Z</time>
				<extensions>
					<ns3:TrackPointExtension>
						<ns3:speed>3.058104</ns3:speed>
						<ns3:cad>80.0</ns3:cad>
						<ns3:hr>175</ns3:hr>
					</ns3:TrackPointExtension>
				</extensions>
			</trkpt>
			<trkpt lat="-31.41408027" lon="-68.64945549">
				<ele>1039.0</ele>
				<time>2025-06-07T19:41:23Z</time>
				<extensions>
					<ns3:TrackPointExtension>
						<ns3:speed>3.2786884</ns3:speed>
						<ns3:cad>80.0</ns3:cad>
						<ns3:hr>175</ns3:hr>
					</ns3:TrackPointExtension>
				</extensions>
			</trkpt>
			<trkpt lat="-31.4141206" lon="-68.64947649">
				<ele>1039.0</ele>
				<time>2025-06-07T19:41:25Z</time>
				<extensions>
					<ns3:TrackPointExtension>
						<ns3:speed>3.2051282</ns3:speed>
						<ns3:cad>80.0</ns3:cad>
						<ns3:hr>175</ns3:hr>
					</ns3:TrackPointExtension>
				</extensions>
			</trkpt>
			<trkpt lat="-31.41416926" lon="-68.64948282">
				<ele>1039.0</ele>
				<time>2025-06-07T19:41:29Z</time>
				<extensions>
					<ns3:TrackPointExtension>
						<ns3:speed>2.65252</ns3:speed>
						<ns3:cad>80.0</ns3:cad>
						<ns3:hr>174</ns3:hr>
					</ns3:TrackPointExtension>
				</extensions>
			</trkpt>
			<trkpt lat="-31.41421726" lon="-68.64942982">
				<ele>1039.0</ele>
				<time>2025-06-07T19:41:33Z</time>
				<extensions>
					<ns3:TrackPointExtension>
						<ns3:speed>1.6474465</ns3:speed>
						<ns3:cad>80.0</ns3:cad>
						<ns3:hr>175</ns3:hr>
					</ns3:TrackPointExtension>
				</extensions>
			</trkpt>
			<trkpt lat="-31.41427526" lon="-68.64938949">
				<ele>1036.0</ele>
				<time>2025-06-07T19:41:36Z</time>
				<extensions>
					<ns3:TrackPointExtension>
						<ns3:speed>1.9607843</ns3:speed>
						<ns3:cad>80.0</ns3:cad>
						<ns3:hr>176</ns3:hr>
					</ns3:TrackPointExtension>
				</extensions>
			</trkpt>
			<trkpt lat="-31.41434726" lon="-68.64936849">
				<ele>1036.0</ele>
				<time>2025-06-07T19:41:39Z</time>
				<extensions>
					<ns3:TrackPointExtension>
						<ns3:speed>2.2371364</ns3:speed>
						<ns3:cad>80.0</ns3:cad>
						<ns3:hr>177</ns3:hr>
					</ns3:TrackPointExtension>
				</extensions>
			</trkpt>
			<trkpt lat="-31.41439426" lon="-68.64935649">
				<ele>1035.0</ele>
				<time>2025-06-07T19:41:41Z</time>
				<extensions>
					<ns3:TrackPointExtension>
						<ns3:speed>2.4390244</ns3:speed>
						<ns3:cad>80.0</ns3:cad>
						<ns3:hr>178</ns3:hr>
					</ns3:TrackPointExtension>
				</extensions>
			</trkpt>
			<trkpt lat="-31.41445759" lon="-68.64933916">
				<ele>1035.0</ele>
				<time>2025-06-07T19:41:44Z</time>
				<extensions>
					<ns3:TrackPointExtension>
						<ns3:speed>2.5316455</ns3:speed>
						<ns3:cad>80.0</ns3:cad>
						<ns3:hr>177</ns3:hr>
					</ns3:TrackPointExtension>
				</extensions>
			</trkpt>
			<trkpt lat="-31.41451892" lon="-68.6493195">
				<ele>1035.0</ele>
				<time>2025-06-07T19:41:47Z</time>
				<extensions>
					<ns3:TrackPointExtension>
						<ns3:speed>2.5</ns3:speed>
						<ns3:cad>80.0</ns3:cad>
						<ns3:hr>177</ns3:hr>
					</ns3:TrackPointExtension>
				</extensions>
			</trkpt>
			<trkpt lat="-31.41458425" lon="-68.64929384">
				<ele>1035.0</ele>
				<time>2025-06-07T19:41:50Z</time>
				<extensions>
					<ns3:TrackPointExtension>
						<ns3:speed>2.4691358</ns3:speed>
						<ns3:cad>80.0</ns3:cad>
						<ns3:hr>178</ns3:hr>
					</ns3:TrackPointExtension>
				</extensions>
			</trkpt>
			<trkpt lat="-31.41463891" lon="-68.64927051">
				<ele>1035.0</ele>
				<time>2025-06-07T19:41:53Z</time>
				<extensions>
					<ns3:TrackPointExtension>
						<ns3:speed>2.4691358</ns3:speed>
						<ns3:cad>80.0</ns3:cad>
						<ns3:hr>178</ns3:hr>
					</ns3:TrackPointExtension>
				</extensions>
			</trkpt>
			<trkpt lat="-31.41468391" lon="-68.64923551">
				<ele>1035.0</ele>
				<time>2025-06-07T19:41:57Z</time>
				<extensions>
					<ns3:TrackPointExtension>
						<ns3:speed>2.0408163</ns3:speed>
						<ns3:cad>80.0</ns3:cad>
						<ns3:hr>177</ns3:hr>
					</ns3:TrackPointExtension>
				</extensions>
			</trkpt>
			<trkpt lat="-31.41472224" lon="-68.64917251">
				<ele>1035.0</ele>
				<time>2025-06-07T19:42:01Z</time>
				<extensions>
					<ns3:TrackPointExtension>
						<ns3:speed>1.6313213</ns3:speed>
						<ns3:cad>80.0</ns3:cad>
						<ns3:hr>177</ns3:hr>
					</ns3:TrackPointExtension>
				</extensions>
			</trkpt>
			<trkpt lat="-31.4147789" lon="-68.64912618">
				<ele>1034.0</ele>
				<time>2025-06-07T19:42:04Z</time>
				<extensions>
					<ns3:TrackPointExtension>
						<ns3:speed>1.8348624</ns3:speed>
						<ns3:cad>80.0</ns3:cad>
						<ns3:hr>176</ns3:hr>
					</ns3:TrackPointExtension>
				</extensions>
			</trkpt>
			<trkpt lat="-31.41484956" lon="-68.64908985">
				<ele>1033.0</ele>
				<time>2025-06-07T19:42:07Z</time>
				<extensions>
					<ns3:TrackPointExtension>
						<ns3:speed>2.3696682</ns3:speed>
						<ns3:cad>80.0</ns3:cad>
						<ns3:hr>176</ns3:hr>
					</ns3:TrackPointExtension>
				</extensions>
			</trkpt>
			<trkpt lat="-31.41489589" lon="-68.64906519">
				<ele>1033.0</ele>
				<time>2025-06-07T19:42:09Z</time>
				<extensions>
					<ns3:TrackPointExtension>
						<ns3:speed>2.6666667</ns3:speed>
						<ns3:cad>80.0</ns3:cad>
						<ns3:hr>176</ns3:hr>
					</ns3:TrackPointExtension>
				</extensions>
			</trkpt>
			<trkpt lat="-31.41496222" lon="-68.64903986">
				<ele>1032.0</ele>
				<time>2025-06-07T19:42:12Z</time>
				<extensions>
					<ns3:TrackPointExtension>
						<ns3:speed>2.7548208</ns3:speed>
						<ns3:cad>80.0</ns3:cad>
						<ns3:hr>177</ns3:hr>
					</ns3:TrackPointExtension>
				</extensions>
			</trkpt>
			<trkpt lat="-31.41502988" lon="-68.64904386">
				<ele>1032.0</ele>
				<time>2025-06-07T19:42:15Z</time>
				<extensions>
					<ns3:TrackPointExtension>
						<ns3:speed>2.688172</ns3:speed>
						<ns3:cad>81.0</ns3:cad>
						<ns3:hr>177</ns3:hr>
					</ns3:TrackPointExtension>
				</extensions>
			</trkpt>
			<trkpt lat="-31.41507921" lon="-68.64907552">
				<ele>1032.0</ele>
				<time>2025-06-07T19:42:18Z</time>
				<extensions>
					<ns3:TrackPointExtension>
						<ns3:speed>2.631579</ns3:speed>
						<ns3:cad>81.0</ns3:cad>
						<ns3:hr>177</ns3:hr>
					</ns3:TrackPointExtension>
				</extensions>
			</trkpt>
			<trkpt lat="-31.41511754" lon="-68.64911652">
				<ele>1032.0</ele>
				<time>2025-06-07T19:42:21Z</time>
				<extensions>
					<ns3:TrackPointExtension>
						<ns3:speed>2.5</ns3:speed>
						<ns3:cad>80.0</ns3:cad>
						<ns3:hr>176</ns3:hr>
					</ns3:TrackPointExtension>
				</extensions>
			</trkpt>
			<trkpt lat="-31.41516187" lon="-68.64913185">
				<ele>1032.0</ele>
				<time>2025-06-07T19:42:24Z</time>
				<extensions>
					<ns3:TrackPointExtension>
						<ns3:speed>2.3809524</ns3:speed>
						<ns3:cad>80.0</ns3:cad>
						<ns3:hr>178</ns3:hr>
					</ns3:TrackPointExtension>
				</extensions>
			</trkpt>
			<trkpt lat="-31.41522687" lon="-68.64912919">
				<ele>1032.0</ele>
				<time>2025-06-07T19:42:27Z</time>
				<extensions>
					<ns3:TrackPointExtension>
						<ns3:speed>2.2988505</ns3:speed>
						<ns3:cad>80.0</ns3:cad>
						<ns3:hr>179</ns3:hr>
					</ns3:TrackPointExtension>
				</extensions>
			</trkpt>
			<trkpt lat="-31.41529653" lon="-68.64913885">
				<ele>1032.0</ele>
				<time>2025-06-07T19:42:30Z</time>
				<extensions>
					<ns3:TrackPointExtension>
						<ns3:speed>2.4691358</ns3:speed>
						<ns3:cad>80.0</ns3:cad>
						<ns3:hr>178</ns3:hr>
					</ns3:TrackPointExtension>
				</extensions>
			</trkpt>
			<trkpt lat="-31.41535553" lon="-68.64915018">
				<ele>1031.0</ele>
				<time>2025-06-07T19:42:33Z</time>
				<extensions>
					<ns3:TrackPointExtension>
						<ns3:speed>2.5</ns3:speed>
						<ns3:cad>80.0</ns3:cad>
						<ns3:hr>178</ns3:hr>
					</ns3:TrackPointExtension>
				</extensions>
			</trkpt>
			<trkpt lat="-31.41540019" lon="-68.64915351">
				<ele>1031.0</ele>
				<time>2025-06-07T19:42:36Z</time>
				<extensions>
					<ns3:TrackPointExtension>
						<ns3:speed>2.247191</ns3:speed>
						<ns3:cad>80.0</ns3:cad>
						<ns3:hr>179</ns3:hr>
					</ns3:TrackPointExtension>
				</extensions>
			</trkpt>
			<trkpt lat="-31.41545085" lon="-68.64916417">
				<ele>1032.0</ele>
				<time>2025-06-07T19:42:49Z</time>
				<extensions>
					<ns3:TrackPointExtension>
						<ns3:speed>1.2820513</ns3:speed>
						<ns3:cad>80.0</ns3:cad>
						<ns3:hr>179</ns3:hr>
					</ns3:TrackPointExtension>
				</extensions>
			</trkpt>
			<trkpt lat="-31.41550118" lon="-68.64917117">
				<ele>1033.0</ele>
				<time>2025-06-07T19:42:55Z</time>
				<extensions>
					<ns3:TrackPointExtension>
						<ns3:speed>0.9259259</ns3:speed>
						<ns3:cad>80.0</ns3:cad>
						<ns3:hr>177</ns3:hr>
					</ns3:TrackPointExtension>
				</extensions>
			</trkpt>
			<trkpt lat="-31.41554751" lon="-68.64919783">
				<ele>1034.0</ele>
				<time>2025-06-07T19:43:03Z</time>
				<extensions>
					<ns3:TrackPointExtension>
						<ns3:speed>0.86580086</ns3:speed>
						<ns3:cad>80.0</ns3:cad>
						<ns3:hr>175</ns3:hr>
					</ns3:TrackPointExtension>
				</extensions>
			</trkpt>
			<trkpt lat="-31.41558317" lon="-68.64924516">
				<ele>1036.0</ele>
				<time>2025-06-07T19:43:13Z</time>
				<extensions>
					<ns3:TrackPointExtension>
						<ns3:speed>0.7564297</ns3:speed>
						<ns3:cad>80.0</ns3:cad>
						<ns3:hr>175</ns3:hr>
					</ns3:TrackPointExtension>
				</extensions>
			</trkpt>
			<trkpt lat="-31.4156275" lon="-68.64926982">
				<ele>1037.0</ele>
				<time>2025-06-07T19:43:25Z</time>
				<extensions>
					<ns3:TrackPointExtension>
						<ns3:speed>0.6802721</ns3:speed>
						<ns3:cad>80.0</ns3:cad>
						<ns3:hr>176</ns3:hr>
					</ns3:TrackPointExtension>
				</extensions>
			</trkpt>
			<trkpt lat="-31.41569716" lon="-68.64922549">
				<ele>1037.0</ele>
				<time>2025-06-07T19:43:55Z</time>
				<extensions>
					<ns3:TrackPointExtension>
						<ns3:speed>0.83194673</ns3:speed>
						<ns3:cad>61.0</ns3:cad>
						<ns3:hr>171</ns3:hr>
					</ns3:TrackPointExtension>
				</extensions>
			</trkpt>
			<trkpt lat="-31.41576916" lon="-68.64918049">
				<ele>1037.0</ele>
				<time>2025-06-07T19:43:58Z</time>
				<extensions>
					<ns3:TrackPointExtension>
						<ns3:speed>1.8416207</ns3:speed>
						<ns3:cad>61.0</ns3:cad>
						<ns3:hr>170</ns3:hr>
					</ns3:TrackPointExtension>
				</extensions>
			</trkpt>
			<trkpt lat="-31.41582316" lon="-68.64914716">
				<ele>1037.0</ele>
				<time>2025-06-07T19:44:00Z</time>
				<extensions>
					<ns3:TrackPointExtension>
						<ns3:speed>2.4813895</ns3:speed>
						<ns3:cad>61.0</ns3:cad>
						<ns3:hr>170</ns3:hr>
					</ns3:TrackPointExtension>
				</extensions>
			</trkpt>
			<trkpt lat="-31.41587849" lon="-68.64912283">
				<ele>1037.0</ele>
				<time>2025-06-07T19:44:02Z</time>
				<extensions>
					<ns3:TrackPointExtension>
						<ns3:speed>2.9585798</ns3:speed>
						<ns3:cad>61.0</ns3:cad>
						<ns3:hr>169</ns3:hr>
					</ns3:TrackPointExtension>
				</extensions>
			</trkpt>
			<trkpt lat="-31.41592482" lon="-68.64910417">
				<ele>1033.0</ele>
				<time>2025-06-07T19:44:04Z</time>
				<extensions>
					<ns3:TrackPointExtension>
						<ns3:speed>3.1746032</ns3:speed>
						<ns3:cad>78.0</ns3:cad>
						<ns3:hr>170</ns3:hr>
					</ns3:TrackPointExtension>
				</extensions>
			</trkpt>
			<trkpt lat="-31.41598615" lon="-68.64907517">
				<ele>1031.0</ele>
				<time>2025-06-07T19:44:07Z</time>
				<extensions>
					<ns3:TrackPointExtension>
						<ns3:speed>3.030303</ns3:speed>
						<ns3:cad>78.0</ns3:cad>
						<ns3:hr>169</ns3:hr>
					</ns3:TrackPointExtension>
				</extensions>
			</trkpt>
			<trkpt lat="-31.41605748" lon="-68.64905551">
				<ele>1029.0</ele>
				<time>2025-06-07T19:44:10Z</time>
				<extensions>
					<ns3:TrackPointExtension>
						<ns3:speed>2.8328612</ns3:speed>
						<ns3:cad>78.0</ns3:cad>
						<ns3:hr>169</ns3:hr>
					</ns3:TrackPointExtension>
				</extensions>
			</trkpt>
			<trkpt lat="-31.41612548" lon="-68.64903951">
				<ele>1029.0</ele>
				<time>2025-06-07T19:44:13Z</time>
				<extensions>
					<ns3:TrackPointExtension>
						<ns3:speed>2.7777777</ns3:speed>
						<ns3:cad>78.0</ns3:cad>
						<ns3:hr>167</ns3:hr>
					</ns3:TrackPointExtension>
				</extensions>
			</trkpt>
			<trkpt lat="-31.41618914" lon="-68.64903451">
				<ele>1028.0</ele>
				<time>2025-06-07T19:44:16Z</time>
				<extensions>
					<ns3:TrackPointExtension>
						<ns3:speed>2.739726</ns3:speed>
						<ns3:cad>78.0</ns3:cad>
						<ns3:hr>166</ns3:hr>
					</ns3:TrackPointExtension>
				</extensions>
			</trkpt>
			<trkpt lat="-31.41623947" lon="-68.64903951">
				<ele>1028.0</ele>
				<time>2025-06-07T19:44:19Z</time>
				<extensions>
					<ns3:TrackPointExtension>
						<ns3:speed>2.6666667</ns3:speed>
						<ns3:cad>78.0</ns3:cad>
						<ns3:hr>165</ns3:hr>
					</ns3:TrackPointExtension>
				</extensions>
			</trkpt>
			<trkpt lat="-31.41630113" lon="-68.64901151">
				<ele>1028.0</ele>
				<time>2025-06-07T19:44:23Z</time>
				<extensions>
					<ns3:TrackPointExtension>
						<ns3:speed>2.020202</ns3:speed>
						<ns3:cad>78.0</ns3:cad>
						<ns3:hr>165</ns3:hr>
					</ns3:TrackPointExtension>
				</extensions>
			</trkpt>
			<trkpt lat="-31.41637679" lon="-68.64897918">
				<ele>1028.0</ele>
				<time>2025-06-07T19:44:26Z</time>
				<extensions>
					<ns3:TrackPointExtension>
						<ns3:speed>2.0618556</ns3:speed>
						<ns3:cad>78.0</ns3:cad>
						<ns3:hr>163</ns3:hr>
					</ns3:TrackPointExtension>
				</extensions>
			</trkpt>
			<trkpt lat="-31.41643179" lon="-68.64896818">
				<ele>1027.0</ele>
				<time>2025-06-07T19:44:28Z</time>
				<extensions>
					<ns3:TrackPointExtension>
						<ns3:speed>2.5125628</ns3:speed>
						<ns3:cad>78.0</ns3:cad>
						<ns3:hr>161</ns3:hr>
					</ns3:TrackPointExtension>
				</extensions>
			</trkpt>
			<trkpt lat="-31.41648479" lon="-68.64896951">
				<ele>1027.0</ele>
				<time>2025-06-07T19:44:30Z</time>
				<extensions>
					<ns3:TrackPointExtension>
						<ns3:speed>2.8169014</ns3:speed>
						<ns3:cad>78.0</ns3:cad>
						<ns3:hr>161</ns3:hr>
					</ns3:TrackPointExtension>
				</extensions>
			</trkpt>
			<trkpt lat="-31.41653579" lon="-68.64897051">
				<ele>1027.0</ele>
				<time>2025-06-07T19:44:32Z</time>
				<extensions>
					<ns3:TrackPointExtension>
						<ns3:speed>2.9239767</ns3:speed>
						<ns3:cad>78.0</ns3:cad>
						<ns3:hr>163</ns3:hr>
					</ns3:TrackPointExtension>
				</extensions>
			</trkpt>
			<trkpt lat="-31.41658112" lon="-68.64897117">
				<ele>1027.0</ele>
				<time>2025-06-07T19:44:34Z</time>
				<extensions>
					<ns3:TrackPointExtension>
						<ns3:speed>2.8985507</ns3:speed>
						<ns3:cad>78.0</ns3:cad>
						<ns3:hr>164</ns3:hr>
					</ns3:TrackPointExtension>
				</extensions>
			</trkpt>
			<trkpt lat="-31.41663778" lon="-68.64897383">
				<ele>1027.0</ele>
				<time>2025-06-07T19:44:37Z</time>
				<extensions>
					<ns3:TrackPointExtension>
						<ns3:speed>2.631579</ns3:speed>
						<ns3:cad>78.0</ns3:cad>
						<ns3:hr>165</ns3:hr>
					</ns3:TrackPointExtension>
				</extensions>
			</trkpt>
			<trkpt lat="-31.41667878" lon="-68.64898049">
				<ele>1027.0</ele>
				<time>2025-06-07T19:44:40Z</time>
				<extensions>
					<ns3:TrackPointExtension>
						<ns3:speed>2.1505377</ns3:speed>
						<ns3:cad>78.0</ns3:cad>
						<ns3:hr>165</ns3:hr>
					</ns3:TrackPointExtension>
				</extensions>
			</trkpt>
			<trkpt lat="-31.41673244" lon="-68.64899515">
				<ele>1028.0</ele>
				<time>2025-06-07T19:44:45Z</time>
				<extensions>
					<ns3:TrackPointExtension>
						<ns3:speed>1.4124293</ns3:speed>
						<ns3:cad>52.0</ns3:cad>
						<ns3:hr>166</ns3:hr>
					</ns3:TrackPointExtension>
				</extensions>
			</trkpt>
			<trkpt lat="-31.41678944" lon="-68.64899149">
				<ele>1028.0</ele>
				<time>2025-06-07T19:44:51Z</time>
				<extensions>
					<ns3:TrackPointExtension>
						<ns3:speed>1.0449321</ns3:speed>
						<ns3:cad>52.0</ns3:cad>
						<ns3:hr>170</ns3:hr>
					</ns3:TrackPointExtension>
				</extensions>
			</trkpt>
			<trkpt lat="-31.41684477" lon="-68.64898083">
				<ele>1028.0</ele>
				<time>2025-06-07T19:44:55Z</time>
				<extensions>
					<ns3:TrackPointExtension>
						<ns3:speed>1.1428572</ns3:speed>
						<ns3:cad>52.0</ns3:cad>
						<ns3:hr>169</ns3:hr>
					</ns3:TrackPointExtension>
				</extensions>
			</trkpt>
			<trkpt lat="-31.41689177" lon="-68.64896983">
				<ele>1028.0</ele>
				<time>2025-06-07T19:44:59Z</time>
				<extensions>
					<ns3:TrackPointExtension>
						<ns3:speed>1.270648</ns3:speed>
						<ns3:cad>52.0</ns3:cad>
						<ns3:hr>168</ns3:hr>
					</ns3:TrackPointExtension>
				</extensions>
			</trkpt>
			<trkpt lat="-31.41696377" lon="-68.6489465">
				<ele>1028.0</ele>
				<time>2025-06-07T19:45:14Z</time>
				<extensions>
					<ns3:TrackPointExtension>
						<ns3:speed>1.270648</ns3:speed>
						<ns3:cad>52.0</ns3:cad>
						<ns3:hr>164</ns3:hr>
					</ns3:TrackPointExtension>
				</extensions>
			</trkpt>
			<trkpt lat="-31.41702143" lon="-68.64894816">
				<ele>1028.0</ele>
				<time>2025-06-07T19:45:20Z</time>
				<extensions>
					<ns3:TrackPointExtension>
						<ns3:speed>1.183432</ns3:speed>
						<ns3:cad>52.0</ns3:cad>
						<ns3:hr>164</ns3:hr>
					</ns3:TrackPointExtension>
				</extensions>
			</trkpt>
			<trkpt lat="-31.41707609" lon="-68.64896149">
				<ele>1028.0</ele>
				<time>2025-06-07T19:45:26Z</time>
				<extensions>
					<ns3:TrackPointExtension>
						<ns3:speed>1.1299435</ns3:speed>
						<ns3:cad>52.0</ns3:cad>
						<ns3:hr>167</ns3:hr>
					</ns3:TrackPointExtension>
				</extensions>
			</trkpt>
			<trkpt lat="-31.41708809" lon="-68.64899915">
				<ele>1028.0</ele>
				<time>2025-06-07T19:45:32Z</time>
				<extensions>
					<ns3:TrackPointExtension>
						<ns3:speed>1.0893246</ns3:speed>
						<ns3:cad>52.0</ns3:cad>
						<ns3:hr>166</ns3:hr>
					</ns3:TrackPointExtension>
				</extensions>
			</trkpt>
			<trkpt lat="-31.41705209" lon="-68.64907315">
				<ele>1026.0</ele>
				<time>2025-06-07T19:45:40Z</time>
				<extensions>
					<ns3:TrackPointExtension>
						<ns3:speed>0.90909094</ns3:speed>
						<ns3:cad>52.0</ns3:cad>
						<ns3:hr>167</ns3:hr>
					</ns3:TrackPointExtension>
				</extensions>
			</trkpt>
			<trkpt lat="-31.41704243" lon="-68.64914548">
				<ele>1025.0</ele>
				<time>2025-06-07T19:45:43Z</time>
				<extensions>
					<ns3:TrackPointExtension>
						<ns3:speed>1.4705882</ns3:speed>
						<ns3:cad>79.0</ns3:cad>
						<ns3:hr>167</ns3:hr>
					</ns3:TrackPointExtension>
				</extensions>
			</trkpt>
			<trkpt lat="-31.4170351" lon="-68.64920781">
				<ele>1024.0</ele>
				<time>2025-06-07T19:45:46Z</time>
				<extensions>
					<ns3:TrackPointExtension>
						<ns3:speed>2.020202</ns3:speed>
						<ns3:cad>79.0</ns3:cad>
						<ns3:hr>167</ns3:hr>
					</ns3:TrackPointExtension>
				</extensions>
			</trkpt>
			<trkpt lat="-31.41702444" lon="-68.64924881">
				<ele>1023.0</ele>
				<time>2025-06-07T19:45:58Z</time>
				<extensions>
					<ns3:TrackPointExtension>
						<ns3:speed>0.0</ns3:speed>
						<ns3:cad>79.0</ns3:cad>
						<ns3:hr>163</ns3:hr>
					</ns3:TrackPointExtension>
				</extensions>
			</trkpt>
			<trkpt lat="-31.41703744" lon="-68.64932681">
				<ele>1021.0</ele>
				<time>2025-06-07T19:46:12Z</time>
				<extensions>
					<ns3:TrackPointExtension>
						<ns3:speed>0.5740528</ns3:speed>
						<ns3:cad>79.0</ns3:cad>
						<ns3:hr>158</ns3:hr>
					</ns3:TrackPointExtension>
				</extensions>
			</trkpt>
			<trkpt lat="-31.41706777" lon="-68.64939047">
				<ele>1019.0</ele>
				<time>2025-06-07T19:46:17Z</time>
				<extensions>
					<ns3:TrackPointExtension>
						<ns3:speed>1.2345679</ns3:speed>
						<ns3:cad>79.0</ns3:cad>
						<ns3:hr>164</ns3:hr>
					</ns3:TrackPointExtension>
				</extensions>
			</trkpt>
			<trkpt lat="-31.4170871" lon="-68.64946047">
				<ele>1017.0</ele>
				<time>2025-06-07T19:46:21Z</time>
				<extensions>
					<ns3:TrackPointExtension>
						<ns3:speed>1.438849</ns3:speed>
						<ns3:cad>79.0</ns3:cad>
						<ns3:hr>164</ns3:hr>
					</ns3:TrackPointExtension>
				</extensions>
			</trkpt>
			<trkpt lat="-31.41709576" lon="-68.64952913">
				<ele>1016.0</ele>
				<time>2025-06-07T19:46:24Z</time>
				<extensions>
					<ns3:TrackPointExtension>
						<ns3:speed>1.7921147</ns3:speed>
						<ns3:cad>79.0</ns3:cad>
						<ns3:hr>163</ns3:hr>
					</ns3:TrackPointExtension>
				</extensions>
			</trkpt>
			<trkpt lat="-31.41710476" lon="-68.64958746">
				<ele>1015.0</ele>
				<time>2025-06-07T19:46:27Z</time>
				<extensions>
					<ns3:TrackPointExtension>
						<ns3:speed>2.0491803</ns3:speed>
						<ns3:cad>79.0</ns3:cad>
						<ns3:hr>163</ns3:hr>
					</ns3:TrackPointExtension>
				</extensions>
			</trkpt>
			<trkpt lat="-31.41713376" lon="-68.64966879">
				<ele>1013.0</ele>
				<time>2025-06-07T19:46:31Z</time>
				<extensions>
					<ns3:TrackPointExtension>
						<ns3:speed>1.968504</ns3:speed>
						<ns3:cad>79.0</ns3:cad>
						<ns3:hr>160</ns3:hr>
					</ns3:TrackPointExtension>
				</extensions>
			</trkpt>
			<trkpt lat="-31.41715609" lon="-68.64973745">
				<ele>1012.0</ele>
				<time>2025-06-07T19:46:34Z</time>
				<extensions>
					<ns3:TrackPointExtension>
						<ns3:speed>2.0833333</ns3:speed>
						<ns3:cad>79.0</ns3:cad>
						<ns3:hr>162</ns3:hr>
					</ns3:TrackPointExtension>
				</extensions>
			</trkpt>
			<trkpt lat="-31.41718542" lon="-68.64979578">
				<ele>1011.0</ele>
				<time>2025-06-07T19:46:37Z</time>
				<extensions>
					<ns3:TrackPointExtension>
						<ns3:speed>2.1978023</ns3:speed>
						<ns3:cad>79.0</ns3:cad>
						<ns3:hr>162</ns3:hr>
					</ns3:TrackPointExtension>
				</extensions>
			</trkpt>
			<trkpt lat="-31.41721742" lon="-68.64986644">
				<ele>1011.0</ele>
				<time>2025-06-07T19:46:40Z</time>
				<extensions>
					<ns3:TrackPointExtension>
						<ns3:speed>2.2123895</ns3:speed>
						<ns3:cad>79.0</ns3:cad>
						<ns3:hr>160</ns3:hr>
					</ns3:TrackPointExtension>
				</extensions>
			</trkpt>
			<trkpt lat="-31.41723775" lon="-68.64992544">
				<ele>1010.0</ele>
				<time>2025-06-07T19:46:42Z</time>
				<extensions>
					<ns3:TrackPointExtension>
						<ns3:speed>2.3529413</ns3:speed>
						<ns3:cad>79.0</ns3:cad>
						<ns3:hr>159</ns3:hr>
					</ns3:TrackPointExtension>
				</extensions>
			</trkpt>
			<trkpt lat="-31.41725541" lon="-68.64998844">
				<ele>1009.0</ele>
				<time>2025-06-07T19:46:44Z</time>
				<extensions>
					<ns3:TrackPointExtension>
						<ns3:speed>2.631579</ns3:speed>
						<ns3:cad>79.0</ns3:cad>
						<ns3:hr>159</ns3:hr>
					</ns3:TrackPointExtension>
				</extensions>
			</trkpt>
			<trkpt lat="-31.41727141" lon="-68.65004844">
				<ele>1008.0</ele>
				<time>2025-06-07T19:46:46Z</time>
				<extensions>
					<ns3:TrackPointExtension>
						<ns3:speed>2.8985507</ns3:speed>
						<ns3:cad>79.0</ns3:cad>
						<ns3:hr>159</ns3:hr>
					</ns3:TrackPointExtension>
				</extensions>
			</trkpt>
			<trkpt lat="-31.41728741" lon="-68.65010677">
				<ele>1008.0</ele>
				<time>2025-06-07T19:46:48Z</time>
				<extensions>
					<ns3:TrackPointExtension>
						<ns3:speed>2.9850745</ns3:speed>
						<ns3:cad>80.0</ns3:cad>
						<ns3:hr>158</ns3:hr>
					</ns3:TrackPointExtension>
				</extensions>
			</trkpt>
			<trkpt lat="-31.41730607" lon="-68.65015743">
				<ele>1008.0</ele>
				<time>2025-06-07T19:46:50Z</time>
				<extensions>
					<ns3:TrackPointExtension>
						<ns3:speed>2.9850745</ns3:speed>
						<ns3:cad>80.0</ns3:cad>
						<ns3:hr>158</ns3:hr>
					</ns3:TrackPointExtension>
				</extensions>
			</trkpt>
			<trkpt lat="-31.4173364" lon="-68.65022276">
				<ele>1008.0</ele>
				<time>2025-06-07T19:46:53Z</time>
				<extensions>
					<ns3:TrackPointExtension>
						<ns3:speed>2.8735633</ns3:speed>
						<ns3:cad>80.0</ns3:cad>
						<ns3:hr>159</ns3:hr>
					</ns3:TrackPointExtension>
				</extensions>
			</trkpt>
			<trkpt lat="-31.41737906" lon="-68.65028109">
				<ele>1007.0</ele>
				<time>2025-06-07T19:46:56Z</time>
				<extensions>
					<ns3:TrackPointExtension>
						<ns3:speed>2.739726</ns3:speed>
						<ns3:cad>80.0</ns3:cad>
						<ns3:hr>161</ns3:hr>
					</ns3:TrackPointExtension>
				</extensions>
			</trkpt>
			<trkpt lat="-31.41742472" lon="-68.65033275">
				<ele>1007.0</ele>
				<time>2025-06-07T19:46:59Z</time>
				<extensions>
					<ns3:TrackPointExtension>
						<ns3:speed>2.6455026</ns3:speed>
						<ns3:cad>80.0</ns3:cad>
						<ns3:hr>163</ns3:hr>
					</ns3:TrackPointExtension>
				</extensions>
			</trkpt>
			<trkpt lat="-31.41745738" lon="-68.65038508">
				<ele>1007.0</ele>
				<time>2025-06-07T19:47:03Z</time>
				<extensions>
					<ns3:TrackPointExtension>
						<ns3:speed>2.0</ns3:speed>
						<ns3:cad>80.0</ns3:cad>
						<ns3:hr>161</ns3:hr>
					</ns3:TrackPointExtension>
				</extensions>
			</trkpt>
			<trkpt lat="-31.41748571" lon="-68.65044774">
				<ele>1007.0</ele>
				<time>2025-06-07T19:47:07Z</time>
				<extensions>
					<ns3:TrackPointExtension>
						<ns3:speed>1.6806723</ns3:speed>
						<ns3:cad>80.0</ns3:cad>
						<ns3:hr>160</ns3:hr>
					</ns3:TrackPointExtension>
				</extensions>
			</trkpt>
			<trkpt lat="-31.41750671" lon="-68.65050974">
				<ele>1006.0</ele>
				<time>2025-06-07T19:47:11Z</time>
				<extensions>
					<ns3:TrackPointExtension>
						<ns3:speed>1.6806723</ns3:speed>
						<ns3:cad>80.0</ns3:cad>
						<ns3:hr>158</ns3:hr>
					</ns3:TrackPointExtension>
				</extensions>
			</trkpt>
			<trkpt lat="-31.41752637" lon="-68.65056674">
				<ele>1004.0</ele>
				<time>2025-06-07T19:47:15Z</time>
				<extensions>
					<ns3:TrackPointExtension>
						<ns3:speed>1.5503876</ns3:speed>
						<ns3:cad>80.0</ns3:cad>
						<ns3:hr>155</ns3:hr>
					</ns3:TrackPointExtension>
				</extensions>
			</trkpt>
			<trkpt lat="-31.41754203" lon="-68.65062574">
				<ele>1003.0</ele>
				<time>2025-06-07T19:47:19Z</time>
				<extensions>
					<ns3:TrackPointExtension>
						<ns3:speed>1.5037594</ns3:speed>
						<ns3:cad>52.0</ns3:cad>
						<ns3:hr>159</ns3:hr>
					</ns3:TrackPointExtension>
				</extensions>
			</trkpt>
			<trkpt lat="-31.41755403" lon="-68.65069274">
				<ele>1001.0</ele>
				<time>2025-06-07T19:47:23Z</time>
				<extensions>
					<ns3:TrackPointExtension>
						<ns3:speed>1.4880953</ns3:speed>
						<ns3:cad>52.0</ns3:cad>
						<ns3:hr>159</ns3:hr>
					</ns3:TrackPointExtension>
				</extensions>
			</trkpt>
			<trkpt lat="-31.41755836" lon="-68.6507644">
				<ele>999.0</ele>
				<time>2025-06-07T19:47:26Z</time>
				<extensions>
					<ns3:TrackPointExtension>
						<ns3:speed>1.6750419</ns3:speed>
						<ns3:cad>52.0</ns3:cad>
						<ns3:hr>160</ns3:hr>
					</ns3:TrackPointExtension>
				</extensions>
			</trkpt>
			<trkpt lat="-31.41756369" lon="-68.6508514">
				<ele>996.0</ele>
				<time>2025-06-07T19:47:29Z</time>
				<extensions>
					<ns3:TrackPointExtension>
						<ns3:speed>2.1276596</ns3:speed>
						<ns3:cad>52.0</ns3:cad>
						<ns3:hr>160</ns3:hr>
					</ns3:TrackPointExtension>
				</extensions>
			</trkpt>
			<trkpt lat="-31.41755636" lon="-68.65091906">
				<ele>993.0</ele>
				<time>2025-06-07T19:47:31Z</time>
				<extensions>
					<ns3:TrackPointExtension>
						<ns3:speed>2.4570024</ns3:speed>
						<ns3:cad>52.0</ns3:cad>
						<ns3:hr>160</ns3:hr>
					</ns3:TrackPointExtension>
				</extensions>
			</trkpt>
			<trkpt lat="-31.41755769" lon="-68.65098906">
				<ele>991.0</ele>
				<time>2025-06-07T19:47:33Z</time>
				<extensions>
					<ns3:TrackPointExtension>
						<ns3:speed>2.8328612</ns3:speed>
						<ns3:cad>52.0</ns3:cad>
						<ns3:hr>160</ns3:hr>
					</ns3:TrackPointExtension>
				</extensions>
			</trkpt>
			<trkpt lat="-31.41757435" lon="-68.65105872">
				<ele>990.0</ele>
				<time>2025-06-07T19:47:35Z</time>
				<extensions>
					<ns3:TrackPointExtension>
						<ns3:speed>3.10559</ns3:speed>
						<ns3:cad>52.0</ns3:cad>
						<ns3:hr>160</ns3:hr>
					</ns3:TrackPointExtension>
				</extensions>
			</trkpt>
			<trkpt lat="-31.41759368" lon="-68.65112005">
				<ele>989.0</ele>
				<time>2025-06-07T19:47:37Z</time>
				<extensions>
					<ns3:TrackPointExtension>
						<ns3:speed>3.2258065</ns3:speed>
						<ns3:cad>52.0</ns3:cad>
						<ns3:hr>160</ns3:hr>
					</ns3:TrackPointExtension>
				</extensions>
			</trkpt>
			<trkpt lat="-31.41761468" lon="-68.65117305">
				<ele>988.0</ele>
				<time>2025-06-07T19:47:39Z</time>
				<extensions>
					<ns3:TrackPointExtension>
						<ns3:speed>3.2258065</ns3:speed>
						<ns3:cad>77.0</ns3:cad>
						<ns3:hr>159</ns3:hr>
					</ns3:TrackPointExtension>
				</extensions>
			</trkpt>
			<trkpt lat="-31.41763834" lon="-68.65123538">
				<ele>987.0</ele>
				<time>2025-06-07T19:47:42Z</time>
				<extensions>
					<ns3:TrackPointExtension>
						<ns3:speed>2.8985507</ns3:speed>
						<ns3:cad>77.0</ns3:cad>
						<ns3:hr>158</ns3:hr>
					</ns3:TrackPointExtension>
				</extensions>
			</trkpt>
			<trkpt lat="-31.417655" lon="-68.65128604">
				<ele>986.0</ele>
				<time>2025-06-07T19:47:46Z</time>
				<extensions>
					<ns3:TrackPointExtension>
						<ns3:speed>2.0618556</ns3:speed>
						<ns3:cad>77.0</ns3:cad>
						<ns3:hr>159</ns3:hr>
					</ns3:TrackPointExtension>
				</extensions>
			</trkpt>
			<trkpt lat="-31.41767933" lon="-68.6513587">
				<ele>984.0</ele>
				<time>2025-06-07T19:48:03Z</time>
				<extensions>
					<ns3:TrackPointExtension>
						<ns3:speed>0.80192465</ns3:speed>
						<ns3:cad>77.0</ns3:cad>
						<ns3:hr>158</ns3:hr>
					</ns3:TrackPointExtension>
				</extensions>
			</trkpt>
			<trkpt lat="-31.41771266" lon="-68.65140603">
				<ele>983.0</ele>
				<time>2025-06-07T19:48:08Z</time>
				<extensions>
					<ns3:TrackPointExtension>
						<ns3:speed>0.7861635</ns3:speed>
						<ns3:cad>77.0</ns3:cad>
						<ns3:hr>160</ns3:hr>
					</ns3:TrackPointExtension>
				</extensions>
			</trkpt>
			<trkpt lat="-31.41774066" lon="-68.65145436">
				<ele>982.0</ele>
				<time>2025-06-07T19:48:13Z</time>
				<extensions>
					<ns3:TrackPointExtension>
						<ns3:speed>1.081081</ns3:speed>
						<ns3:cad>59.0</ns3:cad>
						<ns3:hr>157</ns3:hr>
					</ns3:TrackPointExtension>
				</extensions>
			</trkpt>
			<trkpt lat="-31.41777732" lon="-68.65152036">
				<ele>981.0</ele>
				<time>2025-06-07T19:48:18Z</time>
				<extensions>
					<ns3:TrackPointExtension>
						<ns3:speed>1.2019231</ns3:speed>
						<ns3:cad>59.0</ns3:cad>
						<ns3:hr>155</ns3:hr>
					</ns3:TrackPointExtension>
				</extensions>
			</trkpt>
			<trkpt lat="-31.41779298" lon="-68.65157636">
				<ele>980.0</ele>
				<time>2025-06-07T19:48:23Z</time>
				<extensions>
					<ns3:TrackPointExtension>
						<ns3:speed>1.2738854</ns3:speed>
						<ns3:cad>59.0</ns3:cad>
						<ns3:hr>152</ns3:hr>
					</ns3:TrackPointExtension>
				</extensions>
			</trkpt>
			<trkpt lat="-31.41781231" lon="-68.65164402">
				<ele>979.0</ele>
				<time>2025-06-07T19:48:28Z</time>
				<extensions>
					<ns3:TrackPointExtension>
						<ns3:speed>1.24533</ns3:speed>
						<ns3:cad>58.0</ns3:cad>
						<ns3:hr>155</ns3:hr>
					</ns3:TrackPointExtension>
				</extensions>
			</trkpt>
			<trkpt lat="-31.41784364" lon="-68.65169368">
				<ele>978.0</ele>
				<time>2025-06-07T19:48:32Z</time>
				<extensions>
					<ns3:TrackPointExtension>
						<ns3:speed>1.2820513</ns3:speed>
						<ns3:cad>58.0</ns3:cad>
						<ns3:hr>155</ns3:hr>
					</ns3:TrackPointExtension>
				</extensions>
			</trkpt>
			<trkpt lat="-31.4178963" lon="-68.65173534">
				<ele>977.0</ele>
				<time>2025-06-07T19:48:36Z</time>
				<extensions>
					<ns3:TrackPointExtension>
						<ns3:speed>1.3297873</ns3:speed>
						<ns3:cad>58.0</ns3:cad>
						<ns3:hr>155</ns3:hr>
					</ns3:TrackPointExtension>
				</extensions>
			</trkpt>
			<trkpt lat="-31.4179433" lon="-68.65177167">
				<ele>976.0</ele>
				<time>2025-06-07T19:48:40Z</time>
				<extensions>
					<ns3:TrackPointExtension>
						<ns3:speed>1.3986014</ns3:speed>
						<ns3:cad>58.0</ns3:cad>
						<ns3:hr>155</ns3:hr>
					</ns3:TrackPointExtension>
				</extensions>
			</trkpt>
			<trkpt lat="-31.41797496" lon="-68.65183767">
				<ele>976.0</ele>
				<time>2025-06-07T19:48:45Z</time>
				<extensions>
					<ns3:TrackPointExtension>
						<ns3:speed>1.4084507</ns3:speed>
						<ns3:cad>58.0</ns3:cad>
						<ns3:hr>155</ns3:hr>
					</ns3:TrackPointExtension>
				</extensions>
			</trkpt>
			<trkpt lat="-31.41800829" lon="-68.65189133">
				<ele>975.0</ele>
				<time>2025-06-07T19:48:49Z</time>
				<extensions>
					<ns3:TrackPointExtension>
						<ns3:speed>1.4285715</ns3:speed>
						<ns3:cad>58.0</ns3:cad>
						<ns3:hr>155</ns3:hr>
					</ns3:TrackPointExtension>
				</extensions>
			</trkpt>
			<trkpt lat="-31.41804395" lon="-68.65193266">
				<ele>975.0</ele>
				<time>2025-06-07T19:48:53Z</time>
				<extensions>
					<ns3:TrackPointExtension>
						<ns3:speed>1.4430014</ns3:speed>
						<ns3:cad>58.0</ns3:cad>
						<ns3:hr>155</ns3:hr>
					</ns3:TrackPointExtension>
				</extensions>
			</trkpt>
			<trkpt lat="-31.41807828" lon="-68.65198966">
				<ele>974.0</ele>
				<time>2025-06-07T19:48:57Z</time>
				<extensions>
					<ns3:TrackPointExtension>
						<ns3:speed>1.438849</ns3:speed>
						<ns3:cad>58.0</ns3:cad>
						<ns3:hr>155</ns3:hr>
					</ns3:TrackPointExtension>
				</extensions>
			</trkpt>
			<trkpt lat="-31.41811294" lon="-68.65204566">
				<ele>973.0</ele>
				<time>2025-06-07T19:49:01Z</time>
				<extensions>
					<ns3:TrackPointExtension>
						<ns3:speed>1.4705882</ns3:speed>
						<ns3:cad>58.0</ns3:cad>
						<ns3:hr>156</ns3:hr>
					</ns3:TrackPointExtension>
				</extensions>
			</trkpt>
			<trkpt lat="-31.41814394" lon="-68.65211066">
				<ele>973.0</ele>
				<time>2025-06-07T19:49:06Z</time>
				<extensions>
					<ns3:TrackPointExtension>
						<ns3:speed>1.4814814</ns3:speed>
						<ns3:cad>58.0</ns3:cad>
						<ns3:hr>155</ns3:hr>
					</ns3:TrackPointExtension>
				</extensions>
			</trkpt>
			<trkpt lat="-31.41816727" lon="-68.65217166">
				<ele>973.0</ele>
				<time>2025-06-07T19:49:10Z</time>
				<extensions>
					<ns3:TrackPointExtension>
						<ns3:speed>1.4814814</ns3:speed>
						<ns3:cad>58.0</ns3:cad>
						<ns3:hr>153</ns3:hr>
					</ns3:TrackPointExtension>
				</extensions>
			</trkpt>
			<trkpt lat="-31.41818427" lon="-68.65223732">
				<ele>972.0</ele>
				<time>2025-06-07T19:49:15Z</time>
				<extensions>
					<ns3:TrackPointExtension>
						<ns3:speed>1.4880953</ns3:speed>
						<ns3:cad>57.0</ns3:cad>
						<ns3:hr>150</ns3:hr>
					</ns3:TrackPointExtension>
				</extensions>
			</trkpt>
			<trkpt lat="-31.4182066" lon="-68.65229698">
				<ele>972.0</ele>
				<time>2025-06-07T19:49:19Z</time>
				<extensions>
					<ns3:TrackPointExtension>
						<ns3:speed>1.4705882</ns3:speed>
						<ns3:cad>57.0</ns3:cad>
						<ns3:hr>151</ns3:hr>
					</ns3:TrackPointExtension>
				</extensions>
			</trkpt>
			<trkpt lat="-31.41823226" lon="-68.65236898">
				<ele>971.0</ele>
				<time>2025-06-07T19:49:23Z</time>
				<extensions>
					<ns3:TrackPointExtension>
						<ns3:speed>1.5037594</ns3:speed>
						<ns3:cad>57.0</ns3:cad>
						<ns3:hr>151</ns3:hr>
					</ns3:TrackPointExtension>
				</extensions>
			</trkpt>
			<trkpt lat="-31.41824792" lon="-68.65243864">
				<ele>970.0</ele>
				<time>2025-06-07T19:49:26Z</time>
				<extensions>
					<ns3:TrackPointExtension>
						<ns3:speed>1.8281536</ns3:speed>
						<ns3:cad>57.0</ns3:cad>
						<ns3:hr>152</ns3:hr>
					</ns3:TrackPointExtension>
				</extensions>
			</trkpt>
			<trkpt lat="-31.41825558" lon="-68.65249797">
				<ele>970.0</ele>
				<time>2025-06-07T19:49:28Z</time>
				<extensions>
					<ns3:TrackPointExtension>
						<ns3:speed>2.1881838</ns3:speed>
						<ns3:cad>57.0</ns3:cad>
						<ns3:hr>152</ns3:hr>
					</ns3:TrackPointExtension>
				</extensions>
			</trkpt>
			<trkpt lat="-31.41827358" lon="-68.65258163">
				<ele>969.0</ele>
				<time>2025-06-07T19:49:31Z</time>
				<extensions>
					<ns3:TrackPointExtension>
						<ns3:speed>2.5</ns3:speed>
						<ns3:cad>57.0</ns3:cad>
						<ns3:hr>153</ns3:hr>
					</ns3:TrackPointExtension>
				</extensions>
			</trkpt>
			<trkpt lat="-31.41828958" lon="-68.65263896">
				<ele>969.0</ele>
				<time>2025-06-07T19:49:33Z</time>
				<extensions>
					<ns3:TrackPointExtension>
						<ns3:speed>2.6666667</ns3:speed>
						<ns3:cad>57.0</ns3:cad>
						<ns3:hr>152</ns3:hr>
					</ns3:TrackPointExtension>
				</extensions>
			</trkpt>
			<trkpt lat="-31.41830558" lon="-68.65269962">
				<ele>968.0</ele>
				<time>2025-06-07T19:49:35Z</time>
				<extensions>
					<ns3:TrackPointExtension>
						<ns3:speed>2.762431</ns3:speed>
						<ns3:cad>80.0</ns3:cad>
						<ns3:hr>152</ns3:hr>
					</ns3:TrackPointExtension>
				</extensions>
			</trkpt>
			<trkpt lat="-31.41832158" lon="-68.65276162">
				<ele>967.0</ele>
				<time>2025-06-07T19:49:37Z</time>
				<extensions>
					<ns3:TrackPointExtension>
						<ns3:speed>2.857143</ns3:speed>
						<ns3:cad>80.0</ns3:cad>
						<ns3:hr>152</ns3:hr>
					</ns3:TrackPointExtension>
				</extensions>
			</trkpt>
			<trkpt lat="-31.41833724" lon="-68.65282128">
				<ele>967.0</ele>
				<time>2025-06-07T19:49:39Z</time>
				<extensions>
					<ns3:TrackPointExtension>
						<ns3:speed>2.8985507</ns3:speed>
						<ns3:cad>80.0</ns3:cad>
						<ns3:hr>152</ns3:hr>
					</ns3:TrackPointExtension>
				</extensions>
			</trkpt>
			<trkpt lat="-31.41836324" lon="-68.65289928">
				<ele>966.0</ele>
				<time>2025-06-07T19:49:42Z</time>
				<extensions>
					<ns3:TrackPointExtension>
						<ns3:speed>2.9239767</ns3:speed>
						<ns3:cad>80.0</ns3:cad>
						<ns3:hr>152</ns3:hr>
					</ns3:TrackPointExtension>
				</extensions>
			</trkpt>
			<trkpt lat="-31.41838324" lon="-68.65295361">
				<ele>966.0</ele>
				<time>2025-06-07T19:49:44Z</time>
				<extensions>
					<ns3:TrackPointExtension>
						<ns3:speed>2.8985507</ns3:speed>
						<ns3:cad>80.0</ns3:cad>
						<ns3:hr>152</ns3:hr>
					</ns3:TrackPointExtension>
				</extensions>
			</trkpt>
			<trkpt lat="-31.4184209" lon="-68.65302094">
				<ele>965.0</ele>
				<time>2025-06-07T19:49:47Z</time>
				<extensions>
					<ns3:TrackPointExtension>
						<ns3:speed>2.857143</ns3:speed>
						<ns3:cad>79.0</ns3:cad>
						<ns3:hr>153</ns3:hr>
					</ns3:TrackPointExtension>
				</extensions>
			</trkpt>
			<trkpt lat="-31.41845623" lon="-68.65306427">
				<ele>964.0</ele>
				<time>2025-06-07T19:49:49Z</time>
				<extensions>
					<ns3:TrackPointExtension>
						<ns3:speed>2.8169014</ns3:speed>
						<ns3:cad>79.0</ns3:cad>
						<ns3:hr>153</ns3:hr>
					</ns3:TrackPointExtension>
				</extensions>
			</trkpt>
			<trkpt lat="-31.41849123" lon="-68.65311493">
				<ele>964.0</ele>
				<time>2025-06-07T19:49:51Z</time>
				<extensions>
					<ns3:TrackPointExtension>
						<ns3:speed>2.8169014</ns3:speed>
						<ns3:cad>79.0</ns3:cad>
						<ns3:hr>153</ns3:hr>
					</ns3:TrackPointExtension>
				</extensions>
			</trkpt>
			<trkpt lat="-31.41852423" lon="-68.65315993">
				<ele>964.0</ele>
				<time>2025-06-07T19:49:53Z</time>
				<extensions>
					<ns3:TrackPointExtension>
						<ns3:speed>2.8169014</ns3:speed>
						<ns3:cad>79.0</ns3:cad>
						<ns3:hr>153</ns3:hr>
					</ns3:TrackPointExtension>
				</extensions>
			</trkpt>
			<trkpt lat="-31.41857089" lon="-68.65321726">
				<ele>963.0</ele>
				<time>2025-06-07T19:49:56Z</time>
				<extensions>
					<ns3:TrackPointExtension>
						<ns3:speed>2.8169014</ns3:speed>
						<ns3:cad>79.0</ns3:cad>
						<ns3:hr>153</ns3:hr>
					</ns3:TrackPointExtension>
				</extensions>
			</trkpt>
			<trkpt lat="-31.41860455" lon="-68.65328859">
				<ele>963.0</ele>
				<time>2025-06-07T19:49:59Z</time>
				<extensions>
					<ns3:TrackPointExtension>
						<ns3:speed>2.793296</ns3:speed>
						<ns3:cad>79.0</ns3:cad>
						<ns3:hr>153</ns3:hr>
					</ns3:TrackPointExtension>
				</extensions>
			</trkpt>
			<trkpt lat="-31.41863221" lon="-68.65336092">
				<ele>962.0</ele>
				<time>2025-06-07T19:50:02Z</time>
				<extensions>
					<ns3:TrackPointExtension>
						<ns3:speed>2.762431</ns3:speed>
						<ns3:cad>79.0</ns3:cad>
						<ns3:hr>155</ns3:hr>
					</ns3:TrackPointExtension>
				</extensions>
			</trkpt>
			<trkpt lat="-31.41866254" lon="-68.65342392">
				<ele>961.0</ele>
				<time>2025-06-07T19:50:05Z</time>
				<extensions>
					<ns3:TrackPointExtension>
						<ns3:speed>2.739726</ns3:speed>
						<ns3:cad>79.0</ns3:cad>
						<ns3:hr>155</ns3:hr>
					</ns3:TrackPointExtension>
				</extensions>
			</trkpt>
			<trkpt lat="-31.4186872" lon="-68.65349825">
				<ele>961.0</ele>
				<time>2025-06-07T19:50:08Z</time>
				<extensions>
					<ns3:TrackPointExtension>
						<ns3:speed>2.688172</ns3:speed>
						<ns3:cad>79.0</ns3:cad>
						<ns3:hr>155</ns3:hr>
					</ns3:TrackPointExtension>
				</extensions>
			</trkpt>
			<trkpt lat="-31.4187072" lon="-68.65354858">
				<ele>960.0</ele>
				<time>2025-06-07T19:50:10Z</time>
				<extensions>
					<ns3:TrackPointExtension>
						<ns3:speed>2.6666667</ns3:speed>
						<ns3:cad>79.0</ns3:cad>
						<ns3:hr>155</ns3:hr>
					</ns3:TrackPointExtension>
				</extensions>
			</trkpt>
			<trkpt lat="-31.41874686" lon="-68.65362358">
				<ele>959.0</ele>
				<time>2025-06-07T19:50:13Z</time>
				<extensions>
					<ns3:TrackPointExtension>
						<ns3:speed>2.6666667</ns3:speed>
						<ns3:cad>79.0</ns3:cad>
						<ns3:hr>157</ns3:hr>
					</ns3:TrackPointExtension>
				</extensions>
			</trkpt>
			<trkpt lat="-31.41878286" lon="-68.65369791">
				<ele>959.0</ele>
				<time>2025-06-07T19:50:16Z</time>
				<extensions>
					<ns3:TrackPointExtension>
						<ns3:speed>2.6809652</ns3:speed>
						<ns3:cad>79.0</ns3:cad>
						<ns3:hr>157</ns3:hr>
					</ns3:TrackPointExtension>
				</extensions>
			</trkpt>
			<trkpt lat="-31.41882252" lon="-68.65376624">
				<ele>958.0</ele>
				<time>2025-06-07T19:50:19Z</time>
				<extensions>
					<ns3:TrackPointExtension>
						<ns3:speed>2.6809652</ns3:speed>
						<ns3:cad>79.0</ns3:cad>
						<ns3:hr>158</ns3:hr>
					</ns3:TrackPointExtension>
				</extensions>
			</trkpt>
			<trkpt lat="-31.41885985" lon="-68.65383124">
				<ele>957.0</ele>
				<time>2025-06-07T19:50:22Z</time>
				<extensions>
					<ns3:TrackPointExtension>
						<ns3:speed>2.6666667</ns3:speed>
						<ns3:cad>79.0</ns3:cad>
						<ns3:hr>158</ns3:hr>
					</ns3:TrackPointExtension>
				</extensions>
			</trkpt>
			<trkpt lat="-31.41889618" lon="-68.65390757">
				<ele>957.0</ele>
				<time>2025-06-07T19:50:25Z</time>
				<extensions>
					<ns3:TrackPointExtension>
						<ns3:speed>2.6666667</ns3:speed>
						<ns3:cad>79.0</ns3:cad>
						<ns3:hr>160</ns3:hr>
					</ns3:TrackPointExtension>
				</extensions>
			</trkpt>
			<trkpt lat="-31.41893018" lon="-68.6539859">
				<ele>956.0</ele>
				<time>2025-06-07T19:50:28Z</time>
				<extensions>
					<ns3:TrackPointExtension>
						<ns3:speed>2.6666667</ns3:speed>
						<ns3:cad>79.0</ns3:cad>
						<ns3:hr>160</ns3:hr>
					</ns3:TrackPointExtension>
				</extensions>
			</trkpt>
			<trkpt lat="-31.41896151" lon="-68.6540649">
				<ele>955.0</ele>
				<time>2025-06-07T19:50:31Z</time>
				<extensions>
					<ns3:TrackPointExtension>
						<ns3:speed>2.6809652</ns3:speed>
						<ns3:cad>79.0</ns3:cad>
						<ns3:hr>159</ns3:hr>
					</ns3:TrackPointExtension>
				</extensions>
			</trkpt>
			<trkpt lat="-31.41898717" lon="-68.65411523">
				<ele>955.0</ele>
				<time>2025-06-07T19:50:33Z</time>
				<extensions>
					<ns3:TrackPointExtension>
						<ns3:speed>2.688172</ns3:speed>
						<ns3:cad>79.0</ns3:cad>
						<ns3:hr>159</ns3:hr>
					</ns3:TrackPointExtension>
				</extensions>
			</trkpt>
			<trkpt lat="-31.4190265" lon="-68.65418889">
				<ele>954.0</ele>
				<time>2025-06-07T19:50:36Z</time>
				<extensions>
					<ns3:TrackPointExtension>
						<ns3:speed>2.7027028</ns3:speed>
						<ns3:cad>79.0</ns3:cad>
						<ns3:hr>158</ns3:hr>
					</ns3:TrackPointExtension>
				</extensions>
			</trkpt>
			<trkpt lat="-31.4190535" lon="-68.65424522">
				<ele>953.0</ele>
				<time>2025-06-07T19:50:38Z</time>
				<extensions>
					<ns3:TrackPointExtension>
						<ns3:speed>2.7027028</ns3:speed>
						<ns3:cad>79.0</ns3:cad>
						<ns3:hr>159</ns3:hr>
					</ns3:TrackPointExtension>
				</extensions>
			</trkpt>
			<trkpt lat="-31.41907983" lon="-68.65430555">
				<ele>953.0</ele>
				<time>2025-06-07T19:50:40Z</time>
				<extensions>
					<ns3:TrackPointExtension>
						<ns3:speed>2.7173913</ns3:speed>
						<ns3:cad>79.0</ns3:cad>
						<ns3:hr>159</ns3:hr>
					</ns3:TrackPointExtension>
				</extensions>
			</trkpt>
			<trkpt lat="-31.41910416" lon="-68.65436088">
				<ele>952.0</ele>
				<time>2025-06-07T19:50:42Z</time>
				<extensions>
					<ns3:TrackPointExtension>
						<ns3:speed>2.739726</ns3:speed>
						<ns3:cad>79.0</ns3:cad>
						<ns3:hr>160</ns3:hr>
					</ns3:TrackPointExtension>
				</extensions>
			</trkpt>
			<trkpt lat="-31.41912749" lon="-68.65442088">
				<ele>952.0</ele>
				<time>2025-06-07T19:50:44Z</time>
				<extensions>
					<ns3:TrackPointExtension>
						<ns3:speed>2.762431</ns3:speed>
						<ns3:cad>79.0</ns3:cad>
						<ns3:hr>162</ns3:hr>
					</ns3:TrackPointExtension>
				</extensions>
			</trkpt>
			<trkpt lat="-31.41914782" lon="-68.65448254">
				<ele>951.0</ele>
				<time>2025-06-07T19:50:46Z</time>
				<extensions>
					<ns3:TrackPointExtension>
						<ns3:speed>2.7777777</ns3:speed>
						<ns3:cad>79.0</ns3:cad>
						<ns3:hr>163</ns3:hr>
					</ns3:TrackPointExtension>
				</extensions>
			</trkpt>
			<trkpt lat="-31.41917048" lon="-68.65454654">
				<ele>951.0</ele>
				<time>2025-06-07T19:50:48Z</time>
				<extensions>
					<ns3:TrackPointExtension>
						<ns3:speed>2.8011205</ns3:speed>
						<ns3:cad>79.0</ns3:cad>
						<ns3:hr>163</ns3:hr>
					</ns3:TrackPointExtension>
				</extensions>
			</trkpt>
			<trkpt lat="-31.41919481" lon="-68.65460687">
				<ele>950.0</ele>
				<time>2025-06-07T19:50:50Z</time>
				<extensions>
					<ns3:TrackPointExtension>
						<ns3:speed>2.8169014</ns3:speed>
						<ns3:cad>80.0</ns3:cad>
						<ns3:hr>164</ns3:hr>
					</ns3:TrackPointExtension>
				</extensions>
			</trkpt>
			<trkpt lat="-31.41921981" lon="-68.65466187">
				<ele>950.0</ele>
				<time>2025-06-07T19:50:52Z</time>
				<extensions>
					<ns3:TrackPointExtension>
						<ns3:speed>2.857143</ns3:speed>
						<ns3:cad>80.0</ns3:cad>
						<ns3:hr>168</ns3:hr>
					</ns3:TrackPointExtension>
				</extensions>
			</trkpt>
			<trkpt lat="-31.41925247" lon="-68.65471253">
				<ele>949.0</ele>
				<time>2025-06-07T19:50:54Z</time>
				<extensions>
					<ns3:TrackPointExtension>
						<ns3:speed>2.857143</ns3:speed>
						<ns3:cad>80.0</ns3:cad>
						<ns3:hr>168</ns3:hr>
					</ns3:TrackPointExtension>
				</extensions>
			</trkpt>
			<trkpt lat="-31.4192968" lon="-68.65478519">
				<ele>948.0</ele>
				<time>2025-06-07T19:50:57Z</time>
				<extensions>
					<ns3:TrackPointExtension>
						<ns3:speed>2.8735633</ns3:speed>
						<ns3:cad>80.0</ns3:cad>
						<ns3:hr>169</ns3:hr>
					</ns3:TrackPointExtension>
				</extensions>
			</trkpt>
			<trkpt lat="-31.41932513" lon="-68.65483752">
				<ele>948.0</ele>
				<time>2025-06-07T19:50:59Z</time>
				<extensions>
					<ns3:TrackPointExtension>
						<ns3:speed>2.8735633</ns3:speed>
						<ns3:cad>80.0</ns3:cad>
						<ns3:hr>169</ns3:hr>
					</ns3:TrackPointExtension>
				</extensions>
			</trkpt>
			<trkpt lat="-31.41935313" lon="-68.65488918">
				<ele>947.0</ele>
				<time>2025-06-07T19:51:01Z</time>
				<extensions>
					<ns3:TrackPointExtension>
						<ns3:speed>2.8735633</ns3:speed>
						<ns3:cad>80.0</ns3:cad>
						<ns3:hr>169</ns3:hr>
					</ns3:TrackPointExtension>
				</extensions>
			</trkpt>
			<trkpt lat="-31.41938079" lon="-68.65494084">
				<ele>947.0</ele>
				<time>2025-06-07T19:51:03Z</time>
				<extensions>
					<ns3:TrackPointExtension>
						<ns3:speed>2.8818443</ns3:speed>
						<ns3:cad>80.0</ns3:cad>
						<ns3:hr>169</ns3:hr>
					</ns3:TrackPointExtension>
				</extensions>
			</trkpt>
			<trkpt lat="-31.41941412" lon="-68.6550175">
				<ele>946.0</ele>
				<time>2025-06-07T19:51:06Z</time>
				<extensions>
					<ns3:TrackPointExtension>
						<ns3:speed>2.8818443</ns3:speed>
						<ns3:cad>79.0</ns3:cad>
						<ns3:hr>169</ns3:hr>
					</ns3:TrackPointExtension>
				</extensions>
			</trkpt>
			<trkpt lat="-31.41944412" lon="-68.65509616">
				<ele>945.0</ele>
				<time>2025-06-07T19:51:09Z</time>
				<extensions>
					<ns3:TrackPointExtension>
						<ns3:speed>2.857143</ns3:speed>
						<ns3:cad>79.0</ns3:cad>
						<ns3:hr>169</ns3:hr>
					</ns3:TrackPointExtension>
				</extensions>
			</trkpt>
			<trkpt lat="-31.41946378" lon="-68.65515082">
				<ele>944.0</ele>
				<time>2025-06-07T19:51:11Z</time>
				<extensions>
					<ns3:TrackPointExtension>
						<ns3:speed>2.857143</ns3:speed>
						<ns3:cad>79.0</ns3:cad>
						<ns3:hr>170</ns3:hr>
					</ns3:TrackPointExtension>
				</extensions>
			</trkpt>
			<trkpt lat="-31.41948378" lon="-68.65520715">
				<ele>944.0</ele>
				<time>2025-06-07T19:51:13Z</time>
				<extensions>
					<ns3:TrackPointExtension>
						<ns3:speed>2.857143</ns3:speed>
						<ns3:cad>79.0</ns3:cad>
						<ns3:hr>170</ns3:hr>
					</ns3:TrackPointExtension>
				</extensions>
			</trkpt>
			<trkpt lat="-31.41951911" lon="-68.65528415">
				<ele>943.0</ele>
				<time>2025-06-07T19:51:16Z</time>
				<extensions>
					<ns3:TrackPointExtension>
						<ns3:speed>2.857143</ns3:speed>
						<ns3:cad>79.0</ns3:cad>
						<ns3:hr>169</ns3:hr>
					</ns3:TrackPointExtension>
				</extensions>
			</trkpt>
			<trkpt lat="-31.41955477" lon="-68.65535648">
				<ele>942.0</ele>
				<time>2025-06-07T19:51:19Z</time>
				<extensions>
					<ns3:TrackPointExtension>
						<ns3:speed>2.857143</ns3:speed>
						<ns3:cad>79.0</ns3:cad>
						<ns3:hr>170</ns3:hr>
					</ns3:TrackPointExtension>
				</extensions>
			</trkpt>
			<trkpt lat="-31.41958943" lon="-68.65542848">
				<ele>942.0</ele>
				<time>2025-06-07T19:51:22Z</time>
				<extensions>
					<ns3:TrackPointExtension>
						<ns3:speed>2.8328612</ns3:speed>
						<ns3:cad>79.0</ns3:cad>
						<ns3:hr>169</ns3:hr>
					</ns3:TrackPointExtension>
				</extensions>
			</trkpt>
			<trkpt lat="-31.41962376" lon="-68.65550381">
				<ele>941.0</ele>
				<time>2025-06-07T19:51:25Z</time>
				<extensions>
					<ns3:TrackPointExtension>
						<ns3:speed>2.8169014</ns3:speed>
						<ns3:cad>79.0</ns3:cad>
						<ns3:hr>167</ns3:hr>
					</ns3:TrackPointExtension>
				</extensions>
			</trkpt>
			<trkpt lat="-31.41965876" lon="-68.65557314">
				<ele>940.0</ele>
				<time>2025-06-07T19:51:28Z</time>
				<extensions>
					<ns3:TrackPointExtension>
						<ns3:speed>2.7027028</ns3:speed>
						<ns3:cad>79.0</ns3:cad>
						<ns3:hr>168</ns3:hr>
					</ns3:TrackPointExtension>
				</extensions>
			</trkpt>
			<trkpt lat="-31.41969542" lon="-68.6556448">
				<ele>940.0</ele>
				<time>2025-06-07T19:51:31Z</time>
				<extensions>
					<ns3:TrackPointExtension>
						<ns3:speed>2.631579</ns3:speed>
						<ns3:cad>79.0</ns3:cad>
						<ns3:hr>169</ns3:hr>
					</ns3:TrackPointExtension>
				</extensions>
			</trkpt>
			<trkpt lat="-31.41972942" lon="-68.6557148">
				<ele>939.0</ele>
				<time>2025-06-07T19:51:34Z</time>
				<extensions>
					<ns3:TrackPointExtension>
						<ns3:speed>2.610966</ns3:speed>
						<ns3:cad>79.0</ns3:cad>
						<ns3:hr>169</ns3:hr>
					</ns3:TrackPointExtension>
				</extensions>
			</trkpt>
			<trkpt lat="-31.41976208" lon="-68.65578646">
				<ele>938.0</ele>
				<time>2025-06-07T19:51:37Z</time>
				<extensions>
					<ns3:TrackPointExtension>
						<ns3:speed>2.5974026</ns3:speed>
						<ns3:cad>78.0</ns3:cad>
						<ns3:hr>167</ns3:hr>
					</ns3:TrackPointExtension>
				</extensions>
			</trkpt>
			<trkpt lat="-31.41979908" lon="-68.65585679">
				<ele>937.0</ele>
				<time>2025-06-07T19:51:40Z</time>
				<extensions>
					<ns3:TrackPointExtension>
						<ns3:speed>2.5974026</ns3:speed>
						<ns3:cad>78.0</ns3:cad>
						<ns3:hr>167</ns3:hr>
					</ns3:TrackPointExtension>
				</extensions>
			</trkpt>
			<trkpt lat="-31.41983374" lon="-68.65592645">
				<ele>937.0</ele>
				<time>2025-06-07T19:51:43Z</time>
				<extensions>
					<ns3:TrackPointExtension>
						<ns3:speed>2.5641026</ns3:speed>
						<ns3:cad>78.0</ns3:cad>
						<ns3:hr>167</ns3:hr>
					</ns3:TrackPointExtension>
				</extensions>
			</trkpt>
			<trkpt lat="-31.4198694" lon="-68.65600045">
				<ele>936.0</ele>
				<time>2025-06-07T19:51:46Z</time>
				<extensions>
					<ns3:TrackPointExtension>
						<ns3:speed>2.5839794</ns3:speed>
						<ns3:cad>78.0</ns3:cad>
						<ns3:hr>168</ns3:hr>
					</ns3:TrackPointExtension>
				</extensions>
			</trkpt>
			<trkpt lat="-31.41990406" lon="-68.65607711">
				<ele>935.0</ele>
				<time>2025-06-07T19:51:49Z</time>
				<extensions>
					<ns3:TrackPointExtension>
						<ns3:speed>2.6666667</ns3:speed>
						<ns3:cad>78.0</ns3:cad>
						<ns3:hr>167</ns3:hr>
					</ns3:TrackPointExtension>
				</extensions>
			</trkpt>
			<trkpt lat="-31.41993672" lon="-68.65614477">
				<ele>934.0</ele>
				<time>2025-06-07T19:51:52Z</time>
				<extensions>
					<ns3:TrackPointExtension>
						<ns3:speed>2.6666667</ns3:speed>
						<ns3:cad>77.0</ns3:cad>
						<ns3:hr>167</ns3:hr>
					</ns3:TrackPointExtension>
				</extensions>
			</trkpt>
			<trkpt lat="-31.41996538" lon="-68.65621843">
				<ele>933.0</ele>
				<time>2025-06-07T19:51:55Z</time>
				<extensions>
					<ns3:TrackPointExtension>
						<ns3:speed>2.5445292</ns3:speed>
						<ns3:cad>77.0</ns3:cad>
						<ns3:hr>166</ns3:hr>
					</ns3:TrackPointExtension>
				</extensions>
			</trkpt>
			<trkpt lat="-31.41999638" lon="-68.65629376">
				<ele>932.0</ele>
				<time>2025-06-07T19:51:58Z</time>
				<extensions>
					<ns3:TrackPointExtension>
						<ns3:speed>2.5974026</ns3:speed>
						<ns3:cad>77.0</ns3:cad>
						<ns3:hr>167</ns3:hr>
					</ns3:TrackPointExtension>
				</extensions>
			</trkpt>
			<trkpt lat="-31.42002804" lon="-68.65636509">
				<ele>932.0</ele>
				<time>2025-06-07T19:52:01Z</time>
				<extensions>
					<ns3:TrackPointExtension>
						<ns3:speed>2.610966</ns3:speed>
						<ns3:cad>77.0</ns3:cad>
						<ns3:hr>169</ns3:hr>
					</ns3:TrackPointExtension>
				</extensions>
			</trkpt>
			<trkpt lat="-31.42006504" lon="-68.65643309">
				<ele>931.0</ele>
				<time>2025-06-07T19:52:04Z</time>
				<extensions>
					<ns3:TrackPointExtension>
						<ns3:speed>2.5974026</ns3:speed>
						<ns3:cad>77.0</ns3:cad>
						<ns3:hr>168</ns3:hr>
					</ns3:TrackPointExtension>
				</extensions>
			</trkpt>
			<trkpt lat="-31.42008837" lon="-68.65648075">
				<ele>930.0</ele>
				<time>2025-06-07T19:52:06Z</time>
				<extensions>
					<ns3:TrackPointExtension>
						<ns3:speed>2.5839794</ns3:speed>
						<ns3:cad>77.0</ns3:cad>
						<ns3:hr>167</ns3:hr>
					</ns3:TrackPointExtension>
				</extensions>
			</trkpt>
			<trkpt lat="-31.42012137" lon="-68.65654641">
				<ele>930.0</ele>
				<time>2025-06-07T19:52:09Z</time>
				<extensions>
					<ns3:TrackPointExtension>
						<ns3:speed>2.5773196</ns3:speed>
						<ns3:cad>77.0</ns3:cad>
						<ns3:hr>170</ns3:hr>
					</ns3:TrackPointExtension>
				</extensions>
			</trkpt>
			<trkpt lat="-31.42015303" lon="-68.65661141">
				<ele>929.0</ele>
				<time>2025-06-07T19:52:12Z</time>
				<extensions>
					<ns3:TrackPointExtension>
						<ns3:speed>2.5510204</ns3:speed>
						<ns3:cad>77.0</ns3:cad>
						<ns3:hr>171</ns3:hr>
					</ns3:TrackPointExtension>
				</extensions>
			</trkpt>
			<trkpt lat="-31.42018336" lon="-68.65668107">
				<ele>928.0</ele>
				<time>2025-06-07T19:52:15Z</time>
				<extensions>
					<ns3:TrackPointExtension>
						<ns3:speed>2.5316455</ns3:speed>
						<ns3:cad>77.0</ns3:cad>
						<ns3:hr>174</ns3:hr>
					</ns3:TrackPointExtension>
				</extensions>
			</trkpt>
			<trkpt lat="-31.42020602" lon="-68.65672907">
				<ele>928.0</ele>
				<time>2025-06-07T19:52:17Z</time>
				<extensions>
					<ns3:TrackPointExtension>
						<ns3:speed>2.5316455</ns3:speed>
						<ns3:cad>77.0</ns3:cad>
						<ns3:hr>173</ns3:hr>
					</ns3:TrackPointExtension>
				</extensions>
			</trkpt>
			<trkpt lat="-31.42024068" lon="-68.65679873">
				<ele>928.0</ele>
				<time>2025-06-07T19:52:20Z</time>
				<extensions>
					<ns3:TrackPointExtension>
						<ns3:speed>2.5316455</ns3:speed>
						<ns3:cad>78.0</ns3:cad>
						<ns3:hr>173</ns3:hr>
					</ns3:TrackPointExtension>
				</extensions>
			</trkpt>
			<trkpt lat="-31.42027634" lon="-68.65686273">
				<ele>927.0</ele>
				<time>2025-06-07T19:52:23Z</time>
				<extensions>
					<ns3:TrackPointExtension>
						<ns3:speed>2.5316455</ns3:speed>
						<ns3:cad>78.0</ns3:cad>
						<ns3:hr>172</ns3:hr>
					</ns3:TrackPointExtension>
				</extensions>
			</trkpt>
			<trkpt lat="-31.42030767" lon="-68.65693406">
				<ele>927.0</ele>
				<time>2025-06-07T19:52:26Z</time>
				<extensions>
					<ns3:TrackPointExtension>
						<ns3:speed>2.5188916</ns3:speed>
						<ns3:cad>78.0</ns3:cad>
						<ns3:hr>171</ns3:hr>
					</ns3:TrackPointExtension>
				</extensions>
			</trkpt>
			<trkpt lat="-31.42033733" lon="-68.65700806">
				<ele>926.0</ele>
				<time>2025-06-07T19:52:29Z</time>
				<extensions>
					<ns3:TrackPointExtension>
						<ns3:speed>2.5188916</ns3:speed>
						<ns3:cad>78.0</ns3:cad>
						<ns3:hr>171</ns3:hr>
					</ns3:TrackPointExtension>
				</extensions>
			</trkpt>
			<trkpt lat="-31.42037033" lon="-68.65708772">
				<ele>926.0</ele>
				<time>2025-06-07T19:52:32Z</time>
				<extensions>
					<ns3:TrackPointExtension>
						<ns3:speed>2.5316455</ns3:speed>
						<ns3:cad>78.0</ns3:cad>
						<ns3:hr>170</ns3:hr>
					</ns3:TrackPointExtension>
				</extensions>
			</trkpt>
			<trkpt lat="-31.42039099" lon="-68.65714005">
				<ele>925.0</ele>
				<time>2025-06-07T19:52:34Z</time>
				<extensions>
					<ns3:TrackPointExtension>
						<ns3:speed>2.5445292</ns3:speed>
						<ns3:cad>78.0</ns3:cad>
						<ns3:hr>169</ns3:hr>
					</ns3:TrackPointExtension>
				</extensions>
			</trkpt>
			<trkpt lat="-31.42042365" lon="-68.65721838">
				<ele>925.0</ele>
				<time>2025-06-07T19:52:37Z</time>
				<extensions>
					<ns3:TrackPointExtension>
						<ns3:speed>2.5641026</ns3:speed>
						<ns3:cad>78.0</ns3:cad>
						<ns3:hr>169</ns3:hr>
					</ns3:TrackPointExtension>
				</extensions>
			</trkpt>
			<trkpt lat="-31.42046398" lon="-68.65728971">
				<ele>924.0</ele>
				<time>2025-06-07T19:52:40Z</time>
				<extensions>
					<ns3:TrackPointExtension>
						<ns3:speed>2.5839794</ns3:speed>
						<ns3:cad>78.0</ns3:cad>
						<ns3:hr>170</ns3:hr>
					</ns3:TrackPointExtension>
				</extensions>
			</trkpt>
			<trkpt lat="-31.42049264" lon="-68.65733671">
				<ele>924.0</ele>
				<time>2025-06-07T19:52:42Z</time>
				<extensions>
					<ns3:TrackPointExtension>
						<ns3:speed>2.5974026</ns3:speed>
						<ns3:cad>78.0</ns3:cad>
						<ns3:hr>169</ns3:hr>
					</ns3:TrackPointExtension>
				</extensions>
			</trkpt>
			<trkpt lat="-31.4205333" lon="-68.65740571">
				<ele>923.0</ele>
				<time>2025-06-07T19:52:45Z</time>
				<extensions>
					<ns3:TrackPointExtension>
						<ns3:speed>2.610966</ns3:speed>
						<ns3:cad>78.0</ns3:cad>
						<ns3:hr>167</ns3:hr>
					</ns3:TrackPointExtension>
				</extensions>
			</trkpt>
			<trkpt lat="-31.42055963" lon="-68.65744971">
				<ele>923.0</ele>
				<time>2025-06-07T19:52:47Z</time>
				<extensions>
					<ns3:TrackPointExtension>
						<ns3:speed>2.617801</ns3:speed>
						<ns3:cad>78.0</ns3:cad>
						<ns3:hr>168</ns3:hr>
					</ns3:TrackPointExtension>
				</extensions>
			</trkpt>
			<trkpt lat="-31.42059463" lon="-68.65751771">
				<ele>922.0</ele>
				<time>2025-06-07T19:52:50Z</time>
				<extensions>
					<ns3:TrackPointExtension>
						<ns3:speed>2.617801</ns3:speed>
						<ns3:cad>78.0</ns3:cad>
						<ns3:hr>166</ns3:hr>
					</ns3:TrackPointExtension>
				</extensions>
			</trkpt>
			<trkpt lat="-31.42062063" lon="-68.65756571">
				<ele>922.0</ele>
				<time>2025-06-07T19:52:52Z</time>
				<extensions>
					<ns3:TrackPointExtension>
						<ns3:speed>2.610966</ns3:speed>
						<ns3:cad>78.0</ns3:cad>
						<ns3:hr>163</ns3:hr>
					</ns3:TrackPointExtension>
				</extensions>
			</trkpt>
			<trkpt lat="-31.42065963" lon="-68.65763704">
				<ele>922.0</ele>
				<time>2025-06-07T19:52:55Z</time>
				<extensions>
					<ns3:TrackPointExtension>
						<ns3:speed>2.617801</ns3:speed>
						<ns3:cad>78.0</ns3:cad>
						<ns3:hr>163</ns3:hr>
					</ns3:TrackPointExtension>
				</extensions>
			</trkpt>
			<trkpt lat="-31.42069796" lon="-68.6577137">
				<ele>921.0</ele>
				<time>2025-06-07T19:52:58Z</time>
				<extensions>
					<ns3:TrackPointExtension>
						<ns3:speed>2.631579</ns3:speed>
						<ns3:cad>78.0</ns3:cad>
						<ns3:hr>163</ns3:hr>
					</ns3:TrackPointExtension>
				</extensions>
			</trkpt>
			<trkpt lat="-31.42073096" lon="-68.65779136">
				<ele>920.0</ele>
				<time>2025-06-07T19:53:01Z</time>
				<extensions>
					<ns3:TrackPointExtension>
						<ns3:speed>2.631579</ns3:speed>
						<ns3:cad>78.0</ns3:cad>
						<ns3:hr>163</ns3:hr>
					</ns3:TrackPointExtension>
				</extensions>
			</trkpt>
			<trkpt lat="-31.42074662" lon="-68.65784369">
				<ele>920.0</ele>
				<time>2025-06-07T19:53:03Z</time>
				<extensions>
					<ns3:TrackPointExtension>
						<ns3:speed>2.6455026</ns3:speed>
						<ns3:cad>78.0</ns3:cad>
						<ns3:hr>163</ns3:hr>
					</ns3:TrackPointExtension>
				</extensions>
			</trkpt>
			<trkpt lat="-31.42076062" lon="-68.65792102">
				<ele>919.0</ele>
				<time>2025-06-07T19:53:06Z</time>
				<extensions>
					<ns3:TrackPointExtension>
						<ns3:speed>2.6455026</ns3:speed>
						<ns3:cad>79.0</ns3:cad>
						<ns3:hr>166</ns3:hr>
					</ns3:TrackPointExtension>
				</extensions>
			</trkpt>
			<trkpt lat="-31.42078128" lon="-68.65799302">
				<ele>919.0</ele>
				<time>2025-06-07T19:53:09Z</time>
				<extensions>
					<ns3:TrackPointExtension>
						<ns3:speed>2.631579</ns3:speed>
						<ns3:cad>79.0</ns3:cad>
						<ns3:hr>166</ns3:hr>
					</ns3:TrackPointExtension>
				</extensions>
			</trkpt>
			<trkpt lat="-31.42081561" lon="-68.65805835">
				<ele>918.0</ele>
				<time>2025-06-07T19:53:12Z</time>
				<extensions>
					<ns3:TrackPointExtension>
						<ns3:speed>2.610966</ns3:speed>
						<ns3:cad>79.0</ns3:cad>
						<ns3:hr>168</ns3:hr>
					</ns3:TrackPointExtension>
				</extensions>
			</trkpt>
			<trkpt lat="-31.42084827" lon="-68.65812868">
				<ele>918.0</ele>
				<time>2025-06-07T19:53:15Z</time>
				<extensions>
					<ns3:TrackPointExtension>
						<ns3:speed>2.5974026</ns3:speed>
						<ns3:cad>79.0</ns3:cad>
						<ns3:hr>169</ns3:hr>
					</ns3:TrackPointExtension>
				</extensions>
			</trkpt>
			<trkpt lat="-31.42087293" lon="-68.65818068">
				<ele>918.0</ele>
				<time>2025-06-07T19:53:17Z</time>
				<extensions>
					<ns3:TrackPointExtension>
						<ns3:speed>2.5974026</ns3:speed>
						<ns3:cad>79.0</ns3:cad>
						<ns3:hr>169</ns3:hr>
					</ns3:TrackPointExtension>
				</extensions>
			</trkpt>
			<trkpt lat="-31.42090859" lon="-68.65824734">
				<ele>917.0</ele>
				<time>2025-06-07T19:53:20Z</time>
				<extensions>
					<ns3:TrackPointExtension>
						<ns3:speed>2.5974026</ns3:speed>
						<ns3:cad>79.0</ns3:cad>
						<ns3:hr>170</ns3:hr>
					</ns3:TrackPointExtension>
				</extensions>
			</trkpt>
			<trkpt lat="-31.42094592" lon="-68.65831867">
				<ele>916.0</ele>
				<time>2025-06-07T19:53:23Z</time>
				<extensions>
					<ns3:TrackPointExtension>
						<ns3:speed>2.5974026</ns3:speed>
						<ns3:cad>79.0</ns3:cad>
						<ns3:hr>171</ns3:hr>
					</ns3:TrackPointExtension>
				</extensions>
			</trkpt>
			<trkpt lat="-31.42098225" lon="-68.65838733">
				<ele>916.0</ele>
				<time>2025-06-07T19:53:26Z</time>
				<extensions>
					<ns3:TrackPointExtension>
						<ns3:speed>2.5974026</ns3:speed>
						<ns3:cad>79.0</ns3:cad>
						<ns3:hr>172</ns3:hr>
					</ns3:TrackPointExtension>
				</extensions>
			</trkpt>
			<trkpt lat="-31.42101825" lon="-68.65845333">
				<ele>915.0</ele>
				<time>2025-06-07T19:53:29Z</time>
				<extensions>
					<ns3:TrackPointExtension>
						<ns3:speed>2.5974026</ns3:speed>
						<ns3:cad>79.0</ns3:cad>
						<ns3:hr>172</ns3:hr>
					</ns3:TrackPointExtension>
				</extensions>
			</trkpt>
			<trkpt lat="-31.42104725" lon="-68.65852499">
				<ele>914.0</ele>
				<time>2025-06-07T19:53:32Z</time>
				<extensions>
					<ns3:TrackPointExtension>
						<ns3:speed>2.5839794</ns3:speed>
						<ns3:cad>79.0</ns3:cad>
						<ns3:hr>171</ns3:hr>
					</ns3:TrackPointExtension>
				</extensions>
			</trkpt>
			<trkpt lat="-31.42107458" lon="-68.65859765">
				<ele>914.0</ele>
				<time>2025-06-07T19:53:35Z</time>
				<extensions>
					<ns3:TrackPointExtension>
						<ns3:speed>2.5773196</ns3:speed>
						<ns3:cad>79.0</ns3:cad>
						<ns3:hr>170</ns3:hr>
					</ns3:TrackPointExtension>
				</extensions>
			</trkpt>
			<trkpt lat="-31.42110391" lon="-68.65867698">
				<ele>913.0</ele>
				<time>2025-06-07T19:53:38Z</time>
				<extensions>
					<ns3:TrackPointExtension>
						<ns3:speed>2.5641026</ns3:speed>
						<ns3:cad>79.0</ns3:cad>
						<ns3:hr>169</ns3:hr>
					</ns3:TrackPointExtension>
				</extensions>
			</trkpt>
			<trkpt lat="-31.42113657" lon="-68.65874798">
				<ele>913.0</ele>
				<time>2025-06-07T19:53:41Z</time>
				<extensions>
					<ns3:TrackPointExtension>
						<ns3:speed>2.5839794</ns3:speed>
						<ns3:cad>79.0</ns3:cad>
						<ns3:hr>171</ns3:hr>
					</ns3:TrackPointExtension>
				</extensions>
			</trkpt>
			<trkpt lat="-31.4211719" lon="-68.65881698">
				<ele>912.0</ele>
				<time>2025-06-07T19:53:44Z</time>
				<extensions>
					<ns3:TrackPointExtension>
						<ns3:speed>2.5974026</ns3:speed>
						<ns3:cad>79.0</ns3:cad>
						<ns3:hr>172</ns3:hr>
					</ns3:TrackPointExtension>
				</extensions>
			</trkpt>
			<trkpt lat="-31.42120123" lon="-68.65889431">
				<ele>912.0</ele>
				<time>2025-06-07T19:53:47Z</time>
				<extensions>
					<ns3:TrackPointExtension>
						<ns3:speed>2.5839794</ns3:speed>
						<ns3:cad>79.0</ns3:cad>
						<ns3:hr>171</ns3:hr>
					</ns3:TrackPointExtension>
				</extensions>
			</trkpt>
			<trkpt lat="-31.42121623" lon="-68.65894331">
				<ele>911.0</ele>
				<time>2025-06-07T19:53:49Z</time>
				<extensions>
					<ns3:TrackPointExtension>
						<ns3:speed>2.5974026</ns3:speed>
						<ns3:cad>79.0</ns3:cad>
						<ns3:hr>169</ns3:hr>
					</ns3:TrackPointExtension>
				</extensions>
			</trkpt>
			<trkpt lat="-31.42125323" lon="-68.65900831">
				<ele>911.0</ele>
				<time>2025-06-07T19:53:52Z</time>
				<extensions>
					<ns3:TrackPointExtension>
						<ns3:speed>2.5974026</ns3:speed>
						<ns3:cad>79.0</ns3:cad>
						<ns3:hr>168</ns3:hr>
					</ns3:TrackPointExtension>
				</extensions>
			</trkpt>
			<trkpt lat="-31.42129523" lon="-68.65906864">
				<ele>910.0</ele>
				<time>2025-06-07T19:53:55Z</time>
				<extensions>
					<ns3:TrackPointExtension>
						<ns3:speed>2.5773196</ns3:speed>
						<ns3:cad>79.0</ns3:cad>
						<ns3:hr>167</ns3:hr>
					</ns3:TrackPointExtension>
				</extensions>
			</trkpt>
			<trkpt lat="-31.42133756" lon="-68.65913664">
				<ele>909.0</ele>
				<time>2025-06-07T19:53:58Z</time>
				<extensions>
					<ns3:TrackPointExtension>
						<ns3:speed>2.5641026</ns3:speed>
						<ns3:cad>79.0</ns3:cad>
						<ns3:hr>167</ns3:hr>
					</ns3:TrackPointExtension>
				</extensions>
			</trkpt>
			<trkpt lat="-31.42137056" lon="-68.65920464">
				<ele>909.0</ele>
				<time>2025-06-07T19:54:01Z</time>
				<extensions>
					<ns3:TrackPointExtension>
						<ns3:speed>2.5641026</ns3:speed>
						<ns3:cad>79.0</ns3:cad>
						<ns3:hr>167</ns3:hr>
					</ns3:TrackPointExtension>
				</extensions>
			</trkpt>
			<trkpt lat="-31.42139589" lon="-68.6592813">
				<ele>908.0</ele>
				<time>2025-06-07T19:54:04Z</time>
				<extensions>
					<ns3:TrackPointExtension>
						<ns3:speed>2.5641026</ns3:speed>
						<ns3:cad>79.0</ns3:cad>
						<ns3:hr>168</ns3:hr>
					</ns3:TrackPointExtension>
				</extensions>
			</trkpt>
			<trkpt lat="-31.42142522" lon="-68.65935563">
				<ele>908.0</ele>
				<time>2025-06-07T19:54:07Z</time>
				<extensions>
					<ns3:TrackPointExtension>
						<ns3:speed>2.5641026</ns3:speed>
						<ns3:cad>79.0</ns3:cad>
						<ns3:hr>168</ns3:hr>
					</ns3:TrackPointExtension>
				</extensions>
			</trkpt>
			<trkpt lat="-31.42145388" lon="-68.65942163">
				<ele>907.0</ele>
				<time>2025-06-07T19:54:10Z</time>
				<extensions>
					<ns3:TrackPointExtension>
						<ns3:speed>2.5641026</ns3:speed>
						<ns3:cad>79.0</ns3:cad>
						<ns3:hr>169</ns3:hr>
					</ns3:TrackPointExtension>
				</extensions>
			</trkpt>
			<trkpt lat="-31.42148288" lon="-68.65949063">
				<ele>907.0</ele>
				<time>2025-06-07T19:54:13Z</time>
				<extensions>
					<ns3:TrackPointExtension>
						<ns3:speed>2.5510204</ns3:speed>
						<ns3:cad>79.0</ns3:cad>
						<ns3:hr>168</ns3:hr>
					</ns3:TrackPointExtension>
				</extensions>
			</trkpt>
			<trkpt lat="-31.42151488" lon="-68.65955929">
				<ele>906.0</ele>
				<time>2025-06-07T19:54:16Z</time>
				<extensions>
					<ns3:TrackPointExtension>
						<ns3:speed>2.5316455</ns3:speed>
						<ns3:cad>79.0</ns3:cad>
						<ns3:hr>169</ns3:hr>
					</ns3:TrackPointExtension>
				</extensions>
			</trkpt>
			<trkpt lat="-31.42154821" lon="-68.65962495">
				<ele>906.0</ele>
				<time>2025-06-07T19:54:19Z</time>
				<extensions>
					<ns3:TrackPointExtension>
						<ns3:speed>2.5316455</ns3:speed>
						<ns3:cad>79.0</ns3:cad>
						<ns3:hr>169</ns3:hr>
					</ns3:TrackPointExtension>
				</extensions>
			</trkpt>
			<trkpt lat="-31.42158121" lon="-68.65968928">
				<ele>905.0</ele>
				<time>2025-06-07T19:54:22Z</time>
				<extensions>
					<ns3:TrackPointExtension>
						<ns3:speed>2.5188916</ns3:speed>
						<ns3:cad>78.0</ns3:cad>
						<ns3:hr>172</ns3:hr>
					</ns3:TrackPointExtension>
				</extensions>
			</trkpt>
			<trkpt lat="-31.42161587" lon="-68.65975528">
				<ele>904.0</ele>
				<time>2025-06-07T19:54:25Z</time>
				<extensions>
					<ns3:TrackPointExtension>
						<ns3:speed>2.5</ns3:speed>
						<ns3:cad>79.0</ns3:cad>
						<ns3:hr>173</ns3:hr>
					</ns3:TrackPointExtension>
				</extensions>
			</trkpt>
			<trkpt lat="-31.4216532" lon="-68.65982628">
				<ele>904.0</ele>
				<time>2025-06-07T19:54:28Z</time>
				<extensions>
					<ns3:TrackPointExtension>
						<ns3:speed>2.5</ns3:speed>
						<ns3:cad>78.0</ns3:cad>
						<ns3:hr>174</ns3:hr>
					</ns3:TrackPointExtension>
				</extensions>
			</trkpt>
			<trkpt lat="-31.42168686" lon="-68.65989061">
				<ele>903.0</ele>
				<time>2025-06-07T19:54:31Z</time>
				<extensions>
					<ns3:TrackPointExtension>
						<ns3:speed>2.5125628</ns3:speed>
						<ns3:cad>78.0</ns3:cad>
						<ns3:hr>172</ns3:hr>
					</ns3:TrackPointExtension>
				</extensions>
			</trkpt>
			<trkpt lat="-31.42171986" lon="-68.65995927">
				<ele>903.0</ele>
				<time>2025-06-07T19:54:34Z</time>
				<extensions>
					<ns3:TrackPointExtension>
						<ns3:speed>2.5</ns3:speed>
						<ns3:cad>78.0</ns3:cad>
						<ns3:hr>172</ns3:hr>
					</ns3:TrackPointExtension>
				</extensions>
			</trkpt>
			<trkpt lat="-31.42173919" lon="-68.66001027">
				<ele>902.0</ele>
				<time>2025-06-07T19:54:36Z</time>
				<extensions>
					<ns3:TrackPointExtension>
						<ns3:speed>2.5</ns3:speed>
						<ns3:cad>79.0</ns3:cad>
						<ns3:hr>172</ns3:hr>
					</ns3:TrackPointExtension>
				</extensions>
			</trkpt>
			<trkpt lat="-31.42176952" lon="-68.66008827">
				<ele>902.0</ele>
				<time>2025-06-07T19:54:39Z</time>
				<extensions>
					<ns3:TrackPointExtension>
						<ns3:speed>2.5125628</ns3:speed>
						<ns3:cad>79.0</ns3:cad>
						<ns3:hr>172</ns3:hr>
					</ns3:TrackPointExtension>
				</extensions>
			</trkpt>
			<trkpt lat="-31.42181085" lon="-68.6601586">
				<ele>901.0</ele>
				<time>2025-06-07T19:54:42Z</time>
				<extensions>
					<ns3:TrackPointExtension>
						<ns3:speed>2.5316455</ns3:speed>
						<ns3:cad>79.0</ns3:cad>
						<ns3:hr>172</ns3:hr>
					</ns3:TrackPointExtension>
				</extensions>
			</trkpt>
			<trkpt lat="-31.42184718" lon="-68.6602266">
				<ele>900.0</ele>
				<time>2025-06-07T19:54:45Z</time>
				<extensions>
					<ns3:TrackPointExtension>
						<ns3:speed>2.5641026</ns3:speed>
						<ns3:cad>79.0</ns3:cad>
						<ns3:hr>172</ns3:hr>
					</ns3:TrackPointExtension>
				</extensions>
			</trkpt>
			<trkpt lat="-31.42188184" lon="-68.66029426">
				<ele>900.0</ele>
				<time>2025-06-07T19:54:48Z</time>
				<extensions>
					<ns3:TrackPointExtension>
						<ns3:speed>2.5316455</ns3:speed>
						<ns3:cad>79.0</ns3:cad>
						<ns3:hr>171</ns3:hr>
					</ns3:TrackPointExtension>
				</extensions>
			</trkpt>
			<trkpt lat="-31.4219155" lon="-68.66035592">
				<ele>899.0</ele>
				<time>2025-06-07T19:54:51Z</time>
				<extensions>
					<ns3:TrackPointExtension>
						<ns3:speed>2.5</ns3:speed>
						<ns3:cad>79.0</ns3:cad>
						<ns3:hr>170</ns3:hr>
					</ns3:TrackPointExtension>
				</extensions>
			</trkpt>
			<trkpt lat="-31.42194816" lon="-68.66042192">
				<ele>899.0</ele>
				<time>2025-06-07T19:54:54Z</time>
				<extensions>
					<ns3:TrackPointExtension>
						<ns3:speed>2.4390244</ns3:speed>
						<ns3:cad>79.0</ns3:cad>
						<ns3:hr>169</ns3:hr>
					</ns3:TrackPointExtension>
				</extensions>
			</trkpt>
			<trkpt lat="-31.42197849" lon="-68.66048725">
				<ele>898.0</ele>
				<time>2025-06-07T19:54:57Z</time>
				<extensions>
					<ns3:TrackPointExtension>
						<ns3:speed>2.4390244</ns3:speed>
						<ns3:cad>79.0</ns3:cad>
						<ns3:hr>167</ns3:hr>
					</ns3:TrackPointExtension>
				</extensions>
			</trkpt>
			<trkpt lat="-31.42200849" lon="-68.66055825">
				<ele>898.0</ele>
				<time>2025-06-07T19:55:00Z</time>
				<extensions>
					<ns3:TrackPointExtension>
						<ns3:speed>2.4390244</ns3:speed>
						<ns3:cad>79.0</ns3:cad>
						<ns3:hr>168</ns3:hr>
					</ns3:TrackPointExtension>
				</extensions>
			</trkpt>
			<trkpt lat="-31.42203982" lon="-68.66063258">
				<ele>897.0</ele>
				<time>2025-06-07T19:55:03Z</time>
				<extensions>
					<ns3:TrackPointExtension>
						<ns3:speed>2.4390244</ns3:speed>
						<ns3:cad>79.0</ns3:cad>
						<ns3:hr>167</ns3:hr>
					</ns3:TrackPointExtension>
				</extensions>
			</trkpt>
			<trkpt lat="-31.42207415" lon="-68.66069891">
				<ele>897.0</ele>
				<time>2025-06-07T19:55:06Z</time>
				<extensions>
					<ns3:TrackPointExtension>
						<ns3:speed>2.4691358</ns3:speed>
						<ns3:cad>79.0</ns3:cad>
						<ns3:hr>167</ns3:hr>
					</ns3:TrackPointExtension>
				</extensions>
			</trkpt>
			<trkpt lat="-31.42211081" lon="-68.66077191">
				<ele>896.0</ele>
				<time>2025-06-07T19:55:09Z</time>
				<extensions>
					<ns3:TrackPointExtension>
						<ns3:speed>2.4813895</ns3:speed>
						<ns3:cad>79.0</ns3:cad>
						<ns3:hr>167</ns3:hr>
					</ns3:TrackPointExtension>
				</extensions>
			</trkpt>
			<trkpt lat="-31.42214347" lon="-68.66084057">
				<ele>896.0</ele>
				<time>2025-06-07T19:55:12Z</time>
				<extensions>
					<ns3:TrackPointExtension>
						<ns3:speed>2.5</ns3:speed>
						<ns3:cad>79.0</ns3:cad>
						<ns3:hr>165</ns3:hr>
					</ns3:TrackPointExtension>
				</extensions>
			</trkpt>
			<trkpt lat="-31.4221788" lon="-68.66090857">
				<ele>895.0</ele>
				<time>2025-06-07T19:55:15Z</time>
				<extensions>
					<ns3:TrackPointExtension>
						<ns3:speed>2.5</ns3:speed>
						<ns3:cad>79.0</ns3:cad>
						<ns3:hr>164</ns3:hr>
					</ns3:TrackPointExtension>
				</extensions>
			</trkpt>
			<trkpt lat="-31.4222158" lon="-68.66098057">
				<ele>895.0</ele>
				<time>2025-06-07T19:55:18Z</time>
				<extensions>
					<ns3:TrackPointExtension>
						<ns3:speed>2.5</ns3:speed>
						<ns3:cad>79.0</ns3:cad>
						<ns3:hr>163</ns3:hr>
					</ns3:TrackPointExtension>
				</extensions>
			</trkpt>
			<trkpt lat="-31.42225113" lon="-68.66104957">
				<ele>894.0</ele>
				<time>2025-06-07T19:55:21Z</time>
				<extensions>
					<ns3:TrackPointExtension>
						<ns3:speed>2.5125628</ns3:speed>
						<ns3:cad>79.0</ns3:cad>
						<ns3:hr>165</ns3:hr>
					</ns3:TrackPointExtension>
				</extensions>
			</trkpt>
			<trkpt lat="-31.42228213" lon="-68.66112123">
				<ele>894.0</ele>
				<time>2025-06-07T19:55:24Z</time>
				<extensions>
					<ns3:TrackPointExtension>
						<ns3:speed>2.5316455</ns3:speed>
						<ns3:cad>79.0</ns3:cad>
						<ns3:hr>165</ns3:hr>
					</ns3:TrackPointExtension>
				</extensions>
			</trkpt>
			<trkpt lat="-31.42231346" lon="-68.66119556">
				<ele>894.0</ele>
				<time>2025-06-07T19:55:27Z</time>
				<extensions>
					<ns3:TrackPointExtension>
						<ns3:speed>2.5316455</ns3:speed>
						<ns3:cad>79.0</ns3:cad>
						<ns3:hr>167</ns3:hr>
					</ns3:TrackPointExtension>
				</extensions>
			</trkpt>
			<trkpt lat="-31.42233279" lon="-68.66125022">
				<ele>893.0</ele>
				<time>2025-06-07T19:55:29Z</time>
				<extensions>
					<ns3:TrackPointExtension>
						<ns3:speed>2.5316455</ns3:speed>
						<ns3:cad>79.0</ns3:cad>
						<ns3:hr>168</ns3:hr>
					</ns3:TrackPointExtension>
				</extensions>
			</trkpt>
			<trkpt lat="-31.42236312" lon="-68.66133155">
				<ele>893.0</ele>
				<time>2025-06-07T19:55:32Z</time>
				<extensions>
					<ns3:TrackPointExtension>
						<ns3:speed>2.5641026</ns3:speed>
						<ns3:cad>79.0</ns3:cad>
						<ns3:hr>168</ns3:hr>
					</ns3:TrackPointExtension>
				</extensions>
			</trkpt>
			<trkpt lat="-31.42238345" lon="-68.66138688">
				<ele>892.0</ele>
				<time>2025-06-07T19:55:34Z</time>
				<extensions>
					<ns3:TrackPointExtension>
						<ns3:speed>2.5641026</ns3:speed>
						<ns3:cad>79.0</ns3:cad>
						<ns3:hr>168</ns3:hr>
					</ns3:TrackPointExtension>
				</extensions>
			</trkpt>
			<trkpt lat="-31.42241045" lon="-68.66146154">
				<ele>892.0</ele>
				<time>2025-06-07T19:55:37Z</time>
				<extensions>
					<ns3:TrackPointExtension>
						<ns3:speed>2.5974026</ns3:speed>
						<ns3:cad>79.0</ns3:cad>
						<ns3:hr>168</ns3:hr>
					</ns3:TrackPointExtension>
				</extensions>
			</trkpt>
			<trkpt lat="-31.42243978" lon="-68.66154454">
				<ele>891.0</ele>
				<time>2025-06-07T19:55:40Z</time>
				<extensions>
					<ns3:TrackPointExtension>
						<ns3:speed>2.5974026</ns3:speed>
						<ns3:cad>79.0</ns3:cad>
						<ns3:hr>168</ns3:hr>
					</ns3:TrackPointExtension>
				</extensions>
			</trkpt>
			<trkpt lat="-31.42245878" lon="-68.66159554">
				<ele>890.0</ele>
				<time>2025-06-07T19:55:42Z</time>
				<extensions>
					<ns3:TrackPointExtension>
						<ns3:speed>2.610966</ns3:speed>
						<ns3:cad>79.0</ns3:cad>
						<ns3:hr>167</ns3:hr>
					</ns3:TrackPointExtension>
				</extensions>
			</trkpt>
			<trkpt lat="-31.42249211" lon="-68.66166487">
				<ele>890.0</ele>
				<time>2025-06-07T19:55:45Z</time>
				<extensions>
					<ns3:TrackPointExtension>
						<ns3:speed>2.631579</ns3:speed>
						<ns3:cad>79.0</ns3:cad>
						<ns3:hr>167</ns3:hr>
					</ns3:TrackPointExtension>
				</extensions>
			</trkpt>
			<trkpt lat="-31.42252877" lon="-68.66173487">
				<ele>889.0</ele>
				<time>2025-06-07T19:55:48Z</time>
				<extensions>
					<ns3:TrackPointExtension>
						<ns3:speed>2.617801</ns3:speed>
						<ns3:cad>79.0</ns3:cad>
						<ns3:hr>168</ns3:hr>
					</ns3:TrackPointExtension>
				</extensions>
			</trkpt>
			<trkpt lat="-31.42256543" lon="-68.66180753">
				<ele>889.0</ele>
				<time>2025-06-07T19:55:51Z</time>
				<extensions>
					<ns3:TrackPointExtension>
						<ns3:speed>2.610966</ns3:speed>
						<ns3:cad>79.0</ns3:cad>
						<ns3:hr>168</ns3:hr>
					</ns3:TrackPointExtension>
				</extensions>
			</trkpt>
			<trkpt lat="-31.42259943" lon="-68.66187786">
				<ele>889.0</ele>
				<time>2025-06-07T19:55:54Z</time>
				<extensions>
					<ns3:TrackPointExtension>
						<ns3:speed>2.617801</ns3:speed>
						<ns3:cad>79.0</ns3:cad>
						<ns3:hr>167</ns3:hr>
					</ns3:TrackPointExtension>
				</extensions>
			</trkpt>
			<trkpt lat="-31.42263043" lon="-68.66194119">
				<ele>888.0</ele>
				<time>2025-06-07T19:55:57Z</time>
				<extensions>
					<ns3:TrackPointExtension>
						<ns3:speed>2.610966</ns3:speed>
						<ns3:cad>79.0</ns3:cad>
						<ns3:hr>167</ns3:hr>
					</ns3:TrackPointExtension>
				</extensions>
			</trkpt>
			<trkpt lat="-31.42265743" lon="-68.66200485">
				<ele>888.0</ele>
				<time>2025-06-07T19:56:00Z</time>
				<extensions>
					<ns3:TrackPointExtension>
						<ns3:speed>2.5974026</ns3:speed>
						<ns3:cad>79.0</ns3:cad>
						<ns3:hr>168</ns3:hr>
					</ns3:TrackPointExtension>
				</extensions>
			</trkpt>
			<trkpt lat="-31.42269309" lon="-68.66207285">
				<ele>887.0</ele>
				<time>2025-06-07T19:56:03Z</time>
				<extensions>
					<ns3:TrackPointExtension>
						<ns3:speed>2.5641026</ns3:speed>
						<ns3:cad>79.0</ns3:cad>
						<ns3:hr>168</ns3:hr>
					</ns3:TrackPointExtension>
				</extensions>
			</trkpt>
			<trkpt lat="-31.42273542" lon="-68.66213285">
				<ele>887.0</ele>
				<time>2025-06-07T19:56:06Z</time>
				<extensions>
					<ns3:TrackPointExtension>
						<ns3:speed>2.5510204</ns3:speed>
						<ns3:cad>79.0</ns3:cad>
						<ns3:hr>168</ns3:hr>
					</ns3:TrackPointExtension>
				</extensions>
			</trkpt>
			<trkpt lat="-31.42277575" lon="-68.66220051">
				<ele>887.0</ele>
				<time>2025-06-07T19:56:09Z</time>
				<extensions>
					<ns3:TrackPointExtension>
						<ns3:speed>2.5510204</ns3:speed>
						<ns3:cad>79.0</ns3:cad>
						<ns3:hr>168</ns3:hr>
					</ns3:TrackPointExtension>
				</extensions>
			</trkpt>
			<trkpt lat="-31.42279908" lon="-68.66225084">
				<ele>886.0</ele>
				<time>2025-06-07T19:56:11Z</time>
				<extensions>
					<ns3:TrackPointExtension>
						<ns3:speed>2.5510204</ns3:speed>
						<ns3:cad>79.0</ns3:cad>
						<ns3:hr>167</ns3:hr>
					</ns3:TrackPointExtension>
				</extensions>
			</trkpt>
			<trkpt lat="-31.42283074" lon="-68.66233417">
				<ele>886.0</ele>
				<time>2025-06-07T19:56:14Z</time>
				<extensions>
					<ns3:TrackPointExtension>
						<ns3:speed>2.5641026</ns3:speed>
						<ns3:cad>79.0</ns3:cad>
						<ns3:hr>167</ns3:hr>
					</ns3:TrackPointExtension>
				</extensions>
			</trkpt>
			<trkpt lat="-31.42284807" lon="-68.66238617">
				<ele>886.0</ele>
				<time>2025-06-07T19:56:16Z</time>
				<extensions>
					<ns3:TrackPointExtension>
						<ns3:speed>2.5773196</ns3:speed>
						<ns3:cad>79.0</ns3:cad>
						<ns3:hr>167</ns3:hr>
					</ns3:TrackPointExtension>
				</extensions>
			</trkpt>
			<trkpt lat="-31.42288707" lon="-68.66248683">
				<ele>885.0</ele>
				<time>2025-06-07T19:56:20Z</time>
				<extensions>
					<ns3:TrackPointExtension>
						<ns3:speed>2.5974026</ns3:speed>
						<ns3:cad>79.0</ns3:cad>
						<ns3:hr>168</ns3:hr>
					</ns3:TrackPointExtension>
				</extensions>
			</trkpt>
			<trkpt lat="-31.42292073" lon="-68.66255883">
				<ele>885.0</ele>
				<time>2025-06-07T19:56:23Z</time>
				<extensions>
					<ns3:TrackPointExtension>
						<ns3:speed>2.5974026</ns3:speed>
						<ns3:cad>79.0</ns3:cad>
						<ns3:hr>168</ns3:hr>
					</ns3:TrackPointExtension>
				</extensions>
			</trkpt>
			<trkpt lat="-31.42296039" lon="-68.66262749">
				<ele>884.0</ele>
				<time>2025-06-07T19:56:26Z</time>
				<extensions>
					<ns3:TrackPointExtension>
						<ns3:speed>2.5974026</ns3:speed>
						<ns3:cad>79.0</ns3:cad>
						<ns3:hr>167</ns3:hr>
					</ns3:TrackPointExtension>
				</extensions>
			</trkpt>
			<trkpt lat="-31.42299772" lon="-68.66269882">
				<ele>884.0</ele>
				<time>2025-06-07T19:56:29Z</time>
				<extensions>
					<ns3:TrackPointExtension>
						<ns3:speed>2.5974026</ns3:speed>
						<ns3:cad>79.0</ns3:cad>
						<ns3:hr>167</ns3:hr>
					</ns3:TrackPointExtension>
				</extensions>
			</trkpt>
			<trkpt lat="-31.42302838" lon="-68.66277015">
				<ele>883.0</ele>
				<time>2025-06-07T19:56:32Z</time>
				<extensions>
					<ns3:TrackPointExtension>
						<ns3:speed>2.5974026</ns3:speed>
						<ns3:cad>79.0</ns3:cad>
						<ns3:hr>167</ns3:hr>
					</ns3:TrackPointExtension>
				</extensions>
			</trkpt>
			<trkpt lat="-31.42305704" lon="-68.66284748">
				<ele>883.0</ele>
				<time>2025-06-07T19:56:35Z</time>
				<extensions>
					<ns3:TrackPointExtension>
						<ns3:speed>2.5974026</ns3:speed>
						<ns3:cad>79.0</ns3:cad>
						<ns3:hr>167</ns3:hr>
					</ns3:TrackPointExtension>
				</extensions>
			</trkpt>
			<trkpt lat="-31.42307604" lon="-68.66289514">
				<ele>883.0</ele>
				<time>2025-06-07T19:56:37Z</time>
				<extensions>
					<ns3:TrackPointExtension>
						<ns3:speed>2.5974026</ns3:speed>
						<ns3:cad>79.0</ns3:cad>
						<ns3:hr>166</ns3:hr>
					</ns3:TrackPointExtension>
				</extensions>
			</trkpt>
			<trkpt lat="-31.42310637" lon="-68.66296847">
				<ele>882.0</ele>
				<time>2025-06-07T19:56:40Z</time>
				<extensions>
					<ns3:TrackPointExtension>
						<ns3:speed>2.5974026</ns3:speed>
						<ns3:cad>79.0</ns3:cad>
						<ns3:hr>163</ns3:hr>
					</ns3:TrackPointExtension>
				</extensions>
			</trkpt>
			<trkpt lat="-31.42313837" lon="-68.66303613">
				<ele>882.0</ele>
				<time>2025-06-07T19:56:43Z</time>
				<extensions>
					<ns3:TrackPointExtension>
						<ns3:speed>2.5974026</ns3:speed>
						<ns3:cad>79.0</ns3:cad>
						<ns3:hr>162</ns3:hr>
					</ns3:TrackPointExtension>
				</extensions>
			</trkpt>
			<trkpt lat="-31.4231727" lon="-68.66310946">
				<ele>881.0</ele>
				<time>2025-06-07T19:56:46Z</time>
				<extensions>
					<ns3:TrackPointExtension>
						<ns3:speed>2.5773196</ns3:speed>
						<ns3:cad>79.0</ns3:cad>
						<ns3:hr>165</ns3:hr>
					</ns3:TrackPointExtension>
				</extensions>
			</trkpt>
			<trkpt lat="-31.4231977" lon="-68.66316012">
				<ele>881.0</ele>
				<time>2025-06-07T19:56:48Z</time>
				<extensions>
					<ns3:TrackPointExtension>
						<ns3:speed>2.5839794</ns3:speed>
						<ns3:cad>79.0</ns3:cad>
						<ns3:hr>164</ns3:hr>
					</ns3:TrackPointExtension>
				</extensions>
			</trkpt>
			<trkpt lat="-31.42323036" lon="-68.66323278">
				<ele>881.0</ele>
				<time>2025-06-07T19:56:51Z</time>
				<extensions>
					<ns3:TrackPointExtension>
						<ns3:speed>2.5974026</ns3:speed>
						<ns3:cad>79.0</ns3:cad>
						<ns3:hr>164</ns3:hr>
					</ns3:TrackPointExtension>
				</extensions>
			</trkpt>
			<trkpt lat="-31.42325902" lon="-68.66330744">
				<ele>881.0</ele>
				<time>2025-06-07T19:56:54Z</time>
				<extensions>
					<ns3:TrackPointExtension>
						<ns3:speed>2.5974026</ns3:speed>
						<ns3:cad>79.0</ns3:cad>
						<ns3:hr>164</ns3:hr>
					</ns3:TrackPointExtension>
				</extensions>
			</trkpt>
			<trkpt lat="-31.42329135" lon="-68.6633811">
				<ele>880.0</ele>
				<time>2025-06-07T19:56:57Z</time>
				<extensions>
					<ns3:TrackPointExtension>
						<ns3:speed>2.5974026</ns3:speed>
						<ns3:cad>79.0</ns3:cad>
						<ns3:hr>163</ns3:hr>
					</ns3:TrackPointExtension>
				</extensions>
			</trkpt>
			<trkpt lat="-31.42333035" lon="-68.6634491">
				<ele>880.0</ele>
				<time>2025-06-07T19:57:00Z</time>
				<extensions>
					<ns3:TrackPointExtension>
						<ns3:speed>2.5974026</ns3:speed>
						<ns3:cad>79.0</ns3:cad>
						<ns3:hr>161</ns3:hr>
					</ns3:TrackPointExtension>
				</extensions>
			</trkpt>
			<trkpt lat="-31.42336168" lon="-68.6635121">
				<ele>879.0</ele>
				<time>2025-06-07T19:57:03Z</time>
				<extensions>
					<ns3:TrackPointExtension>
						<ns3:speed>2.5974026</ns3:speed>
						<ns3:cad>79.0</ns3:cad>
						<ns3:hr>161</ns3:hr>
					</ns3:TrackPointExtension>
				</extensions>
			</trkpt>
			<trkpt lat="-31.42340434" lon="-68.6635751">
				<ele>879.0</ele>
				<time>2025-06-07T19:57:06Z</time>
				<extensions>
					<ns3:TrackPointExtension>
						<ns3:speed>2.5773196</ns3:speed>
						<ns3:cad>79.0</ns3:cad>
						<ns3:hr>163</ns3:hr>
					</ns3:TrackPointExtension>
				</extensions>
			</trkpt>
			<trkpt lat="-31.423439" lon="-68.66364176">
				<ele>879.0</ele>
				<time>2025-06-07T19:57:09Z</time>
				<extensions>
					<ns3:TrackPointExtension>
						<ns3:speed>2.5641026</ns3:speed>
						<ns3:cad>79.0</ns3:cad>
						<ns3:hr>165</ns3:hr>
					</ns3:TrackPointExtension>
				</extensions>
			</trkpt>
			<trkpt lat="-31.423471" lon="-68.66370609">
				<ele>878.0</ele>
				<time>2025-06-07T19:57:12Z</time>
				<extensions>
					<ns3:TrackPointExtension>
						<ns3:speed>2.5641026</ns3:speed>
						<ns3:cad>79.0</ns3:cad>
						<ns3:hr>167</ns3:hr>
					</ns3:TrackPointExtension>
				</extensions>
			</trkpt>
			<trkpt lat="-31.42350633" lon="-68.66377375">
				<ele>878.0</ele>
				<time>2025-06-07T19:57:15Z</time>
				<extensions>
					<ns3:TrackPointExtension>
						<ns3:speed>2.5445292</ns3:speed>
						<ns3:cad>79.0</ns3:cad>
						<ns3:hr>167</ns3:hr>
					</ns3:TrackPointExtension>
				</extensions>
			</trkpt>
			<trkpt lat="-31.42353866" lon="-68.66383408">
				<ele>878.0</ele>
				<time>2025-06-07T19:57:18Z</time>
				<extensions>
					<ns3:TrackPointExtension>
						<ns3:speed>2.5316455</ns3:speed>
						<ns3:cad>79.0</ns3:cad>
						<ns3:hr>164</ns3:hr>
					</ns3:TrackPointExtension>
				</extensions>
			</trkpt>
			<trkpt lat="-31.42356966" lon="-68.66389474">
				<ele>877.0</ele>
				<time>2025-06-07T19:57:21Z</time>
				<extensions>
					<ns3:TrackPointExtension>
						<ns3:speed>2.5188916</ns3:speed>
						<ns3:cad>79.0</ns3:cad>
						<ns3:hr>165</ns3:hr>
					</ns3:TrackPointExtension>
				</extensions>
			</trkpt>
			<trkpt lat="-31.42359399" lon="-68.66395607">
				<ele>877.0</ele>
				<time>2025-06-07T19:57:24Z</time>
				<extensions>
					<ns3:TrackPointExtension>
						<ns3:speed>2.4875622</ns3:speed>
						<ns3:cad>79.0</ns3:cad>
						<ns3:hr>164</ns3:hr>
					</ns3:TrackPointExtension>
				</extensions>
			</trkpt>
			<trkpt lat="-31.42361732" lon="-68.66401673">
				<ele>876.0</ele>
				<time>2025-06-07T19:57:27Z</time>
				<extensions>
					<ns3:TrackPointExtension>
						<ns3:speed>2.4570024</ns3:speed>
						<ns3:cad>79.0</ns3:cad>
						<ns3:hr>164</ns3:hr>
					</ns3:TrackPointExtension>
				</extensions>
			</trkpt>
			<trkpt lat="-31.42365232" lon="-68.66409973">
				<ele>876.0</ele>
				<time>2025-06-07T19:57:31Z</time>
				<extensions>
					<ns3:TrackPointExtension>
						<ns3:speed>2.4271846</ns3:speed>
						<ns3:cad>79.0</ns3:cad>
						<ns3:hr>163</ns3:hr>
					</ns3:TrackPointExtension>
				</extensions>
			</trkpt>
			<trkpt lat="-31.42368232" lon="-68.66416106">
				<ele>876.0</ele>
				<time>2025-06-07T19:57:34Z</time>
				<extensions>
					<ns3:TrackPointExtension>
						<ns3:speed>2.4096386</ns3:speed>
						<ns3:cad>79.0</ns3:cad>
						<ns3:hr>163</ns3:hr>
					</ns3:TrackPointExtension>
				</extensions>
			</trkpt>
			<trkpt lat="-31.42371465" lon="-68.66422806">
				<ele>875.0</ele>
				<time>2025-06-07T19:57:37Z</time>
				<extensions>
					<ns3:TrackPointExtension>
						<ns3:speed>2.3980815</ns3:speed>
						<ns3:cad>79.0</ns3:cad>
						<ns3:hr>166</ns3:hr>
					</ns3:TrackPointExtension>
				</extensions>
			</trkpt>
			<trkpt lat="-31.42374198" lon="-68.66429572">
				<ele>875.0</ele>
				<time>2025-06-07T19:57:40Z</time>
				<extensions>
					<ns3:TrackPointExtension>
						<ns3:speed>2.4096386</ns3:speed>
						<ns3:cad>79.0</ns3:cad>
						<ns3:hr>169</ns3:hr>
					</ns3:TrackPointExtension>
				</extensions>
			</trkpt>
			<trkpt lat="-31.42376931" lon="-68.66436305">
				<ele>875.0</ele>
				<time>2025-06-07T19:57:43Z</time>
				<extensions>
					<ns3:TrackPointExtension>
						<ns3:speed>2.3980815</ns3:speed>
						<ns3:cad>79.0</ns3:cad>
						<ns3:hr>168</ns3:hr>
					</ns3:TrackPointExtension>
				</extensions>
			</trkpt>
			<trkpt lat="-31.42380431" lon="-68.66442671">
				<ele>874.0</ele>
				<time>2025-06-07T19:57:46Z</time>
				<extensions>
					<ns3:TrackPointExtension>
						<ns3:speed>2.3980815</ns3:speed>
						<ns3:cad>79.0</ns3:cad>
						<ns3:hr>167</ns3:hr>
					</ns3:TrackPointExtension>
				</extensions>
			</trkpt>
			<trkpt lat="-31.42383697" lon="-68.66449237">
				<ele>874.0</ele>
				<time>2025-06-07T19:57:49Z</time>
				<extensions>
					<ns3:TrackPointExtension>
						<ns3:speed>2.3923445</ns3:speed>
						<ns3:cad>80.0</ns3:cad>
						<ns3:hr>167</ns3:hr>
					</ns3:TrackPointExtension>
				</extensions>
			</trkpt>
			<trkpt lat="-31.42387597" lon="-68.66456137">
				<ele>874.0</ele>
				<time>2025-06-07T19:57:52Z</time>
				<extensions>
					<ns3:TrackPointExtension>
						<ns3:speed>2.3980815</ns3:speed>
						<ns3:cad>79.0</ns3:cad>
						<ns3:hr>167</ns3:hr>
					</ns3:TrackPointExtension>
				</extensions>
			</trkpt>
			<trkpt lat="-31.4239083" lon="-68.66463103">
				<ele>874.0</ele>
				<time>2025-06-07T19:57:55Z</time>
				<extensions>
					<ns3:TrackPointExtension>
						<ns3:speed>2.4096386</ns3:speed>
						<ns3:cad>79.0</ns3:cad>
						<ns3:hr>168</ns3:hr>
					</ns3:TrackPointExtension>
				</extensions>
			</trkpt>
			<trkpt lat="-31.4239373" lon="-68.66470003">
				<ele>873.0</ele>
				<time>2025-06-07T19:57:58Z</time>
				<extensions>
					<ns3:TrackPointExtension>
						<ns3:speed>2.4213076</ns3:speed>
						<ns3:cad>80.0</ns3:cad>
						<ns3:hr>169</ns3:hr>
					</ns3:TrackPointExtension>
				</extensions>
			</trkpt>
			<trkpt lat="-31.42396596" lon="-68.66477036">
				<ele>873.0</ele>
				<time>2025-06-07T19:58:01Z</time>
				<extensions>
					<ns3:TrackPointExtension>
						<ns3:speed>2.4213076</ns3:speed>
						<ns3:cad>80.0</ns3:cad>
						<ns3:hr>169</ns3:hr>
					</ns3:TrackPointExtension>
				</extensions>
			</trkpt>
			<trkpt lat="-31.42400229" lon="-68.66484469">
				<ele>873.0</ele>
				<time>2025-06-07T19:58:04Z</time>
				<extensions>
					<ns3:TrackPointExtension>
						<ns3:speed>2.4390244</ns3:speed>
						<ns3:cad>80.0</ns3:cad>
						<ns3:hr>167</ns3:hr>
					</ns3:TrackPointExtension>
				</extensions>
			</trkpt>
			<trkpt lat="-31.42404029" lon="-68.66491702">
				<ele>873.0</ele>
				<time>2025-06-07T19:58:07Z</time>
				<extensions>
					<ns3:TrackPointExtension>
						<ns3:speed>2.5510204</ns3:speed>
						<ns3:cad>80.0</ns3:cad>
						<ns3:hr>167</ns3:hr>
					</ns3:TrackPointExtension>
				</extensions>
			</trkpt>
			<trkpt lat="-31.42407229" lon="-68.66499035">
				<ele>872.0</ele>
				<time>2025-06-07T19:58:10Z</time>
				<extensions>
					<ns3:TrackPointExtension>
						<ns3:speed>2.631579</ns3:speed>
						<ns3:cad>80.0</ns3:cad>
						<ns3:hr>167</ns3:hr>
					</ns3:TrackPointExtension>
				</extensions>
			</trkpt>
			<trkpt lat="-31.42410329" lon="-68.66506268">
				<ele>872.0</ele>
				<time>2025-06-07T19:58:13Z</time>
				<extensions>
					<ns3:TrackPointExtension>
						<ns3:speed>2.631579</ns3:speed>
						<ns3:cad>80.0</ns3:cad>
						<ns3:hr>170</ns3:hr>
					</ns3:TrackPointExtension>
				</extensions>
			</trkpt>
			<trkpt lat="-31.42414495" lon="-68.66512468">
				<ele>871.0</ele>
				<time>2025-06-07T19:58:16Z</time>
				<extensions>
					<ns3:TrackPointExtension>
						<ns3:speed>2.5641026</ns3:speed>
						<ns3:cad>80.0</ns3:cad>
						<ns3:hr>169</ns3:hr>
					</ns3:TrackPointExtension>
				</extensions>
			</trkpt>
			<trkpt lat="-31.42418195" lon="-68.66518868">
				<ele>871.0</ele>
				<time>2025-06-07T19:58:19Z</time>
				<extensions>
					<ns3:TrackPointExtension>
						<ns3:speed>2.5125628</ns3:speed>
						<ns3:cad>80.0</ns3:cad>
						<ns3:hr>171</ns3:hr>
					</ns3:TrackPointExtension>
				</extensions>
			</trkpt>
			<trkpt lat="-31.42421161" lon="-68.66525034">
				<ele>871.0</ele>
				<time>2025-06-07T19:58:22Z</time>
				<extensions>
					<ns3:TrackPointExtension>
						<ns3:speed>2.4691358</ns3:speed>
						<ns3:cad>80.0</ns3:cad>
						<ns3:hr>170</ns3:hr>
					</ns3:TrackPointExtension>
				</extensions>
			</trkpt>
			<trkpt lat="-31.42423894" lon="-68.66531867">
				<ele>870.0</ele>
				<time>2025-06-07T19:58:25Z</time>
				<extensions>
					<ns3:TrackPointExtension>
						<ns3:speed>2.4096386</ns3:speed>
						<ns3:cad>80.0</ns3:cad>
						<ns3:hr>171</ns3:hr>
					</ns3:TrackPointExtension>
				</extensions>
			</trkpt>
			<trkpt lat="-31.4242656" lon="-68.66538967">
				<ele>870.0</ele>
				<time>2025-06-07T19:58:28Z</time>
				<extensions>
					<ns3:TrackPointExtension>
						<ns3:speed>2.3980815</ns3:speed>
						<ns3:cad>80.0</ns3:cad>
						<ns3:hr>172</ns3:hr>
					</ns3:TrackPointExtension>
				</extensions>
			</trkpt>
			<trkpt lat="-31.42429193" lon="-68.665459">
				<ele>870.0</ele>
				<time>2025-06-07T19:58:31Z</time>
				<extensions>
					<ns3:TrackPointExtension>
						<ns3:speed>2.4096386</ns3:speed>
						<ns3:cad>80.0</ns3:cad>
						<ns3:hr>173</ns3:hr>
					</ns3:TrackPointExtension>
				</extensions>
			</trkpt>
			<trkpt lat="-31.42432126" lon="-68.66551966">
				<ele>869.0</ele>
				<time>2025-06-07T19:58:34Z</time>
				<extensions>
					<ns3:TrackPointExtension>
						<ns3:speed>2.3980815</ns3:speed>
						<ns3:cad>80.0</ns3:cad>
						<ns3:hr>169</ns3:hr>
					</ns3:TrackPointExtension>
				</extensions>
			</trkpt>
			<trkpt lat="-31.42435192" lon="-68.66558466">
				<ele>869.0</ele>
				<time>2025-06-07T19:58:37Z</time>
				<extensions>
					<ns3:TrackPointExtension>
						<ns3:speed>2.3809524</ns3:speed>
						<ns3:cad>80.0</ns3:cad>
						<ns3:hr>169</ns3:hr>
					</ns3:TrackPointExtension>
				</extensions>
			</trkpt>
			<trkpt lat="-31.42438025" lon="-68.66564666">
				<ele>869.0</ele>
				<time>2025-06-07T19:58:40Z</time>
				<extensions>
					<ns3:TrackPointExtension>
						<ns3:speed>2.3696682</ns3:speed>
						<ns3:cad>80.0</ns3:cad>
						<ns3:hr>169</ns3:hr>
					</ns3:TrackPointExtension>
				</extensions>
			</trkpt>
			<trkpt lat="-31.42441425" lon="-68.66571032">
				<ele>869.0</ele>
				<time>2025-06-07T19:58:43Z</time>
				<extensions>
					<ns3:TrackPointExtension>
						<ns3:speed>2.3529413</ns3:speed>
						<ns3:cad>80.0</ns3:cad>
						<ns3:hr>167</ns3:hr>
					</ns3:TrackPointExtension>
				</extensions>
			</trkpt>
			<trkpt lat="-31.42444358" lon="-68.66576865">
				<ele>868.0</ele>
				<time>2025-06-07T19:58:46Z</time>
				<extensions>
					<ns3:TrackPointExtension>
						<ns3:speed>2.3419204</ns3:speed>
						<ns3:cad>80.0</ns3:cad>
						<ns3:hr>165</ns3:hr>
					</ns3:TrackPointExtension>
				</extensions>
			</trkpt>
			<trkpt lat="-31.42448491" lon="-68.66581398">
				<ele>868.0</ele>
				<time>2025-06-07T19:58:50Z</time>
				<extensions>
					<ns3:TrackPointExtension>
						<ns3:speed>1.9417475</ns3:speed>
						<ns3:cad>80.0</ns3:cad>
						<ns3:hr>164</ns3:hr>
					</ns3:TrackPointExtension>
				</extensions>
			</trkpt>
			<trkpt lat="-31.42453091" lon="-68.66583764">
				<ele>868.0</ele>
				<time>2025-06-07T19:58:54Z</time>
				<extensions>
					<ns3:TrackPointExtension>
						<ns3:speed>1.5384616</ns3:speed>
						<ns3:cad>80.0</ns3:cad>
						<ns3:hr>163</ns3:hr>
					</ns3:TrackPointExtension>
				</extensions>
			</trkpt>
			<trkpt lat="-31.42457524" lon="-68.66584497">
				<ele>868.0</ele>
				<time>2025-06-07T19:58:59Z</time>
				<extensions>
					<ns3:TrackPointExtension>
						<ns3:speed>1.2578616</ns3:speed>
						<ns3:cad>80.0</ns3:cad>
						<ns3:hr>163</ns3:hr>
					</ns3:TrackPointExtension>
				</extensions>
			</trkpt>
			<trkpt lat="-31.42460824" lon="-68.66588497">
				<ele>868.0</ele>
				<time>2025-06-07T19:59:08Z</time>
				<extensions>
					<ns3:TrackPointExtension>
						<ns3:speed>0.7800312</ns3:speed>
						<ns3:cad>80.0</ns3:cad>
						<ns3:hr>159</ns3:hr>
					</ns3:TrackPointExtension>
				</extensions>
			</trkpt>
			<trkpt lat="-31.42458591" lon="-68.66595663">
				<ele>868.0</ele>
				<time>2025-06-07T19:59:13Z</time>
				<extensions>
					<ns3:TrackPointExtension>
						<ns3:speed>0.95510983</ns3:speed>
						<ns3:cad>80.0</ns3:cad>
						<ns3:hr>160</ns3:hr>
					</ns3:TrackPointExtension>
				</extensions>
			</trkpt>
			<trkpt lat="-31.42455958" lon="-68.66601896">
				<ele>868.0</ele>
				<time>2025-06-07T19:59:16Z</time>
				<extensions>
					<ns3:TrackPointExtension>
						<ns3:speed>1.5503876</ns3:speed>
						<ns3:cad>80.0</ns3:cad>
						<ns3:hr>159</ns3:hr>
					</ns3:TrackPointExtension>
				</extensions>
			</trkpt>
			<trkpt lat="-31.42453558" lon="-68.66608129">
				<ele>868.0</ele>
				<time>2025-06-07T19:59:19Z</time>
				<extensions>
					<ns3:TrackPointExtension>
						<ns3:speed>2.020202</ns3:speed>
						<ns3:cad>80.0</ns3:cad>
						<ns3:hr>158</ns3:hr>
					</ns3:TrackPointExtension>
				</extensions>
			</trkpt>
			<trkpt lat="-31.42452058" lon="-68.66614429">
				<ele>867.0</ele>
				<time>2025-06-07T19:59:22Z</time>
				<extensions>
					<ns3:TrackPointExtension>
						<ns3:speed>2.118644</ns3:speed>
						<ns3:cad>80.0</ns3:cad>
						<ns3:hr>158</ns3:hr>
					</ns3:TrackPointExtension>
				</extensions>
			</trkpt>
			<trkpt lat="-31.42450658" lon="-68.66620662">
				<ele>867.0</ele>
				<time>2025-06-07T19:59:25Z</time>
				<extensions>
					<ns3:TrackPointExtension>
						<ns3:speed>2.096436</ns3:speed>
						<ns3:cad>80.0</ns3:cad>
						<ns3:hr>157</ns3:hr>
					</ns3:TrackPointExtension>
				</extensions>
			</trkpt>
			<trkpt lat="-31.42448058" lon="-68.66625695">
				<ele>866.0</ele>
				<time>2025-06-07T19:59:28Z</time>
				<extensions>
					<ns3:TrackPointExtension>
						<ns3:speed>2.0703933</ns3:speed>
						<ns3:cad>80.0</ns3:cad>
						<ns3:hr>158</ns3:hr>
					</ns3:TrackPointExtension>
				</extensions>
			</trkpt>
			<trkpt lat="-31.42442758" lon="-68.66630295">
				<ele>867.0</ele>
				<time>2025-06-07T19:59:32Z</time>
				<extensions>
					<ns3:TrackPointExtension>
						<ns3:speed>2.0</ns3:speed>
						<ns3:cad>80.0</ns3:cad>
						<ns3:hr>158</ns3:hr>
					</ns3:TrackPointExtension>
				</extensions>
			</trkpt>
			<trkpt lat="-31.42438325" lon="-68.66634995">
				<ele>867.0</ele>
				<time>2025-06-07T19:59:35Z</time>
				<extensions>
					<ns3:TrackPointExtension>
						<ns3:speed>1.9920319</ns3:speed>
						<ns3:cad>80.0</ns3:cad>
						<ns3:hr>157</ns3:hr>
					</ns3:TrackPointExtension>
				</extensions>
			</trkpt>
			<trkpt lat="-31.42433792" lon="-68.66640795">
				<ele>867.0</ele>
				<time>2025-06-07T19:59:38Z</time>
				<extensions>
					<ns3:TrackPointExtension>
						<ns3:speed>2.173913</ns3:speed>
						<ns3:cad>80.0</ns3:cad>
						<ns3:hr>159</ns3:hr>
					</ns3:TrackPointExtension>
				</extensions>
			</trkpt>
			<trkpt lat="-31.42430192" lon="-68.66645161">
				<ele>867.0</ele>
				<time>2025-06-07T19:59:40Z</time>
				<extensions>
					<ns3:TrackPointExtension>
						<ns3:speed>2.3255813</ns3:speed>
						<ns3:cad>80.0</ns3:cad>
						<ns3:hr>160</ns3:hr>
					</ns3:TrackPointExtension>
				</extensions>
			</trkpt>
			<trkpt lat="-31.42426959" lon="-68.66649627">
				<ele>867.0</ele>
				<time>2025-06-07T19:59:42Z</time>
				<extensions>
					<ns3:TrackPointExtension>
						<ns3:speed>2.5641026</ns3:speed>
						<ns3:cad>81.0</ns3:cad>
						<ns3:hr>160</ns3:hr>
					</ns3:TrackPointExtension>
				</extensions>
			</trkpt>
			<trkpt lat="-31.42422293" lon="-68.6665606">
				<ele>867.0</ele>
				<time>2025-06-07T19:59:45Z</time>
				<extensions>
					<ns3:TrackPointExtension>
						<ns3:speed>2.739726</ns3:speed>
						<ns3:cad>81.0</ns3:cad>
						<ns3:hr>160</ns3:hr>
					</ns3:TrackPointExtension>
				</extensions>
			</trkpt>
			<trkpt lat="-31.42417793" lon="-68.66662426">
				<ele>868.0</ele>
				<time>2025-06-07T19:59:48Z</time>
				<extensions>
					<ns3:TrackPointExtension>
						<ns3:speed>2.7027028</ns3:speed>
						<ns3:cad>81.0</ns3:cad>
						<ns3:hr>161</ns3:hr>
					</ns3:TrackPointExtension>
				</extensions>
			</trkpt>
			<trkpt lat="-31.4241456" lon="-68.66666559">
				<ele>868.0</ele>
				<time>2025-06-07T19:59:50Z</time>
				<extensions>
					<ns3:TrackPointExtension>
						<ns3:speed>2.6809652</ns3:speed>
						<ns3:cad>81.0</ns3:cad>
						<ns3:hr>161</ns3:hr>
					</ns3:TrackPointExtension>
				</extensions>
			</trkpt>
			<trkpt lat="-31.42409727" lon="-68.66672625">
				<ele>868.0</ele>
				<time>2025-06-07T19:59:53Z</time>
				<extensions>
					<ns3:TrackPointExtension>
						<ns3:speed>2.6666667</ns3:speed>
						<ns3:cad>81.0</ns3:cad>
						<ns3:hr>164</ns3:hr>
					</ns3:TrackPointExtension>
				</extensions>
			</trkpt>
			<trkpt lat="-31.42405027" lon="-68.66678825">
				<ele>868.0</ele>
				<time>2025-06-07T19:59:56Z</time>
				<extensions>
					<ns3:TrackPointExtension>
						<ns3:speed>2.6666667</ns3:speed>
						<ns3:cad>81.0</ns3:cad>
						<ns3:hr>166</ns3:hr>
					</ns3:TrackPointExtension>
				</extensions>
			</trkpt>
			<trkpt lat="-31.42401827" lon="-68.66685158">
				<ele>868.0</ele>
				<time>2025-06-07T19:59:59Z</time>
				<extensions>
					<ns3:TrackPointExtension>
						<ns3:speed>2.631579</ns3:speed>
						<ns3:cad>81.0</ns3:cad>
						<ns3:hr>166</ns3:hr>
					</ns3:TrackPointExtension>
				</extensions>
			</trkpt>
			<trkpt lat="-31.42402593" lon="-68.66691524">
				<ele>868.0</ele>
				<time>2025-06-07T20:00:02Z</time>
				<extensions>
					<ns3:TrackPointExtension>
						<ns3:speed>2.5125628</ns3:speed>
						<ns3:cad>81.0</ns3:cad>
						<ns3:hr>166</ns3:hr>
					</ns3:TrackPointExtension>
				</extensions>
			</trkpt>
			<trkpt lat="-31.4240166" lon="-68.6669839">
				<ele>867.0</ele>
				<time>2025-06-07T20:00:05Z</time>
				<extensions>
					<ns3:TrackPointExtension>
						<ns3:speed>2.4390244</ns3:speed>
						<ns3:cad>81.0</ns3:cad>
						<ns3:hr>165</ns3:hr>
					</ns3:TrackPointExtension>
				</extensions>
			</trkpt>
			<trkpt lat="-31.4239886" lon="-68.66705656">
				<ele>867.0</ele>
				<time>2025-06-07T20:00:08Z</time>
				<extensions>
					<ns3:TrackPointExtension>
						<ns3:speed>2.3980815</ns3:speed>
						<ns3:cad>81.0</ns3:cad>
						<ns3:hr>165</ns3:hr>
					</ns3:TrackPointExtension>
				</extensions>
			</trkpt>
			<trkpt lat="-31.4239706" lon="-68.66714122">
				<ele>867.0</ele>
				<time>2025-06-07T20:00:11Z</time>
				<extensions>
					<ns3:TrackPointExtension>
						<ns3:speed>2.5</ns3:speed>
						<ns3:cad>81.0</ns3:cad>
						<ns3:hr>165</ns3:hr>
					</ns3:TrackPointExtension>
				</extensions>
			</trkpt>
			<trkpt lat="-31.42397126" lon="-68.66719788">
				<ele>867.0</ele>
				<time>2025-06-07T20:00:13Z</time>
				<extensions>
					<ns3:TrackPointExtension>
						<ns3:speed>2.5839794</ns3:speed>
						<ns3:cad>81.0</ns3:cad>
						<ns3:hr>165</ns3:hr>
					</ns3:TrackPointExtension>
				</extensions>
			</trkpt>
			<trkpt lat="-31.42398592" lon="-68.66728354">
				<ele>866.0</ele>
				<time>2025-06-07T20:00:16Z</time>
				<extensions>
					<ns3:TrackPointExtension>
						<ns3:speed>2.6666667</ns3:speed>
						<ns3:cad>81.0</ns3:cad>
						<ns3:hr>166</ns3:hr>
					</ns3:TrackPointExtension>
				</extensions>
			</trkpt>
			<trkpt lat="-31.42401025" lon="-68.66736554">
				<ele>866.0</ele>
				<time>2025-06-07T20:00:19Z</time>
				<extensions>
					<ns3:TrackPointExtension>
						<ns3:speed>2.6809652</ns3:speed>
						<ns3:cad>81.0</ns3:cad>
						<ns3:hr>167</ns3:hr>
					</ns3:TrackPointExtension>
				</extensions>
			</trkpt>
			<trkpt lat="-31.42402525" lon="-68.6674182">
				<ele>866.0</ele>
				<time>2025-06-07T20:00:21Z</time>
				<extensions>
					<ns3:TrackPointExtension>
						<ns3:speed>2.7027028</ns3:speed>
						<ns3:cad>81.0</ns3:cad>
						<ns3:hr>168</ns3:hr>
					</ns3:TrackPointExtension>
				</extensions>
			</trkpt>
			<trkpt lat="-31.42404691" lon="-68.66749886">
				<ele>866.0</ele>
				<time>2025-06-07T20:00:24Z</time>
				<extensions>
					<ns3:TrackPointExtension>
						<ns3:speed>2.7027028</ns3:speed>
						<ns3:cad>81.0</ns3:cad>
						<ns3:hr>170</ns3:hr>
					</ns3:TrackPointExtension>
				</extensions>
			</trkpt>
			<trkpt lat="-31.42406457" lon="-68.66758186">
				<ele>865.0</ele>
				<time>2025-06-07T20:00:27Z</time>
				<extensions>
					<ns3:TrackPointExtension>
						<ns3:speed>2.7027028</ns3:speed>
						<ns3:cad>81.0</ns3:cad>
						<ns3:hr>171</ns3:hr>
					</ns3:TrackPointExtension>
				</extensions>
			</trkpt>
			<trkpt lat="-31.4240819" lon="-68.66766786">
				<ele>865.0</ele>
				<time>2025-06-07T20:00:30Z</time>
				<extensions>
					<ns3:TrackPointExtension>
						<ns3:speed>2.7027028</ns3:speed>
						<ns3:cad>81.0</ns3:cad>
						<ns3:hr>171</ns3:hr>
					</ns3:TrackPointExtension>
				</extensions>
			</trkpt>
			<trkpt lat="-31.42410623" lon="-68.66772452">
				<ele>865.0</ele>
				<time>2025-06-07T20:00:32Z</time>
				<extensions>
					<ns3:TrackPointExtension>
						<ns3:speed>2.7027028</ns3:speed>
						<ns3:cad>81.0</ns3:cad>
						<ns3:hr>171</ns3:hr>
					</ns3:TrackPointExtension>
				</extensions>
			</trkpt>
			<trkpt lat="-31.42413889" lon="-68.66776618">
				<ele>864.0</ele>
				<time>2025-06-07T20:00:34Z</time>
				<extensions>
					<ns3:TrackPointExtension>
						<ns3:speed>2.7247956</ns3:speed>
						<ns3:cad>80.0</ns3:cad>
						<ns3:hr>170</ns3:hr>
					</ns3:TrackPointExtension>
				</extensions>
			</trkpt>
			<trkpt lat="-31.42420222" lon="-68.66778918">
				<ele>864.0</ele>
				<time>2025-06-07T20:00:37Z</time>
				<extensions>
					<ns3:TrackPointExtension>
						<ns3:speed>2.739726</ns3:speed>
						<ns3:cad>80.0</ns3:cad>
						<ns3:hr>169</ns3:hr>
					</ns3:TrackPointExtension>
				</extensions>
			</trkpt>
			<trkpt lat="-31.42427022" lon="-68.66778951">
				<ele>864.0</ele>
				<time>2025-06-07T20:00:40Z</time>
				<extensions>
					<ns3:TrackPointExtension>
						<ns3:speed>2.7027028</ns3:speed>
						<ns3:cad>80.0</ns3:cad>
						<ns3:hr>167</ns3:hr>
					</ns3:TrackPointExtension>
				</extensions>
			</trkpt>
			<trkpt lat="-31.42434322" lon="-68.66778685">
				<ele>864.0</ele>
				<time>2025-06-07T20:00:43Z</time>
				<extensions>
					<ns3:TrackPointExtension>
						<ns3:speed>2.6809652</ns3:speed>
						<ns3:cad>80.0</ns3:cad>
						<ns3:hr>167</ns3:hr>
					</ns3:TrackPointExtension>
				</extensions>
			</trkpt>
			<trkpt lat="-31.42438922" lon="-68.66778185">
				<ele>864.0</ele>
				<time>2025-06-07T20:00:45Z</time>
				<extensions>
					<ns3:TrackPointExtension>
						<ns3:speed>2.6666667</ns3:speed>
						<ns3:cad>81.0</ns3:cad>
						<ns3:hr>167</ns3:hr>
					</ns3:TrackPointExtension>
				</extensions>
			</trkpt>
			<trkpt lat="-31.42445988" lon="-68.66776319">
				<ele>863.0</ele>
				<time>2025-06-07T20:00:48Z</time>
				<extensions>
					<ns3:TrackPointExtension>
						<ns3:speed>2.6666667</ns3:speed>
						<ns3:cad>81.0</ns3:cad>
						<ns3:hr>167</ns3:hr>
					</ns3:TrackPointExtension>
				</extensions>
			</trkpt>
			<trkpt lat="-31.42452788" lon="-68.66774253">
				<ele>863.0</ele>
				<time>2025-06-07T20:00:51Z</time>
				<extensions>
					<ns3:TrackPointExtension>
						<ns3:speed>2.6666667</ns3:speed>
						<ns3:cad>81.0</ns3:cad>
						<ns3:hr>168</ns3:hr>
					</ns3:TrackPointExtension>
				</extensions>
			</trkpt>
			<trkpt lat="-31.42459888" lon="-68.6677222">
				<ele>863.0</ele>
				<time>2025-06-07T20:00:54Z</time>
				<extensions>
					<ns3:TrackPointExtension>
						<ns3:speed>2.65252</ns3:speed>
						<ns3:cad>81.0</ns3:cad>
						<ns3:hr>168</ns3:hr>
					</ns3:TrackPointExtension>
				</extensions>
			</trkpt>
			<trkpt lat="-31.42467321" lon="-68.66770654">
				<ele>863.0</ele>
				<time>2025-06-07T20:00:57Z</time>
				<extensions>
					<ns3:TrackPointExtension>
						<ns3:speed>2.65252</ns3:speed>
						<ns3:cad>81.0</ns3:cad>
						<ns3:hr>168</ns3:hr>
					</ns3:TrackPointExtension>
				</extensions>
			</trkpt>
			<trkpt lat="-31.42472621" lon="-68.66769721">
				<ele>863.0</ele>
				<time>2025-06-07T20:00:59Z</time>
				<extensions>
					<ns3:TrackPointExtension>
						<ns3:speed>2.6666667</ns3:speed>
						<ns3:cad>81.0</ns3:cad>
						<ns3:hr>168</ns3:hr>
					</ns3:TrackPointExtension>
				</extensions>
			</trkpt>
			<trkpt lat="-31.42480021" lon="-68.66767755">
				<ele>863.0</ele>
				<time>2025-06-07T20:01:02Z</time>
				<extensions>
					<ns3:TrackPointExtension>
						<ns3:speed>2.6809652</ns3:speed>
						<ns3:cad>81.0</ns3:cad>
						<ns3:hr>168</ns3:hr>
					</ns3:TrackPointExtension>
				</extensions>
			</trkpt>
			<trkpt lat="-31.42484821" lon="-68.66766222">
				<ele>862.0</ele>
				<time>2025-06-07T20:01:04Z</time>
				<extensions>
					<ns3:TrackPointExtension>
						<ns3:speed>2.688172</ns3:speed>
						<ns3:cad>81.0</ns3:cad>
						<ns3:hr>168</ns3:hr>
					</ns3:TrackPointExtension>
				</extensions>
			</trkpt>
			<trkpt lat="-31.42491754" lon="-68.66763856">
				<ele>862.0</ele>
				<time>2025-06-07T20:01:07Z</time>
				<extensions>
					<ns3:TrackPointExtension>
						<ns3:speed>2.7027028</ns3:speed>
						<ns3:cad>81.0</ns3:cad>
						<ns3:hr>168</ns3:hr>
					</ns3:TrackPointExtension>
				</extensions>
			</trkpt>
			<trkpt lat="-31.42498354" lon="-68.6676139">
				<ele>862.0</ele>
				<time>2025-06-07T20:01:10Z</time>
				<extensions>
					<ns3:TrackPointExtension>
						<ns3:speed>2.688172</ns3:speed>
						<ns3:cad>81.0</ns3:cad>
						<ns3:hr>168</ns3:hr>
					</ns3:TrackPointExtension>
				</extensions>
			</trkpt>
			<trkpt lat="-31.42505554" lon="-68.6675949">
				<ele>862.0</ele>
				<time>2025-06-07T20:01:13Z</time>
				<extensions>
					<ns3:TrackPointExtension>
						<ns3:speed>2.6809652</ns3:speed>
						<ns3:cad>81.0</ns3:cad>
						<ns3:hr>169</ns3:hr>
					</ns3:TrackPointExtension>
				</extensions>
			</trkpt>
			<trkpt lat="-31.4251252" lon="-68.6675739">
				<ele>862.0</ele>
				<time>2025-06-07T20:01:16Z</time>
				<extensions>
					<ns3:TrackPointExtension>
						<ns3:speed>2.6809652</ns3:speed>
						<ns3:cad>82.0</ns3:cad>
						<ns3:hr>170</ns3:hr>
					</ns3:TrackPointExtension>
				</extensions>
			</trkpt>
			<trkpt lat="-31.4251882" lon="-68.66754424">
				<ele>862.0</ele>
				<time>2025-06-07T20:01:19Z</time>
				<extensions>
					<ns3:TrackPointExtension>
						<ns3:speed>2.6809652</ns3:speed>
						<ns3:cad>82.0</ns3:cad>
						<ns3:hr>171</ns3:hr>
					</ns3:TrackPointExtension>
				</extensions>
			</trkpt>
			<trkpt lat="-31.4252522" lon="-68.66750724">
				<ele>862.0</ele>
				<time>2025-06-07T20:01:22Z</time>
				<extensions>
					<ns3:TrackPointExtension>
						<ns3:speed>2.6666667</ns3:speed>
						<ns3:cad>82.0</ns3:cad>
						<ns3:hr>171</ns3:hr>
					</ns3:TrackPointExtension>
				</extensions>
			</trkpt>
			<trkpt lat="-31.4252982" lon="-68.66748224">
				<ele>862.0</ele>
				<time>2025-06-07T20:01:24Z</time>
				<extensions>
					<ns3:TrackPointExtension>
						<ns3:speed>2.6666667</ns3:speed>
						<ns3:cad>82.0</ns3:cad>
						<ns3:hr>170</ns3:hr>
					</ns3:TrackPointExtension>
				</extensions>
			</trkpt>
			<trkpt lat="-31.42536286" lon="-68.66744591">
				<ele>861.0</ele>
				<time>2025-06-07T20:01:27Z</time>
				<extensions>
					<ns3:TrackPointExtension>
						<ns3:speed>2.6666667</ns3:speed>
						<ns3:cad>82.0</ns3:cad>
						<ns3:hr>169</ns3:hr>
					</ns3:TrackPointExtension>
				</extensions>
			</trkpt>
			<trkpt lat="-31.42542552" lon="-68.66740525">
				<ele>861.0</ele>
				<time>2025-06-07T20:01:30Z</time>
				<extensions>
					<ns3:TrackPointExtension>
						<ns3:speed>2.6666667</ns3:speed>
						<ns3:cad>82.0</ns3:cad>
						<ns3:hr>170</ns3:hr>
					</ns3:TrackPointExtension>
				</extensions>
			</trkpt>
			<trkpt lat="-31.42548585" lon="-68.66736859">
				<ele>860.0</ele>
				<time>2025-06-07T20:01:33Z</time>
				<extensions>
					<ns3:TrackPointExtension>
						<ns3:speed>2.6666667</ns3:speed>
						<ns3:cad>82.0</ns3:cad>
						<ns3:hr>170</ns3:hr>
					</ns3:TrackPointExtension>
				</extensions>
			</trkpt>
			<trkpt lat="-31.42554618" lon="-68.66733359">
				<ele>860.0</ele>
				<time>2025-06-07T20:01:36Z</time>
				<extensions>
					<ns3:TrackPointExtension>
						<ns3:speed>2.65252</ns3:speed>
						<ns3:cad>82.0</ns3:cad>
						<ns3:hr>168</ns3:hr>
					</ns3:TrackPointExtension>
				</extensions>
			</trkpt>
			<trkpt lat="-31.42559851" lon="-68.66729693">
				<ele>860.0</ele>
				<time>2025-06-07T20:01:39Z</time>
				<extensions>
					<ns3:TrackPointExtension>
						<ns3:speed>2.631579</ns3:speed>
						<ns3:cad>82.0</ns3:cad>
						<ns3:hr>168</ns3:hr>
					</ns3:TrackPointExtension>
				</extensions>
			</trkpt>
			<trkpt lat="-31.42565084" lon="-68.66725727">
				<ele>860.0</ele>
				<time>2025-06-07T20:01:42Z</time>
				<extensions>
					<ns3:TrackPointExtension>
						<ns3:speed>2.610966</ns3:speed>
						<ns3:cad>82.0</ns3:cad>
						<ns3:hr>167</ns3:hr>
					</ns3:TrackPointExtension>
				</extensions>
			</trkpt>
			<trkpt lat="-31.42571117" lon="-68.66721961">
				<ele>860.0</ele>
				<time>2025-06-07T20:01:45Z</time>
				<extensions>
					<ns3:TrackPointExtension>
						<ns3:speed>2.5839794</ns3:speed>
						<ns3:cad>82.0</ns3:cad>
						<ns3:hr>166</ns3:hr>
					</ns3:TrackPointExtension>
				</extensions>
			</trkpt>
			<trkpt lat="-31.4257765" lon="-68.66718928">
				<ele>860.0</ele>
				<time>2025-06-07T20:01:48Z</time>
				<extensions>
					<ns3:TrackPointExtension>
						<ns3:speed>2.5773196</ns3:speed>
						<ns3:cad>82.0</ns3:cad>
						<ns3:hr>165</ns3:hr>
					</ns3:TrackPointExtension>
				</extensions>
			</trkpt>
			<trkpt lat="-31.4258405" lon="-68.66715562">
				<ele>861.0</ele>
				<time>2025-06-07T20:01:51Z</time>
				<extensions>
					<ns3:TrackPointExtension>
						<ns3:speed>2.5773196</ns3:speed>
						<ns3:cad>82.0</ns3:cad>
						<ns3:hr>163</ns3:hr>
					</ns3:TrackPointExtension>
				</extensions>
			</trkpt>
			<trkpt lat="-31.42590416" lon="-68.66712629">
				<ele>861.0</ele>
				<time>2025-06-07T20:01:54Z</time>
				<extensions>
					<ns3:TrackPointExtension>
						<ns3:speed>2.5773196</ns3:speed>
						<ns3:cad>82.0</ns3:cad>
						<ns3:hr>163</ns3:hr>
					</ns3:TrackPointExtension>
				</extensions>
			</trkpt>
			<trkpt lat="-31.42596749" lon="-68.66709596">
				<ele>861.0</ele>
				<time>2025-06-07T20:01:57Z</time>
				<extensions>
					<ns3:TrackPointExtension>
						<ns3:speed>2.5773196</ns3:speed>
						<ns3:cad>82.0</ns3:cad>
						<ns3:hr>161</ns3:hr>
					</ns3:TrackPointExtension>
				</extensions>
			</trkpt>
			<trkpt lat="-31.42603049" lon="-68.66706563">
				<ele>861.0</ele>
				<time>2025-06-07T20:02:00Z</time>
				<extensions>
					<ns3:TrackPointExtension>
						<ns3:speed>2.5641026</ns3:speed>
						<ns3:cad>82.0</ns3:cad>
						<ns3:hr>163</ns3:hr>
					</ns3:TrackPointExtension>
				</extensions>
			</trkpt>
			<trkpt lat="-31.42607282" lon="-68.66704563">
				<ele>861.0</ele>
				<time>2025-06-07T20:02:02Z</time>
				<extensions>
					<ns3:TrackPointExtension>
						<ns3:speed>2.5445292</ns3:speed>
						<ns3:cad>82.0</ns3:cad>
						<ns3:hr>163</ns3:hr>
					</ns3:TrackPointExtension>
				</extensions>
			</trkpt>
			<trkpt lat="-31.42613382" lon="-68.66701597">
				<ele>861.0</ele>
				<time>2025-06-07T20:02:05Z</time>
				<extensions>
					<ns3:TrackPointExtension>
						<ns3:speed>2.5125628</ns3:speed>
						<ns3:cad>82.0</ns3:cad>
						<ns3:hr>163</ns3:hr>
					</ns3:TrackPointExtension>
				</extensions>
			</trkpt>
			<trkpt lat="-31.42619348" lon="-68.66698097">
				<ele>861.0</ele>
				<time>2025-06-07T20:02:08Z</time>
				<extensions>
					<ns3:TrackPointExtension>
						<ns3:speed>2.5</ns3:speed>
						<ns3:cad>82.0</ns3:cad>
						<ns3:hr>163</ns3:hr>
					</ns3:TrackPointExtension>
				</extensions>
			</trkpt>
			<trkpt lat="-31.42625248" lon="-68.66694364">
				<ele>861.0</ele>
				<time>2025-06-07T20:02:11Z</time>
				<extensions>
					<ns3:TrackPointExtension>
						<ns3:speed>2.4875622</ns3:speed>
						<ns3:cad>82.0</ns3:cad>
						<ns3:hr>163</ns3:hr>
					</ns3:TrackPointExtension>
				</extensions>
			</trkpt>
			<trkpt lat="-31.42631181" lon="-68.66690331">
				<ele>861.0</ele>
				<time>2025-06-07T20:02:14Z</time>
				<extensions>
					<ns3:TrackPointExtension>
						<ns3:speed>2.4813895</ns3:speed>
						<ns3:cad>82.0</ns3:cad>
						<ns3:hr>164</ns3:hr>
					</ns3:TrackPointExtension>
				</extensions>
			</trkpt>
			<trkpt lat="-31.42637381" lon="-68.66686731">
				<ele>861.0</ele>
				<time>2025-06-07T20:02:17Z</time>
				<extensions>
					<ns3:TrackPointExtension>
						<ns3:speed>2.5</ns3:speed>
						<ns3:cad>82.0</ns3:cad>
						<ns3:hr>163</ns3:hr>
					</ns3:TrackPointExtension>
				</extensions>
			</trkpt>
			<trkpt lat="-31.42643514" lon="-68.66683431">
				<ele>861.0</ele>
				<time>2025-06-07T20:02:20Z</time>
				<extensions>
					<ns3:TrackPointExtension>
						<ns3:speed>2.5125628</ns3:speed>
						<ns3:cad>82.0</ns3:cad>
						<ns3:hr>164</ns3:hr>
					</ns3:TrackPointExtension>
				</extensions>
			</trkpt>
			<trkpt lat="-31.4264998" lon="-68.66681231">
				<ele>861.0</ele>
				<time>2025-06-07T20:02:23Z</time>
				<extensions>
					<ns3:TrackPointExtension>
						<ns3:speed>2.5125628</ns3:speed>
						<ns3:cad>82.0</ns3:cad>
						<ns3:hr>163</ns3:hr>
					</ns3:TrackPointExtension>
				</extensions>
			</trkpt>
			<trkpt lat="-31.42656646" lon="-68.66678931">
				<ele>861.0</ele>
				<time>2025-06-07T20:02:26Z</time>
				<extensions>
					<ns3:TrackPointExtension>
						<ns3:speed>2.5125628</ns3:speed>
						<ns3:cad>82.0</ns3:cad>
						<ns3:hr>163</ns3:hr>
					</ns3:TrackPointExtension>
				</extensions>
			</trkpt>
			<trkpt lat="-31.42663146" lon="-68.66676998">
				<ele>861.0</ele>
				<time>2025-06-07T20:02:29Z</time>
				<extensions>
					<ns3:TrackPointExtension>
						<ns3:speed>2.5188916</ns3:speed>
						<ns3:cad>82.0</ns3:cad>
						<ns3:hr>164</ns3:hr>
					</ns3:TrackPointExtension>
				</extensions>
			</trkpt>
			<trkpt lat="-31.42670012" lon="-68.66675598">
				<ele>861.0</ele>
				<time>2025-06-07T20:02:32Z</time>
				<extensions>
					<ns3:TrackPointExtension>
						<ns3:speed>2.5125628</ns3:speed>
						<ns3:cad>82.0</ns3:cad>
						<ns3:hr>163</ns3:hr>
					</ns3:TrackPointExtension>
				</extensions>
			</trkpt>
			<trkpt lat="-31.42676778" lon="-68.66674232">
				<ele>861.0</ele>
				<time>2025-06-07T20:02:35Z</time>
				<extensions>
					<ns3:TrackPointExtension>
						<ns3:speed>2.5188916</ns3:speed>
						<ns3:cad>82.0</ns3:cad>
						<ns3:hr>163</ns3:hr>
					</ns3:TrackPointExtension>
				</extensions>
			</trkpt>
			<trkpt lat="-31.42681578" lon="-68.66673632">
				<ele>860.0</ele>
				<time>2025-06-07T20:02:37Z</time>
				<extensions>
					<ns3:TrackPointExtension>
						<ns3:speed>2.5316455</ns3:speed>
						<ns3:cad>82.0</ns3:cad>
						<ns3:hr>163</ns3:hr>
					</ns3:TrackPointExtension>
				</extensions>
			</trkpt>
			<trkpt lat="-31.42688511" lon="-68.66673332">
				<ele>860.0</ele>
				<time>2025-06-07T20:02:40Z</time>
				<extensions>
					<ns3:TrackPointExtension>
						<ns3:speed>2.5316455</ns3:speed>
						<ns3:cad>82.0</ns3:cad>
						<ns3:hr>164</ns3:hr>
					</ns3:TrackPointExtension>
				</extensions>
			</trkpt>
			<trkpt lat="-31.42695411" lon="-68.66672932">
				<ele>859.0</ele>
				<time>2025-06-07T20:02:43Z</time>
				<extensions>
					<ns3:TrackPointExtension>
						<ns3:speed>2.5445292</ns3:speed>
						<ns3:cad>82.0</ns3:cad>
						<ns3:hr>165</ns3:hr>
					</ns3:TrackPointExtension>
				</extensions>
			</trkpt>
			<trkpt lat="-31.42702711" lon="-68.66673265">
				<ele>859.0</ele>
				<time>2025-06-07T20:02:46Z</time>
				<extensions>
					<ns3:TrackPointExtension>
						<ns3:speed>2.5510204</ns3:speed>
						<ns3:cad>82.0</ns3:cad>
						<ns3:hr>166</ns3:hr>
					</ns3:TrackPointExtension>
				</extensions>
			</trkpt>
			<trkpt lat="-31.42709844" lon="-68.66672932">
				<ele>859.0</ele>
				<time>2025-06-07T20:02:49Z</time>
				<extensions>
					<ns3:TrackPointExtension>
						<ns3:speed>2.5641026</ns3:speed>
						<ns3:cad>82.0</ns3:cad>
						<ns3:hr>166</ns3:hr>
					</ns3:TrackPointExtension>
				</extensions>
			</trkpt>
			<trkpt lat="-31.42716744" lon="-68.66672566">
				<ele>859.0</ele>
				<time>2025-06-07T20:02:52Z</time>
				<extensions>
					<ns3:TrackPointExtension>
						<ns3:speed>2.5641026</ns3:speed>
						<ns3:cad>82.0</ns3:cad>
						<ns3:hr>166</ns3:hr>
					</ns3:TrackPointExtension>
				</extensions>
			</trkpt>
			<trkpt lat="-31.42723677" lon="-68.66673432">
				<ele>859.0</ele>
				<time>2025-06-07T20:02:55Z</time>
				<extensions>
					<ns3:TrackPointExtension>
						<ns3:speed>2.5641026</ns3:speed>
						<ns3:cad>82.0</ns3:cad>
						<ns3:hr>167</ns3:hr>
					</ns3:TrackPointExtension>
				</extensions>
			</trkpt>
			<trkpt lat="-31.4273041" lon="-68.66674898">
				<ele>859.0</ele>
				<time>2025-06-07T20:02:58Z</time>
				<extensions>
					<ns3:TrackPointExtension>
						<ns3:speed>2.5641026</ns3:speed>
						<ns3:cad>82.0</ns3:cad>
						<ns3:hr>167</ns3:hr>
					</ns3:TrackPointExtension>
				</extensions>
			</trkpt>
			<trkpt lat="-31.42736876" lon="-68.66676431">
				<ele>858.0</ele>
				<time>2025-06-07T20:03:01Z</time>
				<extensions>
					<ns3:TrackPointExtension>
						<ns3:speed>2.5641026</ns3:speed>
						<ns3:cad>82.0</ns3:cad>
						<ns3:hr>166</ns3:hr>
					</ns3:TrackPointExtension>
				</extensions>
			</trkpt>
			<trkpt lat="-31.42743642" lon="-68.66677831">
				<ele>858.0</ele>
				<time>2025-06-07T20:03:04Z</time>
				<extensions>
					<ns3:TrackPointExtension>
						<ns3:speed>2.5641026</ns3:speed>
						<ns3:cad>82.0</ns3:cad>
						<ns3:hr>166</ns3:hr>
					</ns3:TrackPointExtension>
				</extensions>
			</trkpt>
			<trkpt lat="-31.42750175" lon="-68.66679531">
				<ele>858.0</ele>
				<time>2025-06-07T20:03:07Z</time>
				<extensions>
					<ns3:TrackPointExtension>
						<ns3:speed>2.5510204</ns3:speed>
						<ns3:cad>82.0</ns3:cad>
						<ns3:hr>165</ns3:hr>
					</ns3:TrackPointExtension>
				</extensions>
			</trkpt>
			<trkpt lat="-31.42757075" lon="-68.66681864">
				<ele>857.0</ele>
				<time>2025-06-07T20:03:10Z</time>
				<extensions>
					<ns3:TrackPointExtension>
						<ns3:speed>2.5510204</ns3:speed>
						<ns3:cad>82.0</ns3:cad>
						<ns3:hr>165</ns3:hr>
					</ns3:TrackPointExtension>
				</extensions>
			</trkpt>
			<trkpt lat="-31.42761575" lon="-68.6668403">
				<ele>857.0</ele>
				<time>2025-06-07T20:03:12Z</time>
				<extensions>
					<ns3:TrackPointExtension>
						<ns3:speed>2.5510204</ns3:speed>
						<ns3:cad>82.0</ns3:cad>
						<ns3:hr>165</ns3:hr>
					</ns3:TrackPointExtension>
				</extensions>
			</trkpt>
			<trkpt lat="-31.42768041" lon="-68.66687596">
				<ele>857.0</ele>
				<time>2025-06-07T20:03:15Z</time>
				<extensions>
					<ns3:TrackPointExtension>
						<ns3:speed>2.5641026</ns3:speed>
						<ns3:cad>82.0</ns3:cad>
						<ns3:hr>165</ns3:hr>
					</ns3:TrackPointExtension>
				</extensions>
			</trkpt>
			<trkpt lat="-31.42774174" lon="-68.66690662">
				<ele>857.0</ele>
				<time>2025-06-07T20:03:18Z</time>
				<extensions>
					<ns3:TrackPointExtension>
						<ns3:speed>2.5641026</ns3:speed>
						<ns3:cad>82.0</ns3:cad>
						<ns3:hr>165</ns3:hr>
					</ns3:TrackPointExtension>
				</extensions>
			</trkpt>
			<trkpt lat="-31.4277874" lon="-68.66692795">
				<ele>856.0</ele>
				<time>2025-06-07T20:03:20Z</time>
				<extensions>
					<ns3:TrackPointExtension>
						<ns3:speed>2.5641026</ns3:speed>
						<ns3:cad>82.0</ns3:cad>
						<ns3:hr>166</ns3:hr>
					</ns3:TrackPointExtension>
				</extensions>
			</trkpt>
			<trkpt lat="-31.42785373" lon="-68.66695928">
				<ele>856.0</ele>
				<time>2025-06-07T20:03:23Z</time>
				<extensions>
					<ns3:TrackPointExtension>
						<ns3:speed>2.5641026</ns3:speed>
						<ns3:cad>82.0</ns3:cad>
						<ns3:hr>166</ns3:hr>
					</ns3:TrackPointExtension>
				</extensions>
			</trkpt>
			<trkpt lat="-31.42789539" lon="-68.66698461">
				<ele>856.0</ele>
				<time>2025-06-07T20:03:25Z</time>
				<extensions>
					<ns3:TrackPointExtension>
						<ns3:speed>2.5773196</ns3:speed>
						<ns3:cad>82.0</ns3:cad>
						<ns3:hr>166</ns3:hr>
					</ns3:TrackPointExtension>
				</extensions>
			</trkpt>
			<trkpt lat="-31.42795572" lon="-68.66702894">
				<ele>856.0</ele>
				<time>2025-06-07T20:03:28Z</time>
				<extensions>
					<ns3:TrackPointExtension>
						<ns3:speed>2.5839794</ns3:speed>
						<ns3:cad>82.0</ns3:cad>
						<ns3:hr>165</ns3:hr>
					</ns3:TrackPointExtension>
				</extensions>
			</trkpt>
			<trkpt lat="-31.42801072" lon="-68.66707294">
				<ele>855.0</ele>
				<time>2025-06-07T20:03:31Z</time>
				<extensions>
					<ns3:TrackPointExtension>
						<ns3:speed>2.5839794</ns3:speed>
						<ns3:cad>82.0</ns3:cad>
						<ns3:hr>166</ns3:hr>
					</ns3:TrackPointExtension>
				</extensions>
			</trkpt>
			<trkpt lat="-31.42806905" lon="-68.66711927">
				<ele>855.0</ele>
				<time>2025-06-07T20:03:34Z</time>
				<extensions>
					<ns3:TrackPointExtension>
						<ns3:speed>2.5773196</ns3:speed>
						<ns3:cad>82.0</ns3:cad>
						<ns3:hr>167</ns3:hr>
					</ns3:TrackPointExtension>
				</extensions>
			</trkpt>
			<trkpt lat="-31.42812371" lon="-68.66716727">
				<ele>855.0</ele>
				<time>2025-06-07T20:03:37Z</time>
				<extensions>
					<ns3:TrackPointExtension>
						<ns3:speed>2.5773196</ns3:speed>
						<ns3:cad>82.0</ns3:cad>
						<ns3:hr>166</ns3:hr>
					</ns3:TrackPointExtension>
				</extensions>
			</trkpt>
			<trkpt lat="-31.42818004" lon="-68.66721093">
				<ele>855.0</ele>
				<time>2025-06-07T20:03:40Z</time>
				<extensions>
					<ns3:TrackPointExtension>
						<ns3:speed>2.5641026</ns3:speed>
						<ns3:cad>82.0</ns3:cad>
						<ns3:hr>166</ns3:hr>
					</ns3:TrackPointExtension>
				</extensions>
			</trkpt>
			<trkpt lat="-31.42824137" lon="-68.66725159">
				<ele>854.0</ele>
				<time>2025-06-07T20:03:43Z</time>
				<extensions>
					<ns3:TrackPointExtension>
						<ns3:speed>2.5641026</ns3:speed>
						<ns3:cad>82.0</ns3:cad>
						<ns3:hr>165</ns3:hr>
					</ns3:TrackPointExtension>
				</extensions>
			</trkpt>
			<trkpt lat="-31.42830703" lon="-68.66730125">
				<ele>854.0</ele>
				<time>2025-06-07T20:03:46Z</time>
				<extensions>
					<ns3:TrackPointExtension>
						<ns3:speed>2.5641026</ns3:speed>
						<ns3:cad>82.0</ns3:cad>
						<ns3:hr>165</ns3:hr>
					</ns3:TrackPointExtension>
				</extensions>
			</trkpt>
			<trkpt lat="-31.42834803" lon="-68.66733025">
				<ele>854.0</ele>
				<time>2025-06-07T20:03:48Z</time>
				<extensions>
					<ns3:TrackPointExtension>
						<ns3:speed>2.631579</ns3:speed>
						<ns3:cad>82.0</ns3:cad>
						<ns3:hr>166</ns3:hr>
					</ns3:TrackPointExtension>
				</extensions>
			</trkpt>
			<trkpt lat="-31.42841969" lon="-68.66736091">
				<ele>853.0</ele>
				<time>2025-06-07T20:03:51Z</time>
				<extensions>
					<ns3:TrackPointExtension>
						<ns3:speed>2.7548208</ns3:speed>
						<ns3:cad>82.0</ns3:cad>
						<ns3:hr>166</ns3:hr>
					</ns3:TrackPointExtension>
				</extensions>
			</trkpt>
			<trkpt lat="-31.42846535" lon="-68.66737457">
				<ele>853.0</ele>
				<time>2025-06-07T20:03:53Z</time>
				<extensions>
					<ns3:TrackPointExtension>
						<ns3:speed>2.739726</ns3:speed>
						<ns3:cad>82.0</ns3:cad>
						<ns3:hr>166</ns3:hr>
					</ns3:TrackPointExtension>
				</extensions>
			</trkpt>
			<trkpt lat="-31.42855835" lon="-68.66738257">
				<ele>852.0</ele>
				<time>2025-06-07T20:03:57Z</time>
				<extensions>
					<ns3:TrackPointExtension>
						<ns3:speed>2.7247956</ns3:speed>
						<ns3:cad>82.0</ns3:cad>
						<ns3:hr>166</ns3:hr>
					</ns3:TrackPointExtension>
				</extensions>
			</trkpt>
			<trkpt lat="-31.42861001" lon="-68.66736991">
				<ele>852.0</ele>
				<time>2025-06-07T20:03:59Z</time>
				<extensions>
					<ns3:TrackPointExtension>
						<ns3:speed>2.739726</ns3:speed>
						<ns3:cad>82.0</ns3:cad>
						<ns3:hr>166</ns3:hr>
					</ns3:TrackPointExtension>
				</extensions>
			</trkpt>
			<trkpt lat="-31.42868434" lon="-68.66734991">
				<ele>852.0</ele>
				<time>2025-06-07T20:04:02Z</time>
				<extensions>
					<ns3:TrackPointExtension>
						<ns3:speed>2.739726</ns3:speed>
						<ns3:cad>82.0</ns3:cad>
						<ns3:hr>163</ns3:hr>
					</ns3:TrackPointExtension>
				</extensions>
			</trkpt>
			<trkpt lat="-31.42873234" lon="-68.66734458">
				<ele>852.0</ele>
				<time>2025-06-07T20:04:04Z</time>
				<extensions>
					<ns3:TrackPointExtension>
						<ns3:speed>2.739726</ns3:speed>
						<ns3:cad>82.0</ns3:cad>
						<ns3:hr>161</ns3:hr>
					</ns3:TrackPointExtension>
				</extensions>
			</trkpt>
			<trkpt lat="-31.42879734" lon="-68.66735091">
				<ele>852.0</ele>
				<time>2025-06-07T20:04:07Z</time>
				<extensions>
					<ns3:TrackPointExtension>
						<ns3:speed>2.7247956</ns3:speed>
						<ns3:cad>82.0</ns3:cad>
						<ns3:hr>161</ns3:hr>
					</ns3:TrackPointExtension>
				</extensions>
			</trkpt>
			<trkpt lat="-31.428869" lon="-68.66737191">
				<ele>852.0</ele>
				<time>2025-06-07T20:04:10Z</time>
				<extensions>
					<ns3:TrackPointExtension>
						<ns3:speed>2.7027028</ns3:speed>
						<ns3:cad>82.0</ns3:cad>
						<ns3:hr>161</ns3:hr>
					</ns3:TrackPointExtension>
				</extensions>
			</trkpt>
			<trkpt lat="-31.42894033" lon="-68.66738991">
				<ele>852.0</ele>
				<time>2025-06-07T20:04:13Z</time>
				<extensions>
					<ns3:TrackPointExtension>
						<ns3:speed>2.7027028</ns3:speed>
						<ns3:cad>82.0</ns3:cad>
						<ns3:hr>163</ns3:hr>
					</ns3:TrackPointExtension>
				</extensions>
			</trkpt>
			<trkpt lat="-31.42899266" lon="-68.66739724">
				<ele>852.0</ele>
				<time>2025-06-07T20:04:15Z</time>
				<extensions>
					<ns3:TrackPointExtension>
						<ns3:speed>2.7027028</ns3:speed>
						<ns3:cad>82.0</ns3:cad>
						<ns3:hr>163</ns3:hr>
					</ns3:TrackPointExtension>
				</extensions>
			</trkpt>
			<trkpt lat="-31.42906666" lon="-68.66740057">
				<ele>851.0</ele>
				<time>2025-06-07T20:04:18Z</time>
				<extensions>
					<ns3:TrackPointExtension>
						<ns3:speed>2.7173913</ns3:speed>
						<ns3:cad>82.0</ns3:cad>
						<ns3:hr>163</ns3:hr>
					</ns3:TrackPointExtension>
				</extensions>
			</trkpt>
			<trkpt lat="-31.42913632" lon="-68.66739391">
				<ele>851.0</ele>
				<time>2025-06-07T20:04:21Z</time>
				<extensions>
					<ns3:TrackPointExtension>
						<ns3:speed>2.7247956</ns3:speed>
						<ns3:cad>82.0</ns3:cad>
						<ns3:hr>164</ns3:hr>
					</ns3:TrackPointExtension>
				</extensions>
			</trkpt>
			<trkpt lat="-31.42921265" lon="-68.66738358">
				<ele>851.0</ele>
				<time>2025-06-07T20:04:24Z</time>
				<extensions>
					<ns3:TrackPointExtension>
						<ns3:speed>2.7027028</ns3:speed>
						<ns3:cad>82.0</ns3:cad>
						<ns3:hr>163</ns3:hr>
					</ns3:TrackPointExtension>
				</extensions>
			</trkpt>
			<trkpt lat="-31.42925965" lon="-68.66739058">
				<ele>851.0</ele>
				<time>2025-06-07T20:04:26Z</time>
				<extensions>
					<ns3:TrackPointExtension>
						<ns3:speed>2.7173913</ns3:speed>
						<ns3:cad>82.0</ns3:cad>
						<ns3:hr>163</ns3:hr>
					</ns3:TrackPointExtension>
				</extensions>
			</trkpt>
			<trkpt lat="-31.42930931" lon="-68.66743158">
				<ele>850.0</ele>
				<time>2025-06-07T20:04:29Z</time>
				<extensions>
					<ns3:TrackPointExtension>
						<ns3:speed>2.688172</ns3:speed>
						<ns3:cad>82.0</ns3:cad>
						<ns3:hr>164</ns3:hr>
					</ns3:TrackPointExtension>
				</extensions>
			</trkpt>
			<trkpt lat="-31.42934731" lon="-68.66749391">
				<ele>850.0</ele>
				<time>2025-06-07T20:04:32Z</time>
				<extensions>
					<ns3:TrackPointExtension>
						<ns3:speed>2.5974026</ns3:speed>
						<ns3:cad>82.0</ns3:cad>
						<ns3:hr>165</ns3:hr>
					</ns3:TrackPointExtension>
				</extensions>
			</trkpt>
			<trkpt lat="-31.42939231" lon="-68.66754591">
				<ele>850.0</ele>
				<time>2025-06-07T20:04:35Z</time>
				<extensions>
					<ns3:TrackPointExtension>
						<ns3:speed>2.5641026</ns3:speed>
						<ns3:cad>82.0</ns3:cad>
						<ns3:hr>165</ns3:hr>
					</ns3:TrackPointExtension>
				</extensions>
			</trkpt>
			<trkpt lat="-31.42944397" lon="-68.66756291">
				<ele>850.0</ele>
				<time>2025-06-07T20:04:38Z</time>
				<extensions>
					<ns3:TrackPointExtension>
						<ns3:speed>2.5188916</ns3:speed>
						<ns3:cad>82.0</ns3:cad>
						<ns3:hr>165</ns3:hr>
					</ns3:TrackPointExtension>
				</extensions>
			</trkpt>
			<trkpt lat="-31.42949263" lon="-68.66753658">
				<ele>850.0</ele>
				<time>2025-06-07T20:04:41Z</time>
				<extensions>
					<ns3:TrackPointExtension>
						<ns3:speed>2.4390244</ns3:speed>
						<ns3:cad>82.0</ns3:cad>
						<ns3:hr>167</ns3:hr>
					</ns3:TrackPointExtension>
				</extensions>
			</trkpt>
			<trkpt lat="-31.42953296" lon="-68.66748892">
				<ele>851.0</ele>
				<time>2025-06-07T20:04:44Z</time>
				<extensions>
					<ns3:TrackPointExtension>
						<ns3:speed>2.3809524</ns3:speed>
						<ns3:cad>83.0</ns3:cad>
						<ns3:hr>168</ns3:hr>
					</ns3:TrackPointExtension>
				</extensions>
			</trkpt>
			<trkpt lat="-31.42957229" lon="-68.66743659">
				<ele>851.0</ele>
				<time>2025-06-07T20:04:47Z</time>
				<extensions>
					<ns3:TrackPointExtension>
						<ns3:speed>2.3529413</ns3:speed>
						<ns3:cad>83.0</ns3:cad>
						<ns3:hr>169</ns3:hr>
					</ns3:TrackPointExtension>
				</extensions>
			</trkpt>
			<trkpt lat="-31.42960362" lon="-68.66737659">
				<ele>851.0</ele>
				<time>2025-06-07T20:04:50Z</time>
				<extensions>
					<ns3:TrackPointExtension>
						<ns3:speed>2.3255813</ns3:speed>
						<ns3:cad>83.0</ns3:cad>
						<ns3:hr>171</ns3:hr>
					</ns3:TrackPointExtension>
				</extensions>
			</trkpt>
			<trkpt lat="-31.42964262" lon="-68.66731793">
				<ele>851.0</ele>
				<time>2025-06-07T20:04:53Z</time>
				<extensions>
					<ns3:TrackPointExtension>
						<ns3:speed>2.3148148</ns3:speed>
						<ns3:cad>83.0</ns3:cad>
						<ns3:hr>174</ns3:hr>
					</ns3:TrackPointExtension>
				</extensions>
			</trkpt>
			<trkpt lat="-31.42968262" lon="-68.6672606">
				<ele>851.0</ele>
				<time>2025-06-07T20:04:56Z</time>
				<extensions>
					<ns3:TrackPointExtension>
						<ns3:speed>2.3255813</ns3:speed>
						<ns3:cad>83.0</ns3:cad>
						<ns3:hr>174</ns3:hr>
					</ns3:TrackPointExtension>
				</extensions>
			</trkpt>
			<trkpt lat="-31.42971762" lon="-68.66720127">
				<ele>851.0</ele>
				<time>2025-06-07T20:04:59Z</time>
				<extensions>
					<ns3:TrackPointExtension>
						<ns3:speed>2.3255813</ns3:speed>
						<ns3:cad>83.0</ns3:cad>
						<ns3:hr>176</ns3:hr>
					</ns3:TrackPointExtension>
				</extensions>
			</trkpt>
			<trkpt lat="-31.42974862" lon="-68.66714227">
				<ele>851.0</ele>
				<time>2025-06-07T20:05:02Z</time>
				<extensions>
					<ns3:TrackPointExtension>
						<ns3:speed>2.3148148</ns3:speed>
						<ns3:cad>83.0</ns3:cad>
						<ns3:hr>176</ns3:hr>
					</ns3:TrackPointExtension>
				</extensions>
			</trkpt>
			<trkpt lat="-31.42978262" lon="-68.66708194">
				<ele>851.0</ele>
				<time>2025-06-07T20:05:05Z</time>
				<extensions>
					<ns3:TrackPointExtension>
						<ns3:speed>2.2988505</ns3:speed>
						<ns3:cad>83.0</ns3:cad>
						<ns3:hr>176</ns3:hr>
					</ns3:TrackPointExtension>
				</extensions>
			</trkpt>
			<trkpt lat="-31.42982462" lon="-68.66702761">
				<ele>851.0</ele>
				<time>2025-06-07T20:05:08Z</time>
				<extensions>
					<ns3:TrackPointExtension>
						<ns3:speed>2.2988505</ns3:speed>
						<ns3:cad>83.0</ns3:cad>
						<ns3:hr>176</ns3:hr>
					</ns3:TrackPointExtension>
				</extensions>
			</trkpt>
			<trkpt lat="-31.42986328" lon="-68.66697361">
				<ele>851.0</ele>
				<time>2025-06-07T20:05:11Z</time>
				<extensions>
					<ns3:TrackPointExtension>
						<ns3:speed>2.2988505</ns3:speed>
						<ns3:cad>83.0</ns3:cad>
						<ns3:hr>174</ns3:hr>
					</ns3:TrackPointExtension>
				</extensions>
			</trkpt>
			<trkpt lat="-31.42990428" lon="-68.66691361">
				<ele>851.0</ele>
				<time>2025-06-07T20:05:14Z</time>
				<extensions>
					<ns3:TrackPointExtension>
						<ns3:speed>2.2988505</ns3:speed>
						<ns3:cad>83.0</ns3:cad>
						<ns3:hr>174</ns3:hr>
					</ns3:TrackPointExtension>
				</extensions>
			</trkpt>
			<trkpt lat="-31.42993661" lon="-68.66685395">
				<ele>851.0</ele>
				<time>2025-06-07T20:05:17Z</time>
				<extensions>
					<ns3:TrackPointExtension>
						<ns3:speed>2.2988505</ns3:speed>
						<ns3:cad>83.0</ns3:cad>
						<ns3:hr>174</ns3:hr>
					</ns3:TrackPointExtension>
				</extensions>
			</trkpt>
			<trkpt lat="-31.42997094" lon="-68.66678862">
				<ele>851.0</ele>
				<time>2025-06-07T20:05:20Z</time>
				<extensions>
					<ns3:TrackPointExtension>
						<ns3:speed>2.2988505</ns3:speed>
						<ns3:cad>83.0</ns3:cad>
						<ns3:hr>175</ns3:hr>
					</ns3:TrackPointExtension>
				</extensions>
			</trkpt>
			<trkpt lat="-31.43000827" lon="-68.66672629">
				<ele>851.0</ele>
				<time>2025-06-07T20:05:23Z</time>
				<extensions>
					<ns3:TrackPointExtension>
						<ns3:speed>2.3148148</ns3:speed>
						<ns3:cad>83.0</ns3:cad>
						<ns3:hr>177</ns3:hr>
					</ns3:TrackPointExtension>
				</extensions>
			</trkpt>
			<trkpt lat="-31.43004693" lon="-68.66666863">
				<ele>851.0</ele>
				<time>2025-06-07T20:05:26Z</time>
				<extensions>
					<ns3:TrackPointExtension>
						<ns3:speed>2.3255813</ns3:speed>
						<ns3:cad>83.0</ns3:cad>
						<ns3:hr>178</ns3:hr>
					</ns3:TrackPointExtension>
				</extensions>
			</trkpt>
			<trkpt lat="-31.43008626" lon="-68.6666113">
				<ele>851.0</ele>
				<time>2025-06-07T20:05:29Z</time>
				<extensions>
					<ns3:TrackPointExtension>
						<ns3:speed>2.3255813</ns3:speed>
						<ns3:cad>83.0</ns3:cad>
						<ns3:hr>179</ns3:hr>
					</ns3:TrackPointExtension>
				</extensions>
			</trkpt>
			<trkpt lat="-31.43012492" lon="-68.66655297">
				<ele>851.0</ele>
				<time>2025-06-07T20:05:32Z</time>
				<extensions>
					<ns3:TrackPointExtension>
						<ns3:speed>2.3255813</ns3:speed>
						<ns3:cad>83.0</ns3:cad>
						<ns3:hr>179</ns3:hr>
					</ns3:TrackPointExtension>
				</extensions>
			</trkpt>
			<trkpt lat="-31.43016692" lon="-68.66649131">
				<ele>851.0</ele>
				<time>2025-06-07T20:05:35Z</time>
				<extensions>
					<ns3:TrackPointExtension>
						<ns3:speed>2.3255813</ns3:speed>
						<ns3:cad>83.0</ns3:cad>
						<ns3:hr>178</ns3:hr>
					</ns3:TrackPointExtension>
				</extensions>
			</trkpt>
			<trkpt lat="-31.43019458" lon="-68.66645398">
				<ele>851.0</ele>
				<time>2025-06-07T20:05:37Z</time>
				<extensions>
					<ns3:TrackPointExtension>
						<ns3:speed>2.3255813</ns3:speed>
						<ns3:cad>83.0</ns3:cad>
						<ns3:hr>179</ns3:hr>
					</ns3:TrackPointExtension>
				</extensions>
			</trkpt>
			<trkpt lat="-31.43023591" lon="-68.66639832">
				<ele>851.0</ele>
				<time>2025-06-07T20:05:40Z</time>
				<extensions>
					<ns3:TrackPointExtension>
						<ns3:speed>2.3364487</ns3:speed>
						<ns3:cad>83.0</ns3:cad>
						<ns3:hr>181</ns3:hr>
					</ns3:TrackPointExtension>
				</extensions>
			</trkpt>
			<trkpt lat="-31.43027291" lon="-68.66634299">
				<ele>851.0</ele>
				<time>2025-06-07T20:05:43Z</time>
				<extensions>
					<ns3:TrackPointExtension>
						<ns3:speed>2.3255813</ns3:speed>
						<ns3:cad>83.0</ns3:cad>
						<ns3:hr>180</ns3:hr>
					</ns3:TrackPointExtension>
				</extensions>
			</trkpt>
			<trkpt lat="-31.43030491" lon="-68.66628633">
				<ele>851.0</ele>
				<time>2025-06-07T20:05:46Z</time>
				<extensions>
					<ns3:TrackPointExtension>
						<ns3:speed>2.3255813</ns3:speed>
						<ns3:cad>83.0</ns3:cad>
						<ns3:hr>177</ns3:hr>
					</ns3:TrackPointExtension>
				</extensions>
			</trkpt>
			<trkpt lat="-31.43034424" lon="-68.66623033">
				<ele>851.0</ele>
				<time>2025-06-07T20:05:49Z</time>
				<extensions>
					<ns3:TrackPointExtension>
						<ns3:speed>2.3094687</ns3:speed>
						<ns3:cad>83.0</ns3:cad>
						<ns3:hr>177</ns3:hr>
					</ns3:TrackPointExtension>
				</extensions>
			</trkpt>
			<trkpt lat="-31.4303899" lon="-68.66617433">
				<ele>851.0</ele>
				<time>2025-06-07T20:05:52Z</time>
				<extensions>
					<ns3:TrackPointExtension>
						<ns3:speed>2.3094687</ns3:speed>
						<ns3:cad>83.0</ns3:cad>
						<ns3:hr>177</ns3:hr>
					</ns3:TrackPointExtension>
				</extensions>
			</trkpt>
			<trkpt lat="-31.43043123" lon="-68.66612233">
				<ele>851.0</ele>
				<time>2025-06-07T20:05:55Z</time>
				<extensions>
					<ns3:TrackPointExtension>
						<ns3:speed>2.3148148</ns3:speed>
						<ns3:cad>83.0</ns3:cad>
						<ns3:hr>177</ns3:hr>
					</ns3:TrackPointExtension>
				</extensions>
			</trkpt>
			<trkpt lat="-31.43046956" lon="-68.666068">
				<ele>851.0</ele>
				<time>2025-06-07T20:05:58Z</time>
				<extensions>
					<ns3:TrackPointExtension>
						<ns3:speed>2.3094687</ns3:speed>
						<ns3:cad>83.0</ns3:cad>
						<ns3:hr>179</ns3:hr>
					</ns3:TrackPointExtension>
				</extensions>
			</trkpt>
			<trkpt lat="-31.43052522" lon="-68.66599734">
				<ele>851.0</ele>
				<time>2025-06-07T20:06:02Z</time>
				<extensions>
					<ns3:TrackPointExtension>
						<ns3:speed>2.2988505</ns3:speed>
						<ns3:cad>83.0</ns3:cad>
						<ns3:hr>178</ns3:hr>
					</ns3:TrackPointExtension>
				</extensions>
			</trkpt>
			<trkpt lat="-31.43056555" lon="-68.66594701">
				<ele>851.0</ele>
				<time>2025-06-07T20:06:05Z</time>
				<extensions>
					<ns3:TrackPointExtension>
						<ns3:speed>2.2988505</ns3:speed>
						<ns3:cad>83.0</ns3:cad>
						<ns3:hr>178</ns3:hr>
					</ns3:TrackPointExtension>
				</extensions>
			</trkpt>
			<trkpt lat="-31.43060421" lon="-68.66589135">
				<ele>851.0</ele>
				<time>2025-06-07T20:06:08Z</time>
				<extensions>
					<ns3:TrackPointExtension>
						<ns3:speed>2.2988505</ns3:speed>
						<ns3:cad>83.0</ns3:cad>
						<ns3:hr>179</ns3:hr>
					</ns3:TrackPointExtension>
				</extensions>
			</trkpt>
			<trkpt lat="-31.43064021" lon="-68.66583569">
				<ele>851.0</ele>
				<time>2025-06-07T20:06:11Z</time>
				<extensions>
					<ns3:TrackPointExtension>
						<ns3:speed>2.2883296</ns3:speed>
						<ns3:cad>83.0</ns3:cad>
						<ns3:hr>179</ns3:hr>
					</ns3:TrackPointExtension>
				</extensions>
			</trkpt>
			<trkpt lat="-31.43067521" lon="-68.66577703">
				<ele>851.0</ele>
				<time>2025-06-07T20:06:14Z</time>
				<extensions>
					<ns3:TrackPointExtension>
						<ns3:speed>2.2831051</ns3:speed>
						<ns3:cad>83.0</ns3:cad>
						<ns3:hr>180</ns3:hr>
					</ns3:TrackPointExtension>
				</extensions>
			</trkpt>
			<trkpt lat="-31.43071521" lon="-68.66572103">
				<ele>851.0</ele>
				<time>2025-06-07T20:06:17Z</time>
				<extensions>
					<ns3:TrackPointExtension>
						<ns3:speed>2.2831051</ns3:speed>
						<ns3:cad>83.0</ns3:cad>
						<ns3:hr>180</ns3:hr>
					</ns3:TrackPointExtension>
				</extensions>
			</trkpt>
			<trkpt lat="-31.43075354" lon="-68.6656687">
				<ele>851.0</ele>
				<time>2025-06-07T20:06:20Z</time>
				<extensions>
					<ns3:TrackPointExtension>
						<ns3:speed>2.2831051</ns3:speed>
						<ns3:cad>83.0</ns3:cad>
						<ns3:hr>181</ns3:hr>
					</ns3:TrackPointExtension>
				</extensions>
			</trkpt>
			<trkpt lat="-31.43078954" lon="-68.66561104">
				<ele>851.0</ele>
				<time>2025-06-07T20:06:23Z</time>
				<extensions>
					<ns3:TrackPointExtension>
						<ns3:speed>2.2727273</ns3:speed>
						<ns3:cad>83.0</ns3:cad>
						<ns3:hr>181</ns3:hr>
					</ns3:TrackPointExtension>
				</extensions>
			</trkpt>
			<trkpt lat="-31.43082154" lon="-68.66554704">
				<ele>851.0</ele>
				<time>2025-06-07T20:06:26Z</time>
				<extensions>
					<ns3:TrackPointExtension>
						<ns3:speed>2.2727273</ns3:speed>
						<ns3:cad>83.0</ns3:cad>
						<ns3:hr>178</ns3:hr>
					</ns3:TrackPointExtension>
				</extensions>
			</trkpt>
			<trkpt lat="-31.43085587" lon="-68.66549471">
				<ele>851.0</ele>
				<time>2025-06-07T20:06:29Z</time>
				<extensions>
					<ns3:TrackPointExtension>
						<ns3:speed>2.2727273</ns3:speed>
						<ns3:cad>83.0</ns3:cad>
						<ns3:hr>174</ns3:hr>
					</ns3:TrackPointExtension>
				</extensions>
			</trkpt>
			<trkpt lat="-31.43089187" lon="-68.66544271">
				<ele>851.0</ele>
				<time>2025-06-07T20:06:32Z</time>
				<extensions>
					<ns3:TrackPointExtension>
						<ns3:speed>2.2222223</ns3:speed>
						<ns3:cad>83.0</ns3:cad>
						<ns3:hr>173</ns3:hr>
					</ns3:TrackPointExtension>
				</extensions>
			</trkpt>
			<trkpt lat="-31.4309332" lon="-68.66539971">
				<ele>851.0</ele>
				<time>2025-06-07T20:06:35Z</time>
				<extensions>
					<ns3:TrackPointExtension>
						<ns3:speed>2.1505377</ns3:speed>
						<ns3:cad>83.0</ns3:cad>
						<ns3:hr>173</ns3:hr>
					</ns3:TrackPointExtension>
				</extensions>
			</trkpt>
			<trkpt lat="-31.43098453" lon="-68.66534238">
				<ele>851.0</ele>
				<time>2025-06-07T20:06:39Z</time>
				<extensions>
					<ns3:TrackPointExtension>
						<ns3:speed>2.0618556</ns3:speed>
						<ns3:cad>83.0</ns3:cad>
						<ns3:hr>172</ns3:hr>
					</ns3:TrackPointExtension>
				</extensions>
			</trkpt>
			<trkpt lat="-31.43102453" lon="-68.66529738">
				<ele>851.0</ele>
				<time>2025-06-07T20:06:42Z</time>
				<extensions>
					<ns3:TrackPointExtension>
						<ns3:speed>2.0408163</ns3:speed>
						<ns3:cad>83.0</ns3:cad>
						<ns3:hr>173</ns3:hr>
					</ns3:TrackPointExtension>
				</extensions>
			</trkpt>
			<trkpt lat="-31.43108953" lon="-68.66527972">
				<ele>851.0</ele>
				<time>2025-06-07T20:06:46Z</time>
				<extensions>
					<ns3:TrackPointExtension>
						<ns3:speed>2.008032</ns3:speed>
						<ns3:cad>83.0</ns3:cad>
						<ns3:hr>173</ns3:hr>
					</ns3:TrackPointExtension>
				</extensions>
			</trkpt>
			<trkpt lat="-31.43114353" lon="-68.66528672">
				<ele>851.0</ele>
				<time>2025-06-07T20:06:49Z</time>
				<extensions>
					<ns3:TrackPointExtension>
						<ns3:speed>1.980198</ns3:speed>
						<ns3:cad>82.0</ns3:cad>
						<ns3:hr>173</ns3:hr>
					</ns3:TrackPointExtension>
				</extensions>
			</trkpt>
			<trkpt lat="-31.43120253" lon="-68.66530738">
				<ele>851.0</ele>
				<time>2025-06-07T20:06:52Z</time>
				<extensions>
					<ns3:TrackPointExtension>
						<ns3:speed>2.0</ns3:speed>
						<ns3:cad>82.0</ns3:cad>
						<ns3:hr>173</ns3:hr>
					</ns3:TrackPointExtension>
				</extensions>
			</trkpt>
			<trkpt lat="-31.43125619" lon="-68.66532638">
				<ele>851.0</ele>
				<time>2025-06-07T20:06:55Z</time>
				<extensions>
					<ns3:TrackPointExtension>
						<ns3:speed>2.1052632</ns3:speed>
						<ns3:cad>82.0</ns3:cad>
						<ns3:hr>173</ns3:hr>
					</ns3:TrackPointExtension>
				</extensions>
			</trkpt>
			<trkpt lat="-31.43131185" lon="-68.66534838">
				<ele>850.0</ele>
				<time>2025-06-07T20:06:58Z</time>
				<extensions>
					<ns3:TrackPointExtension>
						<ns3:speed>2.1052632</ns3:speed>
						<ns3:cad>82.0</ns3:cad>
						<ns3:hr>170</ns3:hr>
					</ns3:TrackPointExtension>
				</extensions>
			</trkpt>
		</trkseg>
	</trk>
</gpx>
