<?xml version="1.0" encoding="UTF-8"?>
<gpx xmlns="http://www.topografix.com/GPX/1/1" xmlns:gpsies="https://www.gpsies.com/GPX/1/0" creator="AllTrails https://www.alltrails.com/ - 60KM NEW" version="1.1" xmlns:xsi="http://www.w3.org/2001/XMLSchema-instance" xsi:schemaLocation="http://www.topografix.com/GPX/1/1 http://www.topografix.com/GPX/1/1/gpx.xsd https://www.gpsies.com/GPX/1/0 https://www.gpsies.com/gpsies.xsd">
  <metadata>
    <name>60KM NEW</name>
    <link href="https://www.gpsies.com/">
      <text>60KM NEW on AllTrails</text>
    </link>
    <time>2026-08-10T22:31:40Z</time>
  </metadata>
  <trk>
    <name>60KM NEW on AllTrails</name>
    <trkseg>
      <trkpt lat="-31.5542504" lon="-68.6915263">
        <ele>757.00000</ele>
      </trkpt>
      <trkpt lat="-31.5545121" lon="-68.6914557">
        <ele>755.00000</ele>
      </trkpt>
      <trkpt lat="-31.5546374" lon="-68.6914103">
        <ele>754.00000</ele>
      </trkpt>
      <trkpt lat="-31.5547341" lon="-68.6913791">
        <ele>754.00000</ele>
      </trkpt>
      <trkpt lat="-31.5548352" lon="-68.6914635">
        <ele>754.00000</ele>
      </trkpt>
      <trkpt lat="-31.5549594" lon="-68.6915877">
        <ele>754.00000</ele>
      </trkpt>
      <trkpt lat="-31.5551031" lon="-68.6915916">
        <ele>754.00000</ele>
      </trkpt>
      <trkpt lat="-31.5553594" lon="-68.6915694">
        <ele>757.00000</ele>
      </trkpt>
      <trkpt lat="-31.5554517" lon="-68.6916393">
        <ele>758.00000</ele>
      </trkpt>
      <trkpt lat="-31.5554947" lon="-68.6916832">
        <ele>758.00000</ele>
      </trkpt>
      <trkpt lat="-31.5555650" lon="-68.6916939">
        <ele>759.00000</ele>
      </trkpt>
      <trkpt lat="-31.5556322" lon="-68.6917266">
        <ele>761.00000</ele>
      </trkpt>
      <trkpt lat="-31.5556882" lon="-68.6917125">
        <ele>762.00000</ele>
      </trkpt>
      <trkpt lat="-31.5557492" lon="-68.6917218">
        <ele>763.00000</ele>
      </trkpt>
      <trkpt lat="-31.5558240" lon="-68.6917378">
        <ele>765.00000</ele>
      </trkpt>
      <trkpt lat="-31.5558401" lon="-68.6917402">
        <ele>765.00000</ele>
      </trkpt>
      <trkpt lat="-31.5558899" lon="-68.6917227">
        <ele>766.00000</ele>
      </trkpt>
      <trkpt lat="-31.5559294" lon="-68.6917069">
        <ele>767.00000</ele>
      </trkpt>
      <trkpt lat="-31.5559990" lon="-68.6917059">
        <ele>768.00000</ele>
      </trkpt>
      <trkpt lat="-31.5560214" lon="-68.6917098">
        <ele>769.00000</ele>
      </trkpt>
      <trkpt lat="-31.5560855" lon="-68.6917025">
        <ele>770.00000</ele>
      </trkpt>
      <trkpt lat="-31.5561183" lon="-68.6916783">
        <ele>770.00000</ele>
      </trkpt>
      <trkpt lat="-31.5561864" lon="-68.6916919">
        <ele>771.00000</ele>
      </trkpt>
      <trkpt lat="-31.5562738" lon="-68.6917547">
        <ele>772.00000</ele>
      </trkpt>
      <trkpt lat="-31.5563518" lon="-68.6918010">
        <ele>773.00000</ele>
      </trkpt>
      <trkpt lat="-31.5564289" lon="-68.6917984">
        <ele>774.00000</ele>
      </trkpt>
      <trkpt lat="-31.5564797" lon="-68.6918273">
        <ele>774.00000</ele>
      </trkpt>
      <trkpt lat="-31.5565218" lon="-68.6918524">
        <ele>775.00000</ele>
      </trkpt>
      <trkpt lat="-31.5565819" lon="-68.6918577">
        <ele>776.00000</ele>
      </trkpt>
      <trkpt lat="-31.5566152" lon="-68.6918705">
        <ele>777.00000</ele>
      </trkpt>
      <trkpt lat="-31.5566600" lon="-68.6918924">
        <ele>777.00000</ele>
      </trkpt>
      <trkpt lat="-31.5566915" lon="-68.6918936">
        <ele>778.00000</ele>
      </trkpt>
      <trkpt lat="-31.5567267" lon="-68.6919017">
        <ele>779.00000</ele>
      </trkpt>
      <trkpt lat="-31.5567650" lon="-68.6919186">
        <ele>781.00000</ele>
      </trkpt>
      <trkpt lat="-31.5567995" lon="-68.6919296">
        <ele>782.00000</ele>
      </trkpt>
      <trkpt lat="-31.5568615" lon="-68.6919423">
        <ele>784.00000</ele>
      </trkpt>
      <trkpt lat="-31.5568941" lon="-68.6919572">
        <ele>785.00000</ele>
      </trkpt>
      <trkpt lat="-31.5569406" lon="-68.6919717">
        <ele>786.00000</ele>
      </trkpt>
      <trkpt lat="-31.5569677" lon="-68.6919792">
        <ele>787.00000</ele>
      </trkpt>
      <trkpt lat="-31.5570124" lon="-68.6919856">
        <ele>788.00000</ele>
      </trkpt>
      <trkpt lat="-31.5570501" lon="-68.6919897">
        <ele>788.00000</ele>
      </trkpt>
      <trkpt lat="-31.5570861" lon="-68.6919964">
        <ele>789.00000</ele>
      </trkpt>
      <trkpt lat="-31.5571125" lon="-68.6920046">
        <ele>790.00000</ele>
      </trkpt>
      <trkpt lat="-31.5571263" lon="-68.6920100">
        <ele>790.00000</ele>
      </trkpt>
      <trkpt lat="-31.5571530" lon="-68.6920256">
        <ele>790.00000</ele>
      </trkpt>
      <trkpt lat="-31.5571856" lon="-68.6920386">
        <ele>791.00000</ele>
      </trkpt>
      <trkpt lat="-31.5572201" lon="-68.6920476">
        <ele>791.00000</ele>
      </trkpt>
      <trkpt lat="-31.5572576" lon="-68.6920565">
        <ele>792.00000</ele>
      </trkpt>
      <trkpt lat="-31.5572931" lon="-68.6920650">
        <ele>792.00000</ele>
      </trkpt>
      <trkpt lat="-31.5573005" lon="-68.6920655">
        <ele>792.00000</ele>
      </trkpt>
      <trkpt lat="-31.5573152" lon="-68.6920710">
        <ele>792.00000</ele>
      </trkpt>
      <trkpt lat="-31.5573572" lon="-68.6920932">
        <ele>792.00000</ele>
      </trkpt>
      <trkpt lat="-31.5573620" lon="-68.6921275">
        <ele>792.00000</ele>
      </trkpt>
      <trkpt lat="-31.5573758" lon="-68.6921637">
        <ele>792.00000</ele>
      </trkpt>
      <trkpt lat="-31.5573896" lon="-68.6921870">
        <ele>792.00000</ele>
      </trkpt>
      <trkpt lat="-31.5574050" lon="-68.6922062">
        <ele>792.00000</ele>
      </trkpt>
      <trkpt lat="-31.5574184" lon="-68.6922213">
        <ele>792.00000</ele>
      </trkpt>
      <trkpt lat="-31.5574300" lon="-68.6922325">
        <ele>792.00000</ele>
      </trkpt>
      <trkpt lat="-31.5574622" lon="-68.6922543">
        <ele>792.00000</ele>
      </trkpt>
      <trkpt lat="-31.5574822" lon="-68.6922825">
        <ele>792.00000</ele>
      </trkpt>
      <trkpt lat="-31.5574973" lon="-68.6922972">
        <ele>792.00000</ele>
      </trkpt>
      <trkpt lat="-31.5575193" lon="-68.6923216">
        <ele>792.00000</ele>
      </trkpt>
      <trkpt lat="-31.5575433" lon="-68.6923428">
        <ele>792.00000</ele>
      </trkpt>
      <trkpt lat="-31.5575593" lon="-68.6923516">
        <ele>792.00000</ele>
      </trkpt>
      <trkpt lat="-31.5575801" lon="-68.6923696">
        <ele>792.00000</ele>
      </trkpt>
      <trkpt lat="-31.5576075" lon="-68.6923990">
        <ele>792.00000</ele>
      </trkpt>
      <trkpt lat="-31.5576369" lon="-68.6924140">
        <ele>793.00000</ele>
      </trkpt>
      <trkpt lat="-31.5576727" lon="-68.6924212">
        <ele>793.00000</ele>
      </trkpt>
      <trkpt lat="-31.5576907" lon="-68.6924339">
        <ele>793.00000</ele>
      </trkpt>
      <trkpt lat="-31.5577039" lon="-68.6924522">
        <ele>794.00000</ele>
      </trkpt>
      <trkpt lat="-31.5577267" lon="-68.6924709">
        <ele>794.00000</ele>
      </trkpt>
      <trkpt lat="-31.5577555" lon="-68.6924834">
        <ele>794.00000</ele>
      </trkpt>
      <trkpt lat="-31.5577782" lon="-68.6925047">
        <ele>794.00000</ele>
      </trkpt>
      <trkpt lat="-31.5577986" lon="-68.6925201">
        <ele>794.00000</ele>
      </trkpt>
      <trkpt lat="-31.5578148" lon="-68.6925312">
        <ele>795.00000</ele>
      </trkpt>
      <trkpt lat="-31.5578429" lon="-68.6925402">
        <ele>795.00000</ele>
      </trkpt>
      <trkpt lat="-31.5578764" lon="-68.6925468">
        <ele>795.00000</ele>
      </trkpt>
      <trkpt lat="-31.5578895" lon="-68.6925475">
        <ele>796.00000</ele>
      </trkpt>
      <trkpt lat="-31.5579289" lon="-68.6925622">
        <ele>796.00000</ele>
      </trkpt>
      <trkpt lat="-31.5579499" lon="-68.6925698">
        <ele>796.00000</ele>
      </trkpt>
      <trkpt lat="-31.5579858" lon="-68.6925843">
        <ele>797.00000</ele>
      </trkpt>
      <trkpt lat="-31.5580106" lon="-68.6926076">
        <ele>797.00000</ele>
      </trkpt>
      <trkpt lat="-31.5580292" lon="-68.6926237">
        <ele>797.00000</ele>
      </trkpt>
      <trkpt lat="-31.5580472" lon="-68.6926362">
        <ele>797.00000</ele>
      </trkpt>
      <trkpt lat="-31.5580826" lon="-68.6926579">
        <ele>798.00000</ele>
      </trkpt>
      <trkpt lat="-31.5580995" lon="-68.6926701">
        <ele>798.00000</ele>
      </trkpt>
      <trkpt lat="-31.5581141" lon="-68.6926792">
        <ele>798.00000</ele>
      </trkpt>
      <trkpt lat="-31.5581391" lon="-68.6926823">
        <ele>798.00000</ele>
      </trkpt>
      <trkpt lat="-31.5581682" lon="-68.6926883">
        <ele>799.00000</ele>
      </trkpt>
      <trkpt lat="-31.5581971" lon="-68.6927065">
        <ele>799.00000</ele>
      </trkpt>
      <trkpt lat="-31.5582050" lon="-68.6927263">
        <ele>799.00000</ele>
      </trkpt>
      <trkpt lat="-31.5582031" lon="-68.6927385">
        <ele>799.00000</ele>
      </trkpt>
      <trkpt lat="-31.5581995" lon="-68.6927609">
        <ele>799.00000</ele>
      </trkpt>
      <trkpt lat="-31.5582150" lon="-68.6927731">
        <ele>799.00000</ele>
      </trkpt>
      <trkpt lat="-31.5582264" lon="-68.6927794">
        <ele>799.00000</ele>
      </trkpt>
      <trkpt lat="-31.5582558" lon="-68.6927862">
        <ele>799.00000</ele>
      </trkpt>
      <trkpt lat="-31.5582631" lon="-68.6927941">
        <ele>799.00000</ele>
      </trkpt>
      <trkpt lat="-31.5582739" lon="-68.6928065">
        <ele>799.00000</ele>
      </trkpt>
      <trkpt lat="-31.5582748" lon="-68.6928109">
        <ele>799.00000</ele>
      </trkpt>
      <trkpt lat="-31.5582916" lon="-68.6928274">
        <ele>798.00000</ele>
      </trkpt>
      <trkpt lat="-31.5583069" lon="-68.6928426">
        <ele>798.00000</ele>
      </trkpt>
      <trkpt lat="-31.5583187" lon="-68.6928522">
        <ele>798.00000</ele>
      </trkpt>
      <trkpt lat="-31.5583353" lon="-68.6928615">
        <ele>798.00000</ele>
      </trkpt>
      <trkpt lat="-31.5583549" lon="-68.6928736">
        <ele>797.00000</ele>
      </trkpt>
      <trkpt lat="-31.5583637" lon="-68.6928806">
        <ele>797.00000</ele>
      </trkpt>
      <trkpt lat="-31.5583858" lon="-68.6928931">
        <ele>797.00000</ele>
      </trkpt>
      <trkpt lat="-31.5584238" lon="-68.6929048">
        <ele>797.00000</ele>
      </trkpt>
      <trkpt lat="-31.5584889" lon="-68.6929545">
        <ele>797.00000</ele>
      </trkpt>
      <trkpt lat="-31.5585109" lon="-68.6929814">
        <ele>796.00000</ele>
      </trkpt>
      <trkpt lat="-31.5585289" lon="-68.6929970">
        <ele>796.00000</ele>
      </trkpt>
      <trkpt lat="-31.5585519" lon="-68.6930182">
        <ele>797.00000</ele>
      </trkpt>
      <trkpt lat="-31.5586285" lon="-68.6930948">
        <ele>797.00000</ele>
      </trkpt>
      <trkpt lat="-31.5586466" lon="-68.6931182">
        <ele>796.00000</ele>
      </trkpt>
      <trkpt lat="-31.5586631" lon="-68.6931344">
        <ele>796.00000</ele>
      </trkpt>
      <trkpt lat="-31.5586713" lon="-68.6931559">
        <ele>796.00000</ele>
      </trkpt>
      <trkpt lat="-31.5586951" lon="-68.6931914">
        <ele>795.00000</ele>
      </trkpt>
      <trkpt lat="-31.5587033" lon="-68.6932044">
        <ele>795.00000</ele>
      </trkpt>
      <trkpt lat="-31.5587498" lon="-68.6932310">
        <ele>796.00000</ele>
      </trkpt>
      <trkpt lat="-31.5587988" lon="-68.6932446">
        <ele>796.00000</ele>
      </trkpt>
      <trkpt lat="-31.5588308" lon="-68.6932620">
        <ele>797.00000</ele>
      </trkpt>
      <trkpt lat="-31.5588414" lon="-68.6932852">
        <ele>797.00000</ele>
      </trkpt>
      <trkpt lat="-31.5588709" lon="-68.6933200">
        <ele>797.00000</ele>
      </trkpt>
      <trkpt lat="-31.5588862" lon="-68.6933319">
        <ele>797.00000</ele>
      </trkpt>
      <trkpt lat="-31.5589145" lon="-68.6933552">
        <ele>797.00000</ele>
      </trkpt>
      <trkpt lat="-31.5589345" lon="-68.6933741">
        <ele>796.00000</ele>
      </trkpt>
      <trkpt lat="-31.5589738" lon="-68.6934046">
        <ele>795.00000</ele>
      </trkpt>
      <trkpt lat="-31.5589969" lon="-68.6934155">
        <ele>795.00000</ele>
      </trkpt>
      <trkpt lat="-31.5590181" lon="-68.6934276">
        <ele>794.00000</ele>
      </trkpt>
      <trkpt lat="-31.5590398" lon="-68.6934391">
        <ele>794.00000</ele>
      </trkpt>
      <trkpt lat="-31.5590574" lon="-68.6934392">
        <ele>794.00000</ele>
      </trkpt>
      <trkpt lat="-31.5591931" lon="-68.6935512">
        <ele>791.00000</ele>
      </trkpt>
      <trkpt lat="-31.5592216" lon="-68.6935855">
        <ele>790.00000</ele>
      </trkpt>
      <trkpt lat="-31.5592412" lon="-68.6936045">
        <ele>789.00000</ele>
      </trkpt>
      <trkpt lat="-31.5592684" lon="-68.6936296">
        <ele>788.00000</ele>
      </trkpt>
      <trkpt lat="-31.5593255" lon="-68.6936792">
        <ele>786.00000</ele>
      </trkpt>
      <trkpt lat="-31.5593485" lon="-68.6936986">
        <ele>785.00000</ele>
      </trkpt>
      <trkpt lat="-31.5593861" lon="-68.6937303">
        <ele>784.00000</ele>
      </trkpt>
      <trkpt lat="-31.5594151" lon="-68.6937564">
        <ele>783.00000</ele>
      </trkpt>
      <trkpt lat="-31.5594420" lon="-68.6937804">
        <ele>782.00000</ele>
      </trkpt>
      <trkpt lat="-31.5594704" lon="-68.6938094">
        <ele>781.00000</ele>
      </trkpt>
      <trkpt lat="-31.5594984" lon="-68.6938502">
        <ele>781.00000</ele>
      </trkpt>
      <trkpt lat="-31.5595293" lon="-68.6938836">
        <ele>781.00000</ele>
      </trkpt>
      <trkpt lat="-31.5595632" lon="-68.6939417">
        <ele>781.00000</ele>
      </trkpt>
      <trkpt lat="-31.5595831" lon="-68.6939654">
        <ele>781.00000</ele>
      </trkpt>
      <trkpt lat="-31.5596188" lon="-68.6939974">
        <ele>781.00000</ele>
      </trkpt>
      <trkpt lat="-31.5596431" lon="-68.6940159">
        <ele>782.00000</ele>
      </trkpt>
      <trkpt lat="-31.5596848" lon="-68.6940500">
        <ele>783.00000</ele>
      </trkpt>
      <trkpt lat="-31.5597039" lon="-68.6940698">
        <ele>784.00000</ele>
      </trkpt>
      <trkpt lat="-31.5597167" lon="-68.6940802">
        <ele>784.00000</ele>
      </trkpt>
      <trkpt lat="-31.5597533" lon="-68.6940987">
        <ele>784.00000</ele>
      </trkpt>
      <trkpt lat="-31.5597882" lon="-68.6941075">
        <ele>784.00000</ele>
      </trkpt>
      <trkpt lat="-31.5598214" lon="-68.6941061">
        <ele>785.00000</ele>
      </trkpt>
      <trkpt lat="-31.5598450" lon="-68.6941050">
        <ele>785.00000</ele>
      </trkpt>
      <trkpt lat="-31.5599125" lon="-68.6941079">
        <ele>786.00000</ele>
      </trkpt>
      <trkpt lat="-31.5599592" lon="-68.6941430">
        <ele>786.00000</ele>
      </trkpt>
      <trkpt lat="-31.5599966" lon="-68.6941731">
        <ele>786.00000</ele>
      </trkpt>
      <trkpt lat="-31.5600379" lon="-68.6942077">
        <ele>786.00000</ele>
      </trkpt>
      <trkpt lat="-31.5600668" lon="-68.6942282">
        <ele>786.00000</ele>
      </trkpt>
      <trkpt lat="-31.5601184" lon="-68.6942528">
        <ele>786.00000</ele>
      </trkpt>
      <trkpt lat="-31.5601540" lon="-68.6942781">
        <ele>786.00000</ele>
      </trkpt>
      <trkpt lat="-31.5601971" lon="-68.6943135">
        <ele>787.00000</ele>
      </trkpt>
      <trkpt lat="-31.5602323" lon="-68.6943435">
        <ele>787.00000</ele>
      </trkpt>
      <trkpt lat="-31.5602670" lon="-68.6943673">
        <ele>787.00000</ele>
      </trkpt>
      <trkpt lat="-31.5603037" lon="-68.6944071">
        <ele>788.00000</ele>
      </trkpt>
      <trkpt lat="-31.5603062" lon="-68.6944382">
        <ele>788.00000</ele>
      </trkpt>
      <trkpt lat="-31.5603302" lon="-68.6944784">
        <ele>788.00000</ele>
      </trkpt>
      <trkpt lat="-31.5603302" lon="-68.6944798">
        <ele>788.00000</ele>
      </trkpt>
      <trkpt lat="-31.5603498" lon="-68.6945102">
        <ele>788.00000</ele>
      </trkpt>
      <trkpt lat="-31.5603709" lon="-68.6945373">
        <ele>788.00000</ele>
      </trkpt>
      <trkpt lat="-31.5604080" lon="-68.6945533">
        <ele>788.00000</ele>
      </trkpt>
      <trkpt lat="-31.5604243" lon="-68.6945776">
        <ele>788.00000</ele>
      </trkpt>
      <trkpt lat="-31.5604351" lon="-68.6946084">
        <ele>788.00000</ele>
      </trkpt>
      <trkpt lat="-31.5605034" lon="-68.6946747">
        <ele>788.00000</ele>
      </trkpt>
      <trkpt lat="-31.5605371" lon="-68.6946987">
        <ele>788.00000</ele>
      </trkpt>
      <trkpt lat="-31.5605707" lon="-68.6947048">
        <ele>788.00000</ele>
      </trkpt>
      <trkpt lat="-31.5605950" lon="-68.6947061">
        <ele>788.00000</ele>
      </trkpt>
      <trkpt lat="-31.5606215" lon="-68.6947422">
        <ele>788.00000</ele>
      </trkpt>
      <trkpt lat="-31.5606745" lon="-68.6947731">
        <ele>787.00000</ele>
      </trkpt>
      <trkpt lat="-31.5607052" lon="-68.6948089">
        <ele>786.00000</ele>
      </trkpt>
      <trkpt lat="-31.5607905" lon="-68.6948791">
        <ele>785.00000</ele>
      </trkpt>
      <trkpt lat="-31.5608298" lon="-68.6949071">
        <ele>784.00000</ele>
      </trkpt>
      <trkpt lat="-31.5608330" lon="-68.6949127">
        <ele>784.00000</ele>
      </trkpt>
      <trkpt lat="-31.5608910" lon="-68.6949585">
        <ele>783.00000</ele>
      </trkpt>
      <trkpt lat="-31.5609138" lon="-68.6949864">
        <ele>782.00000</ele>
      </trkpt>
      <trkpt lat="-31.5609357" lon="-68.6950281">
        <ele>781.00000</ele>
      </trkpt>
      <trkpt lat="-31.5609496" lon="-68.6950762">
        <ele>780.00000</ele>
      </trkpt>
      <trkpt lat="-31.5609719" lon="-68.6951363">
        <ele>779.00000</ele>
      </trkpt>
      <trkpt lat="-31.5609878" lon="-68.6951740">
        <ele>778.00000</ele>
      </trkpt>
      <trkpt lat="-31.5610050" lon="-68.6951991">
        <ele>777.00000</ele>
      </trkpt>
      <trkpt lat="-31.5610221" lon="-68.6952160">
        <ele>777.00000</ele>
      </trkpt>
      <trkpt lat="-31.5610402" lon="-68.6952232">
        <ele>777.00000</ele>
      </trkpt>
      <trkpt lat="-31.5610617" lon="-68.6952314">
        <ele>776.00000</ele>
      </trkpt>
      <trkpt lat="-31.5611494" lon="-68.6952312">
        <ele>775.00000</ele>
      </trkpt>
      <trkpt lat="-31.5611727" lon="-68.6952298">
        <ele>774.00000</ele>
      </trkpt>
      <trkpt lat="-31.5611890" lon="-68.6952139">
        <ele>774.00000</ele>
      </trkpt>
      <trkpt lat="-31.5611902" lon="-68.6951753">
        <ele>775.00000</ele>
      </trkpt>
      <trkpt lat="-31.5611773" lon="-68.6951445">
        <ele>776.00000</ele>
      </trkpt>
      <trkpt lat="-31.5611991" lon="-68.6951063">
        <ele>776.00000</ele>
      </trkpt>
      <trkpt lat="-31.5612383" lon="-68.6951352">
        <ele>775.00000</ele>
      </trkpt>
      <trkpt lat="-31.5612805" lon="-68.6951699">
        <ele>774.00000</ele>
      </trkpt>
      <trkpt lat="-31.5613137" lon="-68.6951994">
        <ele>773.00000</ele>
      </trkpt>
      <trkpt lat="-31.5613197" lon="-68.6952019">
        <ele>773.00000</ele>
      </trkpt>
      <trkpt lat="-31.5613725" lon="-68.6951795">
        <ele>772.00000</ele>
      </trkpt>
      <trkpt lat="-31.5614123" lon="-68.6951872">
        <ele>772.00000</ele>
      </trkpt>
      <trkpt lat="-31.5614323" lon="-68.6952252">
        <ele>771.00000</ele>
      </trkpt>
      <trkpt lat="-31.5614427" lon="-68.6952725">
        <ele>771.00000</ele>
      </trkpt>
      <trkpt lat="-31.5614479" lon="-68.6952863">
        <ele>770.00000</ele>
      </trkpt>
      <trkpt lat="-31.5614570" lon="-68.6953192">
        <ele>770.00000</ele>
      </trkpt>
      <trkpt lat="-31.5614537" lon="-68.6954783">
        <ele>768.00000</ele>
      </trkpt>
      <trkpt lat="-31.5614228" lon="-68.6954854">
        <ele>768.00000</ele>
      </trkpt>
      <trkpt lat="-31.5613690" lon="-68.6954977">
        <ele>768.00000</ele>
      </trkpt>
      <trkpt lat="-31.5612671" lon="-68.6955164">
        <ele>769.00000</ele>
      </trkpt>
      <trkpt lat="-31.5612408" lon="-68.6955655">
        <ele>768.00000</ele>
      </trkpt>
      <trkpt lat="-31.5612412" lon="-68.6956058">
        <ele>767.00000</ele>
      </trkpt>
      <trkpt lat="-31.5612819" lon="-68.6956312">
        <ele>767.00000</ele>
      </trkpt>
      <trkpt lat="-31.5612951" lon="-68.6956425">
        <ele>767.00000</ele>
      </trkpt>
      <trkpt lat="-31.5613584" lon="-68.6957045">
        <ele>766.00000</ele>
      </trkpt>
      <trkpt lat="-31.5614032" lon="-68.6956830">
        <ele>766.00000</ele>
      </trkpt>
      <trkpt lat="-31.5614099" lon="-68.6957210">
        <ele>765.00000</ele>
      </trkpt>
      <trkpt lat="-31.5614470" lon="-68.6957557">
        <ele>765.00000</ele>
      </trkpt>
      <trkpt lat="-31.5614623" lon="-68.6958081">
        <ele>764.00000</ele>
      </trkpt>
      <trkpt lat="-31.5615261" lon="-68.6959119">
        <ele>763.00000</ele>
      </trkpt>
      <trkpt lat="-31.5615487" lon="-68.6959483">
        <ele>762.00000</ele>
      </trkpt>
      <trkpt lat="-31.5615714" lon="-68.6959693">
        <ele>762.00000</ele>
      </trkpt>
      <trkpt lat="-31.5616130" lon="-68.6960248">
        <ele>762.00000</ele>
      </trkpt>
      <trkpt lat="-31.5616313" lon="-68.6960816">
        <ele>761.00000</ele>
      </trkpt>
      <trkpt lat="-31.5616569" lon="-68.6961344">
        <ele>760.00000</ele>
      </trkpt>
      <trkpt lat="-31.5616887" lon="-68.6962167">
        <ele>760.00000</ele>
      </trkpt>
      <trkpt lat="-31.5617224" lon="-68.6962750">
        <ele>759.00000</ele>
      </trkpt>
      <trkpt lat="-31.5617965" lon="-68.6963289">
        <ele>759.00000</ele>
      </trkpt>
      <trkpt lat="-31.5618433" lon="-68.6963931">
        <ele>759.00000</ele>
      </trkpt>
      <trkpt lat="-31.5619296" lon="-68.6964635">
        <ele>759.00000</ele>
      </trkpt>
      <trkpt lat="-31.5619593" lon="-68.6965113">
        <ele>760.00000</ele>
      </trkpt>
      <trkpt lat="-31.5619875" lon="-68.6965612">
        <ele>761.00000</ele>
      </trkpt>
      <trkpt lat="-31.5620293" lon="-68.6966318">
        <ele>762.00000</ele>
      </trkpt>
      <trkpt lat="-31.5620485" lon="-68.6966727">
        <ele>762.00000</ele>
      </trkpt>
      <trkpt lat="-31.5620618" lon="-68.6967275">
        <ele>762.00000</ele>
      </trkpt>
      <trkpt lat="-31.5620918" lon="-68.6967615">
        <ele>762.00000</ele>
      </trkpt>
      <trkpt lat="-31.5621044" lon="-68.6968154">
        <ele>763.00000</ele>
      </trkpt>
      <trkpt lat="-31.5621360" lon="-68.6968546">
        <ele>763.00000</ele>
      </trkpt>
      <trkpt lat="-31.5621689" lon="-68.6969054">
        <ele>763.00000</ele>
      </trkpt>
      <trkpt lat="-31.5621750" lon="-68.6969807">
        <ele>763.00000</ele>
      </trkpt>
      <trkpt lat="-31.5621893" lon="-68.6970645">
        <ele>762.00000</ele>
      </trkpt>
      <trkpt lat="-31.5622017" lon="-68.6971399">
        <ele>762.00000</ele>
      </trkpt>
      <trkpt lat="-31.5622094" lon="-68.6972306">
        <ele>761.00000</ele>
      </trkpt>
      <trkpt lat="-31.5622107" lon="-68.6972827">
        <ele>761.00000</ele>
      </trkpt>
      <trkpt lat="-31.5622165" lon="-68.6973648">
        <ele>761.00000</ele>
      </trkpt>
      <trkpt lat="-31.5622293" lon="-68.6974423">
        <ele>762.00000</ele>
      </trkpt>
      <trkpt lat="-31.5622335" lon="-68.6975131">
        <ele>762.00000</ele>
      </trkpt>
      <trkpt lat="-31.5622428" lon="-68.6976058">
        <ele>762.00000</ele>
      </trkpt>
      <trkpt lat="-31.5622400" lon="-68.6976600">
        <ele>763.00000</ele>
      </trkpt>
      <trkpt lat="-31.5622364" lon="-68.6977053">
        <ele>763.00000</ele>
      </trkpt>
      <trkpt lat="-31.5622428" lon="-68.6977573">
        <ele>763.00000</ele>
      </trkpt>
      <trkpt lat="-31.5622835" lon="-68.6978142">
        <ele>764.00000</ele>
      </trkpt>
      <trkpt lat="-31.5623223" lon="-68.6978501">
        <ele>764.00000</ele>
      </trkpt>
      <trkpt lat="-31.5623580" lon="-68.6978848">
        <ele>764.00000</ele>
      </trkpt>
      <trkpt lat="-31.5623862" lon="-68.6979000">
        <ele>764.00000</ele>
      </trkpt>
      <trkpt lat="-31.5624163" lon="-68.6979186">
        <ele>764.00000</ele>
      </trkpt>
      <trkpt lat="-31.5624507" lon="-68.6979438">
        <ele>763.00000</ele>
      </trkpt>
      <trkpt lat="-31.5624877" lon="-68.6979646">
        <ele>763.00000</ele>
      </trkpt>
      <trkpt lat="-31.5625193" lon="-68.6979830">
        <ele>763.00000</ele>
      </trkpt>
      <trkpt lat="-31.5625399" lon="-68.6979961">
        <ele>763.00000</ele>
      </trkpt>
      <trkpt lat="-31.5625591" lon="-68.6980192">
        <ele>764.00000</ele>
      </trkpt>
      <trkpt lat="-31.5626226" lon="-68.6980644">
        <ele>764.00000</ele>
      </trkpt>
      <trkpt lat="-31.5626874" lon="-68.6981362">
        <ele>765.00000</ele>
      </trkpt>
      <trkpt lat="-31.5628245" lon="-68.6982313">
        <ele>767.00000</ele>
      </trkpt>
      <trkpt lat="-31.5630496" lon="-68.6983584">
        <ele>772.00000</ele>
      </trkpt>
      <trkpt lat="-31.5630909" lon="-68.6984013">
        <ele>772.00000</ele>
      </trkpt>
      <trkpt lat="-31.5631267" lon="-68.6984288">
        <ele>773.00000</ele>
      </trkpt>
      <trkpt lat="-31.5631639" lon="-68.6985008">
        <ele>774.00000</ele>
      </trkpt>
      <trkpt lat="-31.5631531" lon="-68.6985661">
        <ele>774.00000</ele>
      </trkpt>
      <trkpt lat="-31.5631459" lon="-68.6985899">
        <ele>774.00000</ele>
      </trkpt>
      <trkpt lat="-31.5630024" lon="-68.6986612">
        <ele>773.00000</ele>
      </trkpt>
      <trkpt lat="-31.5628929" lon="-68.6987173">
        <ele>772.00000</ele>
      </trkpt>
      <trkpt lat="-31.5628293" lon="-68.6987928">
        <ele>772.00000</ele>
      </trkpt>
      <trkpt lat="-31.5626097" lon="-68.6990188">
        <ele>773.00000</ele>
      </trkpt>
      <trkpt lat="-31.5626936" lon="-68.6991172">
        <ele>773.00000</ele>
      </trkpt>
      <trkpt lat="-31.5629356" lon="-68.6991096">
        <ele>775.00000</ele>
      </trkpt>
      <trkpt lat="-31.5630887" lon="-68.6991245">
        <ele>778.00000</ele>
      </trkpt>
      <trkpt lat="-31.5631095" lon="-68.6993443">
        <ele>782.00000</ele>
      </trkpt>
      <trkpt lat="-31.5631685" lon="-68.6995144">
        <ele>783.00000</ele>
      </trkpt>
      <trkpt lat="-31.5632479" lon="-68.6997327">
        <ele>780.00000</ele>
      </trkpt>
      <trkpt lat="-31.5634967" lon="-68.7000166">
        <ele>778.00000</ele>
      </trkpt>
      <trkpt lat="-31.5636940" lon="-68.7003997">
        <ele>775.00000</ele>
      </trkpt>
      <trkpt lat="-31.5640012" lon="-68.7007651">
        <ele>775.00000</ele>
      </trkpt>
      <trkpt lat="-31.5640102" lon="-68.7008213">
        <ele>774.00000</ele>
      </trkpt>
      <trkpt lat="-31.5639996" lon="-68.7008510">
        <ele>773.00000</ele>
      </trkpt>
      <trkpt lat="-31.5643638" lon="-68.7013250">
        <ele>779.00000</ele>
      </trkpt>
      <trkpt lat="-31.5643725" lon="-68.7014514">
        <ele>777.00000</ele>
      </trkpt>
      <trkpt lat="-31.5643780" lon="-68.7015556">
        <ele>776.00000</ele>
      </trkpt>
      <trkpt lat="-31.5643883" lon="-68.7016579">
        <ele>774.00000</ele>
      </trkpt>
      <trkpt lat="-31.5644079" lon="-68.7017509">
        <ele>775.00000</ele>
      </trkpt>
      <trkpt lat="-31.5644708" lon="-68.7018014">
        <ele>777.00000</ele>
      </trkpt>
      <trkpt lat="-31.5644947" lon="-68.7018372">
        <ele>778.00000</ele>
      </trkpt>
      <trkpt lat="-31.5645689" lon="-68.7019796">
        <ele>780.00000</ele>
      </trkpt>
      <trkpt lat="-31.5645687" lon="-68.7021234">
        <ele>778.00000</ele>
      </trkpt>
      <trkpt lat="-31.5645704" lon="-68.7022333">
        <ele>776.00000</ele>
      </trkpt>
      <trkpt lat="-31.5645791" lon="-68.7023264">
        <ele>775.00000</ele>
      </trkpt>
      <trkpt lat="-31.5645990" lon="-68.7024502">
        <ele>772.00000</ele>
      </trkpt>
      <trkpt lat="-31.5645992" lon="-68.7025651">
        <ele>770.00000</ele>
      </trkpt>
      <trkpt lat="-31.5646051" lon="-68.7027259">
        <ele>769.00000</ele>
      </trkpt>
      <trkpt lat="-31.5645934" lon="-68.7028707">
        <ele>768.00000</ele>
      </trkpt>
      <trkpt lat="-31.5645810" lon="-68.7030177">
        <ele>768.00000</ele>
      </trkpt>
      <trkpt lat="-31.5645962" lon="-68.7031151">
        <ele>769.00000</ele>
      </trkpt>
      <trkpt lat="-31.5646012" lon="-68.7032477">
        <ele>768.00000</ele>
      </trkpt>
      <trkpt lat="-31.5645720" lon="-68.7032740">
        <ele>768.00000</ele>
      </trkpt>
      <trkpt lat="-31.5645997" lon="-68.7033884">
        <ele>768.00000</ele>
      </trkpt>
      <trkpt lat="-31.5646435" lon="-68.7034644">
        <ele>769.00000</ele>
      </trkpt>
      <trkpt lat="-31.5646612" lon="-68.7035911">
        <ele>768.00000</ele>
      </trkpt>
      <trkpt lat="-31.5646737" lon="-68.7037216">
        <ele>769.00000</ele>
      </trkpt>
      <trkpt lat="-31.5646945" lon="-68.7038909">
        <ele>769.00000</ele>
      </trkpt>
      <trkpt lat="-31.5646323" lon="-68.7040274">
        <ele>769.00000</ele>
      </trkpt>
      <trkpt lat="-31.5645721" lon="-68.7041689">
        <ele>768.00000</ele>
      </trkpt>
      <trkpt lat="-31.5645313" lon="-68.7042579">
        <ele>768.00000</ele>
      </trkpt>
      <trkpt lat="-31.5645735" lon="-68.7044771">
        <ele>769.00000</ele>
      </trkpt>
      <trkpt lat="-31.5647503" lon="-68.7049157">
        <ele>774.00000</ele>
      </trkpt>
      <trkpt lat="-31.5648353" lon="-68.7051699">
        <ele>775.00000</ele>
      </trkpt>
      <trkpt lat="-31.5648686" lon="-68.7055722">
        <ele>775.00000</ele>
      </trkpt>
      <trkpt lat="-31.5648986" lon="-68.7057680">
        <ele>775.00000</ele>
      </trkpt>
      <trkpt lat="-31.5649503" lon="-68.7060513">
        <ele>776.00000</ele>
      </trkpt>
      <trkpt lat="-31.5649792" lon="-68.7063386">
        <ele>779.00000</ele>
      </trkpt>
      <trkpt lat="-31.5649744" lon="-68.7065419">
        <ele>779.00000</ele>
      </trkpt>
      <trkpt lat="-31.5649018" lon="-68.7069342">
        <ele>778.00000</ele>
      </trkpt>
      <trkpt lat="-31.5648438" lon="-68.7072257">
        <ele>781.00000</ele>
      </trkpt>
      <trkpt lat="-31.5647773" lon="-68.7072881">
        <ele>781.00000</ele>
      </trkpt>
      <trkpt lat="-31.5645472" lon="-68.7073456">
        <ele>778.00000</ele>
      </trkpt>
      <trkpt lat="-31.5644865" lon="-68.7074296">
        <ele>777.00000</ele>
      </trkpt>
      <trkpt lat="-31.5644461" lon="-68.7074547">
        <ele>777.00000</ele>
      </trkpt>
      <trkpt lat="-31.5642558" lon="-68.7075352">
        <ele>774.00000</ele>
      </trkpt>
      <trkpt lat="-31.5642208" lon="-68.7078081">
        <ele>773.00000</ele>
      </trkpt>
      <trkpt lat="-31.5642488" lon="-68.7081483">
        <ele>773.00000</ele>
      </trkpt>
      <trkpt lat="-31.5642620" lon="-68.7085548">
        <ele>772.00000</ele>
      </trkpt>
      <trkpt lat="-31.5644060" lon="-68.7091064">
        <ele>774.00000</ele>
      </trkpt>
      <trkpt lat="-31.5645510" lon="-68.7093331">
        <ele>776.00000</ele>
      </trkpt>
      <trkpt lat="-31.5646866" lon="-68.7095326">
        <ele>776.00000</ele>
      </trkpt>
      <trkpt lat="-31.5648751" lon="-68.7097682">
        <ele>773.00000</ele>
      </trkpt>
      <trkpt lat="-31.5651509" lon="-68.7099913">
        <ele>772.00000</ele>
      </trkpt>
      <trkpt lat="-31.5654829" lon="-68.7102844">
        <ele>772.00000</ele>
      </trkpt>
      <trkpt lat="-31.5657197" lon="-68.7106737">
        <ele>766.00000</ele>
      </trkpt>
      <trkpt lat="-31.5660484" lon="-68.7109471">
        <ele>766.00000</ele>
      </trkpt>
      <trkpt lat="-31.5661418" lon="-68.7111307">
        <ele>767.00000</ele>
      </trkpt>
      <trkpt lat="-31.5665119" lon="-68.7116081">
        <ele>770.00000</ele>
      </trkpt>
      <trkpt lat="-31.5668319" lon="-68.7122751">
        <ele>768.00000</ele>
      </trkpt>
      <trkpt lat="-31.5670858" lon="-68.7127310">
        <ele>766.00000</ele>
      </trkpt>
      <trkpt lat="-31.5673702" lon="-68.7131878">
        <ele>771.00000</ele>
      </trkpt>
      <trkpt lat="-31.5679364" lon="-68.7139603">
        <ele>769.00000</ele>
      </trkpt>
      <trkpt lat="-31.5681879" lon="-68.7143495">
        <ele>769.00000</ele>
      </trkpt>
      <trkpt lat="-31.5683822" lon="-68.7146232">
        <ele>768.00000</ele>
      </trkpt>
      <trkpt lat="-31.5685173" lon="-68.7149247">
        <ele>768.00000</ele>
      </trkpt>
      <trkpt lat="-31.5686636" lon="-68.7152661">
        <ele>769.00000</ele>
      </trkpt>
      <trkpt lat="-31.5689285" lon="-68.7157900">
        <ele>769.00000</ele>
      </trkpt>
      <trkpt lat="-31.5691042" lon="-68.7161887">
        <ele>770.00000</ele>
      </trkpt>
      <trkpt lat="-31.5693033" lon="-68.7166915">
        <ele>771.00000</ele>
      </trkpt>
      <trkpt lat="-31.5694960" lon="-68.7171718">
        <ele>771.00000</ele>
      </trkpt>
      <trkpt lat="-31.5695634" lon="-68.7175505">
        <ele>771.00000</ele>
      </trkpt>
      <trkpt lat="-31.5695870" lon="-68.7184633">
        <ele>773.00000</ele>
      </trkpt>
      <trkpt lat="-31.5694202" lon="-68.7194708">
        <ele>772.00000</ele>
      </trkpt>
      <trkpt lat="-31.5693435" lon="-68.7198420">
        <ele>772.00000</ele>
      </trkpt>
      <trkpt lat="-31.5692327" lon="-68.7204902">
        <ele>772.00000</ele>
      </trkpt>
      <trkpt lat="-31.5692166" lon="-68.7211214">
        <ele>775.00000</ele>
      </trkpt>
      <trkpt lat="-31.5691983" lon="-68.7220141">
        <ele>774.00000</ele>
      </trkpt>
      <trkpt lat="-31.5692095" lon="-68.7224564">
        <ele>772.00000</ele>
      </trkpt>
      <trkpt lat="-31.5692762" lon="-68.7231731">
        <ele>772.00000</ele>
      </trkpt>
      <trkpt lat="-31.5692936" lon="-68.7237576">
        <ele>775.00000</ele>
      </trkpt>
      <trkpt lat="-31.5692370" lon="-68.7241914">
        <ele>775.00000</ele>
      </trkpt>
      <trkpt lat="-31.5692245" lon="-68.7248584">
        <ele>775.00000</ele>
      </trkpt>
      <trkpt lat="-31.5693946" lon="-68.7253335">
        <ele>775.00000</ele>
      </trkpt>
      <trkpt lat="-31.5696862" lon="-68.7259007">
        <ele>776.00000</ele>
      </trkpt>
      <trkpt lat="-31.5699917" lon="-68.7265316">
        <ele>773.00000</ele>
      </trkpt>
      <trkpt lat="-31.5701767" lon="-68.7273383">
        <ele>775.00000</ele>
      </trkpt>
      <trkpt lat="-31.5702553" lon="-68.7276840">
        <ele>772.00000</ele>
      </trkpt>
      <trkpt lat="-31.5702124" lon="-68.7278394">
        <ele>772.00000</ele>
      </trkpt>
      <trkpt lat="-31.5701886" lon="-68.7282162">
        <ele>775.00000</ele>
      </trkpt>
      <trkpt lat="-31.5701215" lon="-68.7287124">
        <ele>777.00000</ele>
      </trkpt>
      <trkpt lat="-31.5701266" lon="-68.7291431">
        <ele>777.00000</ele>
      </trkpt>
      <trkpt lat="-31.5702005" lon="-68.7295587">
        <ele>779.00000</ele>
      </trkpt>
      <trkpt lat="-31.5703773" lon="-68.7300732">
        <ele>778.00000</ele>
      </trkpt>
      <trkpt lat="-31.5702658" lon="-68.7306806">
        <ele>777.00000</ele>
      </trkpt>
      <trkpt lat="-31.5702631" lon="-68.7312654">
        <ele>779.00000</ele>
      </trkpt>
      <trkpt lat="-31.5703743" lon="-68.7320615">
        <ele>780.00000</ele>
      </trkpt>
      <trkpt lat="-31.5704084" lon="-68.7330666">
        <ele>779.00000</ele>
      </trkpt>
      <trkpt lat="-31.5705744" lon="-68.7340059">
        <ele>780.00000</ele>
      </trkpt>
      <trkpt lat="-31.5701929" lon="-68.7351800">
        <ele>782.00000</ele>
      </trkpt>
      <trkpt lat="-31.5701147" lon="-68.7364002">
        <ele>784.00000</ele>
      </trkpt>
      <trkpt lat="-31.5701818" lon="-68.7373251">
        <ele>786.00000</ele>
      </trkpt>
      <trkpt lat="-31.5704946" lon="-68.7382975">
        <ele>786.00000</ele>
      </trkpt>
      <trkpt lat="-31.5710327" lon="-68.7396029">
        <ele>786.00000</ele>
      </trkpt>
      <trkpt lat="-31.5716756" lon="-68.7406663">
        <ele>787.00000</ele>
      </trkpt>
      <trkpt lat="-31.5721450" lon="-68.7416833">
        <ele>788.00000</ele>
      </trkpt>
      <trkpt lat="-31.5726177" lon="-68.7426107">
        <ele>788.00000</ele>
      </trkpt>
      <trkpt lat="-31.5730293" lon="-68.7433131">
        <ele>789.00000</ele>
      </trkpt>
      <trkpt lat="-31.5734451" lon="-68.7441533">
        <ele>790.00000</ele>
      </trkpt>
      <trkpt lat="-31.5739962" lon="-68.7450740">
        <ele>790.00000</ele>
      </trkpt>
      <trkpt lat="-31.5747018" lon="-68.7459388">
        <ele>790.00000</ele>
      </trkpt>
      <trkpt lat="-31.5754871" lon="-68.7465213">
        <ele>792.00000</ele>
      </trkpt>
      <trkpt lat="-31.5758803" lon="-68.7467331">
        <ele>792.00000</ele>
      </trkpt>
      <trkpt lat="-31.5770220" lon="-68.7471778">
        <ele>795.00000</ele>
      </trkpt>
      <trkpt lat="-31.5778282" lon="-68.7475710">
        <ele>794.00000</ele>
      </trkpt>
      <trkpt lat="-31.5784229" lon="-68.7478809">
        <ele>796.00000</ele>
      </trkpt>
      <trkpt lat="-31.5786233" lon="-68.7480906">
        <ele>796.00000</ele>
      </trkpt>
      <trkpt lat="-31.5784773" lon="-68.7491424">
        <ele>796.00000</ele>
      </trkpt>
      <trkpt lat="-31.5783042" lon="-68.7501954">
        <ele>801.00000</ele>
      </trkpt>
      <trkpt lat="-31.5781116" lon="-68.7518518">
        <ele>797.00000</ele>
      </trkpt>
      <trkpt lat="-31.5786782" lon="-68.7520478">
        <ele>795.00000</ele>
      </trkpt>
      <trkpt lat="-31.5784856" lon="-68.7524610">
        <ele>795.00000</ele>
      </trkpt>
      <trkpt lat="-31.5781851" lon="-68.7530230">
        <ele>798.00000</ele>
      </trkpt>
      <trkpt lat="-31.5775451" lon="-68.7539424">
        <ele>799.00000</ele>
      </trkpt>
      <trkpt lat="-31.5768816" lon="-68.7548530">
        <ele>795.00000</ele>
      </trkpt>
      <trkpt lat="-31.5763893" lon="-68.7549036">
        <ele>796.00000</ele>
      </trkpt>
      <trkpt lat="-31.5758274" lon="-68.7549556">
        <ele>799.00000</ele>
      </trkpt>
      <trkpt lat="-31.5754869" lon="-68.7549762">
        <ele>799.00000</ele>
      </trkpt>
      <trkpt lat="-31.5752716" lon="-68.7550097">
        <ele>799.00000</ele>
      </trkpt>
      <trkpt lat="-31.5751516" lon="-68.7553324">
        <ele>801.00000</ele>
      </trkpt>
      <trkpt lat="-31.5744655" lon="-68.7555186">
        <ele>801.00000</ele>
      </trkpt>
      <trkpt lat="-31.5741616" lon="-68.7555347">
        <ele>801.00000</ele>
      </trkpt>
      <trkpt lat="-31.5738819" lon="-68.7556436">
        <ele>801.00000</ele>
      </trkpt>
      <trkpt lat="-31.5732112" lon="-68.7560158">
        <ele>802.00000</ele>
      </trkpt>
      <trkpt lat="-31.5728795" lon="-68.7565563">
        <ele>802.00000</ele>
      </trkpt>
      <trkpt lat="-31.5723681" lon="-68.7573253">
        <ele>802.00000</ele>
      </trkpt>
      <trkpt lat="-31.5722196" lon="-68.7576668">
        <ele>803.00000</ele>
      </trkpt>
      <trkpt lat="-31.5722238" lon="-68.7583527">
        <ele>806.00000</ele>
      </trkpt>
      <trkpt lat="-31.5723189" lon="-68.7587966">
        <ele>810.00000</ele>
      </trkpt>
      <trkpt lat="-31.5728309" lon="-68.7597648">
        <ele>828.00000</ele>
      </trkpt>
      <trkpt lat="-31.5727703" lon="-68.7604257">
        <ele>840.00000</ele>
      </trkpt>
      <trkpt lat="-31.5730366" lon="-68.7611335">
        <ele>856.00000</ele>
      </trkpt>
      <trkpt lat="-31.5731435" lon="-68.7620835">
        <ele>878.00000</ele>
      </trkpt>
      <trkpt lat="-31.5732455" lon="-68.7629717">
        <ele>893.00000</ele>
      </trkpt>
      <trkpt lat="-31.5733204" lon="-68.7636276">
        <ele>905.00000</ele>
      </trkpt>
      <trkpt lat="-31.5734750" lon="-68.7642862">
        <ele>915.00000</ele>
      </trkpt>
      <trkpt lat="-31.5734529" lon="-68.7646058">
        <ele>919.00000</ele>
      </trkpt>
      <trkpt lat="-31.5734231" lon="-68.7648724">
        <ele>923.00000</ele>
      </trkpt>
      <trkpt lat="-31.5733392" lon="-68.7654444">
        <ele>934.00000</ele>
      </trkpt>
      <trkpt lat="-31.5733164" lon="-68.7658624">
        <ele>942.00000</ele>
      </trkpt>
      <trkpt lat="-31.5731399" lon="-68.7663339">
        <ele>953.00000</ele>
      </trkpt>
      <trkpt lat="-31.5730541" lon="-68.7668673">
        <ele>961.00000</ele>
      </trkpt>
      <trkpt lat="-31.5730232" lon="-68.7672654">
        <ele>966.00000</ele>
      </trkpt>
      <trkpt lat="-31.5728644" lon="-68.7678111">
        <ele>977.00000</ele>
      </trkpt>
      <trkpt lat="-31.5729910" lon="-68.7681537">
        <ele>985.00000</ele>
      </trkpt>
      <trkpt lat="-31.5731910" lon="-68.7687600">
        <ele>997.00000</ele>
      </trkpt>
      <trkpt lat="-31.5733022" lon="-68.7689543">
        <ele>1001.0000</ele>
      </trkpt>
      <trkpt lat="-31.5737944" lon="-68.7702158">
        <ele>1024.0000</ele>
      </trkpt>
      <trkpt lat="-31.5736867" lon="-68.7707947">
        <ele>1040.0000</ele>
      </trkpt>
      <trkpt lat="-31.5737098" lon="-68.7713197">
        <ele>1049.0000</ele>
      </trkpt>
      <trkpt lat="-31.5737965" lon="-68.7718648">
        <ele>1060.0000</ele>
      </trkpt>
      <trkpt lat="-31.5739531" lon="-68.7724285">
        <ele>1072.0000</ele>
      </trkpt>
      <trkpt lat="-31.5741521" lon="-68.7729674">
        <ele>1082.0000</ele>
      </trkpt>
      <trkpt lat="-31.5744760" lon="-68.7731984">
        <ele>1093.0000</ele>
      </trkpt>
      <trkpt lat="-31.5748646" lon="-68.7735697">
        <ele>1104.0000</ele>
      </trkpt>
      <trkpt lat="-31.5756160" lon="-68.7737822">
        <ele>1121.0000</ele>
      </trkpt>
      <trkpt lat="-31.5758974" lon="-68.7738250">
        <ele>1129.0000</ele>
      </trkpt>
      <trkpt lat="-31.5762046" lon="-68.7740352">
        <ele>1136.0000</ele>
      </trkpt>
      <trkpt lat="-31.5765716" lon="-68.7742928">
        <ele>1144.0000</ele>
      </trkpt>
      <trkpt lat="-31.5767680" lon="-68.7745202">
        <ele>1152.0000</ele>
      </trkpt>
      <trkpt lat="-31.5768017" lon="-68.7749750">
        <ele>1157.0000</ele>
      </trkpt>
      <trkpt lat="-31.5769045" lon="-68.7752358">
        <ele>1166.0000</ele>
      </trkpt>
      <trkpt lat="-31.5770281" lon="-68.7755460">
        <ele>1177.0000</ele>
      </trkpt>
      <trkpt lat="-31.5772084" lon="-68.7758259">
        <ele>1185.0000</ele>
      </trkpt>
      <trkpt lat="-31.5773455" lon="-68.7760179">
        <ele>1191.0000</ele>
      </trkpt>
      <trkpt lat="-31.5775452" lon="-68.7762154">
        <ele>1197.0000</ele>
      </trkpt>
      <trkpt lat="-31.5777132" lon="-68.7763784">
        <ele>1202.0000</ele>
      </trkpt>
      <trkpt lat="-31.5780314" lon="-68.7764241">
        <ele>1205.0000</ele>
      </trkpt>
      <trkpt lat="-31.5783706" lon="-68.7765791">
        <ele>1213.0000</ele>
      </trkpt>
      <trkpt lat="-31.5784483" lon="-68.7769784">
        <ele>1225.0000</ele>
      </trkpt>
      <trkpt lat="-31.5785452" lon="-68.7773898">
        <ele>1235.0000</ele>
      </trkpt>
      <trkpt lat="-31.5786368" lon="-68.7778433">
        <ele>1244.0000</ele>
      </trkpt>
      <trkpt lat="-31.5786497" lon="-68.7782215">
        <ele>1257.0000</ele>
      </trkpt>
      <trkpt lat="-31.5787107" lon="-68.7785683">
        <ele>1263.0000</ele>
      </trkpt>
      <trkpt lat="-31.5787871" lon="-68.7788403">
        <ele>1269.0000</ele>
      </trkpt>
      <trkpt lat="-31.5786975" lon="-68.7790854">
        <ele>1271.0000</ele>
      </trkpt>
      <trkpt lat="-31.5786067" lon="-68.7792978">
        <ele>1273.0000</ele>
      </trkpt>
      <trkpt lat="-31.5785918" lon="-68.7795833">
        <ele>1282.0000</ele>
      </trkpt>
      <trkpt lat="-31.5784985" lon="-68.7799237">
        <ele>1294.0000</ele>
      </trkpt>
      <trkpt lat="-31.5783593" lon="-68.7802597">
        <ele>1302.0000</ele>
      </trkpt>
      <trkpt lat="-31.5782989" lon="-68.7804406">
        <ele>1304.0000</ele>
      </trkpt>
      <trkpt lat="-31.5783039" lon="-68.7806370">
        <ele>1310.0000</ele>
      </trkpt>
      <trkpt lat="-31.5782193" lon="-68.7808916">
        <ele>1319.0000</ele>
      </trkpt>
      <trkpt lat="-31.5780991" lon="-68.7809775">
        <ele>1320.0000</ele>
      </trkpt>
      <trkpt lat="-31.5780081" lon="-68.7812144">
        <ele>1328.0000</ele>
      </trkpt>
      <trkpt lat="-31.5779795" lon="-68.7814633">
        <ele>1335.0000</ele>
      </trkpt>
      <trkpt lat="-31.5778957" lon="-68.7817474">
        <ele>1342.0000</ele>
      </trkpt>
      <trkpt lat="-31.5778550" lon="-68.7820231">
        <ele>1349.0000</ele>
      </trkpt>
      <trkpt lat="-31.5777413" lon="-68.7822465">
        <ele>1353.0000</ele>
      </trkpt>
      <trkpt lat="-31.5776333" lon="-68.7825722">
        <ele>1363.0000</ele>
      </trkpt>
      <trkpt lat="-31.5774542" lon="-68.7828584">
        <ele>1373.0000</ele>
      </trkpt>
      <trkpt lat="-31.5773068" lon="-68.7830026">
        <ele>1379.0000</ele>
      </trkpt>
      <trkpt lat="-31.5772011" lon="-68.7833318">
        <ele>1394.0000</ele>
      </trkpt>
      <trkpt lat="-31.5771632" lon="-68.7836897">
        <ele>1405.0000</ele>
      </trkpt>
      <trkpt lat="-31.5771315" lon="-68.7838780">
        <ele>1412.0000</ele>
      </trkpt>
      <trkpt lat="-31.5771220" lon="-68.7839336">
        <ele>1413.0000</ele>
      </trkpt>
      <trkpt lat="-31.5770967" lon="-68.7839510">
        <ele>1414.0000</ele>
      </trkpt>
      <trkpt lat="-31.5770358" lon="-68.7840906">
        <ele>1417.0000</ele>
      </trkpt>
      <trkpt lat="-31.5770185" lon="-68.7842736">
        <ele>1421.0000</ele>
      </trkpt>
      <trkpt lat="-31.5770067" lon="-68.7844515">
        <ele>1425.0000</ele>
      </trkpt>
      <trkpt lat="-31.5770006" lon="-68.7845941">
        <ele>1428.0000</ele>
      </trkpt>
      <trkpt lat="-31.5770045" lon="-68.7847433">
        <ele>1431.0000</ele>
      </trkpt>
      <trkpt lat="-31.5769952" lon="-68.7848553">
        <ele>1434.0000</ele>
      </trkpt>
      <trkpt lat="-31.5769722" lon="-68.7849398">
        <ele>1437.0000</ele>
      </trkpt>
      <trkpt lat="-31.5770032" lon="-68.7850940">
        <ele>1442.0000</ele>
      </trkpt>
      <trkpt lat="-31.5769704" lon="-68.7852600">
        <ele>1450.0000</ele>
      </trkpt>
      <trkpt lat="-31.5769238" lon="-68.7853509">
        <ele>1454.0000</ele>
      </trkpt>
      <trkpt lat="-31.5769522" lon="-68.7855184">
        <ele>1456.0000</ele>
      </trkpt>
      <trkpt lat="-31.5769336" lon="-68.7856478">
        <ele>1459.0000</ele>
      </trkpt>
      <trkpt lat="-31.5769904" lon="-68.7858783">
        <ele>1462.0000</ele>
      </trkpt>
      <trkpt lat="-31.5770056" lon="-68.7859642">
        <ele>1465.0000</ele>
      </trkpt>
      <trkpt lat="-31.5770213" lon="-68.7861015">
        <ele>1468.0000</ele>
      </trkpt>
      <trkpt lat="-31.5771166" lon="-68.7862878">
        <ele>1472.0000</ele>
      </trkpt>
      <trkpt lat="-31.5771520" lon="-68.7863934">
        <ele>1475.0000</ele>
      </trkpt>
      <trkpt lat="-31.5771342" lon="-68.7865528">
        <ele>1481.0000</ele>
      </trkpt>
      <trkpt lat="-31.5770973" lon="-68.7866457">
        <ele>1484.0000</ele>
      </trkpt>
      <trkpt lat="-31.5770251" lon="-68.7867478">
        <ele>1488.0000</ele>
      </trkpt>
      <trkpt lat="-31.5768706" lon="-68.7867990">
        <ele>1494.0000</ele>
      </trkpt>
      <trkpt lat="-31.5767209" lon="-68.7868175">
        <ele>1500.0000</ele>
      </trkpt>
      <trkpt lat="-31.5765957" lon="-68.7868159">
        <ele>1507.0000</ele>
      </trkpt>
      <trkpt lat="-31.5763566" lon="-68.7868791">
        <ele>1525.0000</ele>
      </trkpt>
      <trkpt lat="-31.5762835" lon="-68.7869610">
        <ele>1534.0000</ele>
      </trkpt>
      <trkpt lat="-31.5761914" lon="-68.7870054">
        <ele>1543.0000</ele>
      </trkpt>
      <trkpt lat="-31.5761199" lon="-68.7870191">
        <ele>1550.0000</ele>
      </trkpt>
      <trkpt lat="-31.5760924" lon="-68.7870632">
        <ele>1553.0000</ele>
      </trkpt>
      <trkpt lat="-31.5760294" lon="-68.7870753">
        <ele>1556.0000</ele>
      </trkpt>
      <trkpt lat="-31.5760169" lon="-68.7870904">
        <ele>1557.0000</ele>
      </trkpt>
      <trkpt lat="-31.5760099" lon="-68.7871016">
        <ele>1558.0000</ele>
      </trkpt>
      <trkpt lat="-31.5759805" lon="-68.7871681">
        <ele>1561.0000</ele>
      </trkpt>
      <trkpt lat="-31.5759188" lon="-68.7872134">
        <ele>1565.0000</ele>
      </trkpt>
      <trkpt lat="-31.5758800" lon="-68.7872605">
        <ele>1568.0000</ele>
      </trkpt>
      <trkpt lat="-31.5758677" lon="-68.7872690">
        <ele>1569.0000</ele>
      </trkpt>
      <trkpt lat="-31.5758011" lon="-68.7873382">
        <ele>1573.0000</ele>
      </trkpt>
      <trkpt lat="-31.5757954" lon="-68.7874006">
        <ele>1574.0000</ele>
      </trkpt>
      <trkpt lat="-31.5757972" lon="-68.7875017">
        <ele>1576.0000</ele>
      </trkpt>
      <trkpt lat="-31.5757775" lon="-68.7875660">
        <ele>1578.0000</ele>
      </trkpt>
      <trkpt lat="-31.5757100" lon="-68.7876206">
        <ele>1583.0000</ele>
      </trkpt>
      <trkpt lat="-31.5756476" lon="-68.7877009">
        <ele>1588.0000</ele>
      </trkpt>
      <trkpt lat="-31.5756201" lon="-68.7877686">
        <ele>1590.0000</ele>
      </trkpt>
      <trkpt lat="-31.5756048" lon="-68.7877864">
        <ele>1592.0000</ele>
      </trkpt>
      <trkpt lat="-31.5755919" lon="-68.7878991">
        <ele>1596.0000</ele>
      </trkpt>
      <trkpt lat="-31.5755410" lon="-68.7879471">
        <ele>1600.0000</ele>
      </trkpt>
      <trkpt lat="-31.5755210" lon="-68.7877956">
        <ele>1595.0000</ele>
      </trkpt>
      <trkpt lat="-31.5755326" lon="-68.7876245">
        <ele>1590.0000</ele>
      </trkpt>
      <trkpt lat="-31.5755257" lon="-68.7874667">
        <ele>1586.0000</ele>
      </trkpt>
      <trkpt lat="-31.5755009" lon="-68.7873282">
        <ele>1585.0000</ele>
      </trkpt>
      <trkpt lat="-31.5754682" lon="-68.7871787">
        <ele>1584.0000</ele>
      </trkpt>
      <trkpt lat="-31.5754858" lon="-68.7869816">
        <ele>1580.0000</ele>
      </trkpt>
      <trkpt lat="-31.5754792" lon="-68.7869025">
        <ele>1579.0000</ele>
      </trkpt>
      <trkpt lat="-31.5755031" lon="-68.7868056">
        <ele>1575.0000</ele>
      </trkpt>
      <trkpt lat="-31.5755190" lon="-68.7867501">
        <ele>1573.0000</ele>
      </trkpt>
      <trkpt lat="-31.5753914" lon="-68.7867077">
        <ele>1580.0000</ele>
      </trkpt>
      <trkpt lat="-31.5752853" lon="-68.7868727">
        <ele>1588.0000</ele>
      </trkpt>
      <trkpt lat="-31.5752102" lon="-68.7870103">
        <ele>1592.0000</ele>
      </trkpt>
      <trkpt lat="-31.5751697" lon="-68.7870773">
        <ele>1594.0000</ele>
      </trkpt>
      <trkpt lat="-31.5751346" lon="-68.7871713">
        <ele>1596.0000</ele>
      </trkpt>
      <trkpt lat="-31.5750535" lon="-68.7873325">
        <ele>1601.0000</ele>
      </trkpt>
      <trkpt lat="-31.5750002" lon="-68.7875062">
        <ele>1605.0000</ele>
      </trkpt>
      <trkpt lat="-31.5749276" lon="-68.7876762">
        <ele>1609.0000</ele>
      </trkpt>
      <trkpt lat="-31.5746872" lon="-68.7881955">
        <ele>1631.0000</ele>
      </trkpt>
      <trkpt lat="-31.5744093" lon="-68.7883672">
        <ele>1645.0000</ele>
      </trkpt>
      <trkpt lat="-31.5743351" lon="-68.7883885">
        <ele>1648.0000</ele>
      </trkpt>
      <trkpt lat="-31.5741828" lon="-68.7884724">
        <ele>1658.0000</ele>
      </trkpt>
      <trkpt lat="-31.5740395" lon="-68.7885027">
        <ele>1662.0000</ele>
      </trkpt>
      <trkpt lat="-31.5739238" lon="-68.7885856">
        <ele>1667.0000</ele>
      </trkpt>
      <trkpt lat="-31.5737335" lon="-68.7887219">
        <ele>1675.0000</ele>
      </trkpt>
      <trkpt lat="-31.5736164" lon="-68.7889006">
        <ele>1684.0000</ele>
      </trkpt>
      <trkpt lat="-31.5735635" lon="-68.7890046">
        <ele>1686.0000</ele>
      </trkpt>
      <trkpt lat="-31.5735687" lon="-68.7887613">
        <ele>1676.0000</ele>
      </trkpt>
      <trkpt lat="-31.5737526" lon="-68.7886161">
        <ele>1669.0000</ele>
      </trkpt>
      <trkpt lat="-31.5738830" lon="-68.7885185">
        <ele>1664.0000</ele>
      </trkpt>
      <trkpt lat="-31.5740814" lon="-68.7884390">
        <ele>1657.0000</ele>
      </trkpt>
      <trkpt lat="-31.5745493" lon="-68.7882344">
        <ele>1636.0000</ele>
      </trkpt>
      <trkpt lat="-31.5747033" lon="-68.7880514">
        <ele>1628.0000</ele>
      </trkpt>
      <trkpt lat="-31.5748133" lon="-68.7878529">
        <ele>1617.0000</ele>
      </trkpt>
      <trkpt lat="-31.5748600" lon="-68.7877373">
        <ele>1612.0000</ele>
      </trkpt>
      <trkpt lat="-31.5749808" lon="-68.7874132">
        <ele>1604.0000</ele>
      </trkpt>
      <trkpt lat="-31.5753262" lon="-68.7867356">
        <ele>1584.0000</ele>
      </trkpt>
      <trkpt lat="-31.5754975" lon="-68.7866797">
        <ele>1573.0000</ele>
      </trkpt>
      <trkpt lat="-31.5755146" lon="-68.7870866">
        <ele>1581.0000</ele>
      </trkpt>
      <trkpt lat="-31.5755036" lon="-68.7875265">
        <ele>1588.0000</ele>
      </trkpt>
      <trkpt lat="-31.5755938" lon="-68.7879763">
        <ele>1599.0000</ele>
      </trkpt>
      <trkpt lat="-31.5756968" lon="-68.7877203">
        <ele>1586.0000</ele>
      </trkpt>
      <trkpt lat="-31.5758138" lon="-68.7874607">
        <ele>1575.0000</ele>
      </trkpt>
      <trkpt lat="-31.5758698" lon="-68.7873188">
        <ele>1570.0000</ele>
      </trkpt>
      <trkpt lat="-31.5759866" lon="-68.7872126">
        <ele>1562.0000</ele>
      </trkpt>
      <trkpt lat="-31.5760112" lon="-68.7871564">
        <ele>1559.0000</ele>
      </trkpt>
      <trkpt lat="-31.5760607" lon="-68.7871097">
        <ele>1555.0000</ele>
      </trkpt>
      <trkpt lat="-31.5760901" lon="-68.7870228">
        <ele>1552.0000</ele>
      </trkpt>
      <trkpt lat="-31.5761508" lon="-68.7869589">
        <ele>1545.0000</ele>
      </trkpt>
      <trkpt lat="-31.5762158" lon="-68.7869444">
        <ele>1539.0000</ele>
      </trkpt>
      <trkpt lat="-31.5764255" lon="-68.7868087">
        <ele>1519.0000</ele>
      </trkpt>
      <trkpt lat="-31.5765308" lon="-68.7867875">
        <ele>1511.0000</ele>
      </trkpt>
      <trkpt lat="-31.5766676" lon="-68.7867612">
        <ele>1501.0000</ele>
      </trkpt>
      <trkpt lat="-31.5768316" lon="-68.7867469">
        <ele>1494.0000</ele>
      </trkpt>
      <trkpt lat="-31.5769603" lon="-68.7867203">
        <ele>1489.0000</ele>
      </trkpt>
      <trkpt lat="-31.5770385" lon="-68.7866557">
        <ele>1486.0000</ele>
      </trkpt>
      <trkpt lat="-31.5770863" lon="-68.7865712">
        <ele>1482.0000</ele>
      </trkpt>
      <trkpt lat="-31.5770953" lon="-68.7865266">
        <ele>1481.0000</ele>
      </trkpt>
      <trkpt lat="-31.5771065" lon="-68.7864709">
        <ele>1479.0000</ele>
      </trkpt>
      <trkpt lat="-31.5769868" lon="-68.7853934">
        <ele>1453.0000</ele>
      </trkpt>
      <trkpt lat="-31.5769532" lon="-68.7846546">
        <ele>1431.0000</ele>
      </trkpt>
      <trkpt lat="-31.5769987" lon="-68.7841760">
        <ele>1419.0000</ele>
      </trkpt>
      <trkpt lat="-31.5771268" lon="-68.7837809">
        <ele>1409.0000</ele>
      </trkpt>
      <trkpt lat="-31.5771411" lon="-68.7835178">
        <ele>1402.0000</ele>
      </trkpt>
      <trkpt lat="-31.5771643" lon="-68.7831816">
        <ele>1389.0000</ele>
      </trkpt>
      <trkpt lat="-31.5772163" lon="-68.7830159">
        <ele>1380.0000</ele>
      </trkpt>
      <trkpt lat="-31.5772991" lon="-68.7828856">
        <ele>1376.0000</ele>
      </trkpt>
      <trkpt lat="-31.5773875" lon="-68.7828561">
        <ele>1374.0000</ele>
      </trkpt>
      <trkpt lat="-31.5773508" lon="-68.7828281">
        <ele>1374.0000</ele>
      </trkpt>
      <trkpt lat="-31.5774631" lon="-68.7826871">
        <ele>1367.0000</ele>
      </trkpt>
      <trkpt lat="-31.5775692" lon="-68.7824305">
        <ele>1359.0000</ele>
      </trkpt>
      <trkpt lat="-31.5777068" lon="-68.7821177">
        <ele>1352.0000</ele>
      </trkpt>
      <trkpt lat="-31.5777969" lon="-68.7816889">
        <ele>1339.0000</ele>
      </trkpt>
      <trkpt lat="-31.5778866" lon="-68.7815968">
        <ele>1338.0000</ele>
      </trkpt>
      <trkpt lat="-31.5780117" lon="-68.7809419">
        <ele>1318.0000</ele>
      </trkpt>
      <trkpt lat="-31.5780930" lon="-68.7806135">
        <ele>1307.0000</ele>
      </trkpt>
      <trkpt lat="-31.5780939" lon="-68.7801778">
        <ele>1295.0000</ele>
      </trkpt>
      <trkpt lat="-31.5783677" lon="-68.7796594">
        <ele>1281.0000</ele>
      </trkpt>
      <trkpt lat="-31.5784266" lon="-68.7794153">
        <ele>1274.0000</ele>
      </trkpt>
      <trkpt lat="-31.5785230" lon="-68.7790987">
        <ele>1268.0000</ele>
      </trkpt>
      <trkpt lat="-31.5786350" lon="-68.7789748">
        <ele>1267.0000</ele>
      </trkpt>
      <trkpt lat="-31.5786200" lon="-68.7787592">
        <ele>1263.0000</ele>
      </trkpt>
      <trkpt lat="-31.5785273" lon="-68.7784234">
        <ele>1259.0000</ele>
      </trkpt>
      <trkpt lat="-31.5784717" lon="-68.7780553">
        <ele>1248.0000</ele>
      </trkpt>
      <trkpt lat="-31.5784124" lon="-68.7776894">
        <ele>1236.0000</ele>
      </trkpt>
      <trkpt lat="-31.5782391" lon="-68.7771988">
        <ele>1225.0000</ele>
      </trkpt>
      <trkpt lat="-31.5782309" lon="-68.7767943">
        <ele>1215.0000</ele>
      </trkpt>
      <trkpt lat="-31.5781588" lon="-68.7765547">
        <ele>1209.0000</ele>
      </trkpt>
      <trkpt lat="-31.5777260" lon="-68.7764465">
        <ele>1204.0000</ele>
      </trkpt>
      <trkpt lat="-31.5773303" lon="-68.7761755">
        <ele>1194.0000</ele>
      </trkpt>
      <trkpt lat="-31.5770910" lon="-68.7759207">
        <ele>1186.0000</ele>
      </trkpt>
      <trkpt lat="-31.5768680" lon="-68.7755898">
        <ele>1176.0000</ele>
      </trkpt>
      <trkpt lat="-31.5766568" lon="-68.7752463">
        <ele>1165.0000</ele>
      </trkpt>
      <trkpt lat="-31.5765639" lon="-68.7748449">
        <ele>1153.0000</ele>
      </trkpt>
      <trkpt lat="-31.5765071" lon="-68.7745218">
        <ele>1149.0000</ele>
      </trkpt>
      <trkpt lat="-31.5763184" lon="-68.7743276">
        <ele>1144.0000</ele>
      </trkpt>
      <trkpt lat="-31.5761483" lon="-68.7741235">
        <ele>1139.0000</ele>
      </trkpt>
      <trkpt lat="-31.5752101" lon="-68.7737699">
        <ele>1114.0000</ele>
      </trkpt>
      <trkpt lat="-31.5739067" lon="-68.7726481">
        <ele>1074.0000</ele>
      </trkpt>
      <trkpt lat="-31.5738218" lon="-68.7711183">
        <ele>1047.0000</ele>
      </trkpt>
      <trkpt lat="-31.5735824" lon="-68.7697481">
        <ele>1018.0000</ele>
      </trkpt>
      <trkpt lat="-31.5729392" lon="-68.7683501">
        <ele>988.00000</ele>
      </trkpt>
      <trkpt lat="-31.5731891" lon="-68.7660327">
        <ele>947.00000</ele>
      </trkpt>
      <trkpt lat="-31.5733241" lon="-68.7651583">
        <ele>929.00000</ele>
      </trkpt>
      <trkpt lat="-31.5734667" lon="-68.7640543">
        <ele>911.00000</ele>
      </trkpt>
      <trkpt lat="-31.5732187" lon="-68.7626201">
        <ele>887.00000</ele>
      </trkpt>
      <trkpt lat="-31.5731618" lon="-68.7615960">
        <ele>866.00000</ele>
      </trkpt>
      <trkpt lat="-31.5727169" lon="-68.7600981">
        <ele>833.00000</ele>
      </trkpt>
      <trkpt lat="-31.5725085" lon="-68.7592102">
        <ele>815.00000</ele>
      </trkpt>
      <trkpt lat="-31.5722370" lon="-68.7579974">
        <ele>805.00000</ele>
      </trkpt>
      <trkpt lat="-31.5725211" lon="-68.7569734">
        <ele>801.00000</ele>
      </trkpt>
      <trkpt lat="-31.5729816" lon="-68.7562983">
        <ele>802.00000</ele>
      </trkpt>
      <trkpt lat="-31.5736237" lon="-68.7557815">
        <ele>801.00000</ele>
      </trkpt>
      <trkpt lat="-31.5747762" lon="-68.7554273">
        <ele>801.00000</ele>
      </trkpt>
      <trkpt lat="-31.5760295" lon="-68.7549028">
        <ele>798.00000</ele>
      </trkpt>
      <trkpt lat="-31.5770189" lon="-68.7546586">
        <ele>796.00000</ele>
      </trkpt>
      <trkpt lat="-31.5777449" lon="-68.7535014">
        <ele>799.00000</ele>
      </trkpt>
      <trkpt lat="-31.5783603" lon="-68.7527121">
        <ele>795.00000</ele>
      </trkpt>
      <trkpt lat="-31.5786269" lon="-68.7522397">
        <ele>795.00000</ele>
      </trkpt>
      <trkpt lat="-31.5783311" lon="-68.7519364">
        <ele>796.00000</ele>
      </trkpt>
      <trkpt lat="-31.5781050" lon="-68.7514699">
        <ele>798.00000</ele>
      </trkpt>
      <trkpt lat="-31.5782957" lon="-68.7507508">
        <ele>799.00000</ele>
      </trkpt>
      <trkpt lat="-31.5786231" lon="-68.7478995">
        <ele>796.00000</ele>
      </trkpt>
      <trkpt lat="-31.5776381" lon="-68.7472868">
        <ele>794.00000</ele>
      </trkpt>
      <trkpt lat="-31.5749682" lon="-68.7462146">
        <ele>791.00000</ele>
      </trkpt>
      <trkpt lat="-31.5743194" lon="-68.7454879">
        <ele>789.00000</ele>
      </trkpt>
      <trkpt lat="-31.5736810" lon="-68.7446271">
        <ele>789.00000</ele>
      </trkpt>
      <trkpt lat="-31.5727317" lon="-68.7429414">
        <ele>790.00000</ele>
      </trkpt>
      <trkpt lat="-31.5714034" lon="-68.7401259">
        <ele>788.00000</ele>
      </trkpt>
      <trkpt lat="-31.5702489" lon="-68.7378329">
        <ele>785.00000</ele>
      </trkpt>
      <trkpt lat="-31.5700271" lon="-68.7357900">
        <ele>781.00000</ele>
      </trkpt>
      <trkpt lat="-31.5703922" lon="-68.7346429">
        <ele>782.00000</ele>
      </trkpt>
      <trkpt lat="-31.5704401" lon="-68.7334701">
        <ele>779.00000</ele>
      </trkpt>
      <trkpt lat="-31.5703853" lon="-68.7324986">
        <ele>780.00000</ele>
      </trkpt>
      <trkpt lat="-31.5702330" lon="-68.7303350">
        <ele>777.00000</ele>
      </trkpt>
      <trkpt lat="-31.5700210" lon="-68.7268284">
        <ele>775.00000</ele>
      </trkpt>
      <trkpt lat="-31.5690015" lon="-68.7243934">
        <ele>774.00000</ele>
      </trkpt>
      <trkpt lat="-31.5690823" lon="-68.7214276">
        <ele>777.00000</ele>
      </trkpt>
      <trkpt lat="-31.5693414" lon="-68.7190367">
        <ele>772.00000</ele>
      </trkpt>
      <trkpt lat="-31.5695246" lon="-68.7179752">
        <ele>771.00000</ele>
      </trkpt>
      <trkpt lat="-31.5679731" lon="-68.7136741">
        <ele>769.00000</ele>
      </trkpt>
      <trkpt lat="-31.5669403" lon="-68.7119494">
        <ele>773.00000</ele>
      </trkpt>
      <trkpt lat="-31.5641376" lon="-68.7076733">
        <ele>772.00000</ele>
      </trkpt>
      <trkpt lat="-31.5640654" lon="-68.7075780">
        <ele>772.00000</ele>
      </trkpt>
      <trkpt lat="-31.5639408" lon="-68.7075411">
        <ele>772.00000</ele>
      </trkpt>
      <trkpt lat="-31.5637139" lon="-68.7074591">
        <ele>776.00000</ele>
      </trkpt>
      <trkpt lat="-31.5635794" lon="-68.7074394">
        <ele>779.00000</ele>
      </trkpt>
      <trkpt lat="-31.5634970" lon="-68.7075574">
        <ele>778.00000</ele>
      </trkpt>
      <trkpt lat="-31.5634190" lon="-68.7077287">
        <ele>774.00000</ele>
      </trkpt>
      <trkpt lat="-31.5632623" lon="-68.7078341">
        <ele>773.00000</ele>
      </trkpt>
      <trkpt lat="-31.5632221" lon="-68.7078518">
        <ele>773.00000</ele>
      </trkpt>
      <trkpt lat="-31.5629616" lon="-68.7079471">
        <ele>771.00000</ele>
      </trkpt>
      <trkpt lat="-31.5624346" lon="-68.7077371">
        <ele>780.00000</ele>
      </trkpt>
      <trkpt lat="-31.5619465" lon="-68.7074736">
        <ele>787.00000</ele>
      </trkpt>
      <trkpt lat="-31.5615575" lon="-68.7073247">
        <ele>782.00000</ele>
      </trkpt>
      <trkpt lat="-31.5609495" lon="-68.7069817">
        <ele>777.00000</ele>
      </trkpt>
      <trkpt lat="-31.5604438" lon="-68.7066784">
        <ele>776.00000</ele>
      </trkpt>
      <trkpt lat="-31.5603833" lon="-68.7066254">
        <ele>776.00000</ele>
      </trkpt>
      <trkpt lat="-31.5602570" lon="-68.7066675">
        <ele>773.00000</ele>
      </trkpt>
      <trkpt lat="-31.5601507" lon="-68.7066700">
        <ele>771.00000</ele>
      </trkpt>
      <trkpt lat="-31.5599897" lon="-68.7066016">
        <ele>769.00000</ele>
      </trkpt>
      <trkpt lat="-31.5597887" lon="-68.7065399">
        <ele>768.00000</ele>
      </trkpt>
      <trkpt lat="-31.5596465" lon="-68.7064733">
        <ele>767.00000</ele>
      </trkpt>
      <trkpt lat="-31.5595365" lon="-68.7064295">
        <ele>765.00000</ele>
      </trkpt>
      <trkpt lat="-31.5594549" lon="-68.7063796">
        <ele>763.00000</ele>
      </trkpt>
      <trkpt lat="-31.5593408" lon="-68.7063074">
        <ele>764.00000</ele>
      </trkpt>
      <trkpt lat="-31.5592598" lon="-68.7062547">
        <ele>765.00000</ele>
      </trkpt>
      <trkpt lat="-31.5589211" lon="-68.7060616">
        <ele>769.00000</ele>
      </trkpt>
      <trkpt lat="-31.5587769" lon="-68.7059893">
        <ele>769.00000</ele>
      </trkpt>
      <trkpt lat="-31.5585753" lon="-68.7058759">
        <ele>767.00000</ele>
      </trkpt>
      <trkpt lat="-31.5584215" lon="-68.7058021">
        <ele>768.00000</ele>
      </trkpt>
      <trkpt lat="-31.5580763" lon="-68.7056244">
        <ele>770.00000</ele>
      </trkpt>
      <trkpt lat="-31.5579797" lon="-68.7055620">
        <ele>770.00000</ele>
      </trkpt>
      <trkpt lat="-31.5578638" lon="-68.7054913">
        <ele>769.00000</ele>
      </trkpt>
      <trkpt lat="-31.5578276" lon="-68.7054728">
        <ele>768.00000</ele>
      </trkpt>
      <trkpt lat="-31.5577434" lon="-68.7054256">
        <ele>767.00000</ele>
      </trkpt>
      <trkpt lat="-31.5575632" lon="-68.7053380">
        <ele>766.00000</ele>
      </trkpt>
      <trkpt lat="-31.5575838" lon="-68.7053121">
        <ele>766.00000</ele>
      </trkpt>
      <trkpt lat="-31.5575935" lon="-68.7052801">
        <ele>766.00000</ele>
      </trkpt>
      <trkpt lat="-31.5576585" lon="-68.7052017">
        <ele>767.00000</ele>
      </trkpt>
      <trkpt lat="-31.5576821" lon="-68.7050938">
        <ele>769.00000</ele>
      </trkpt>
      <trkpt lat="-31.5576638" lon="-68.7050206">
        <ele>769.00000</ele>
      </trkpt>
      <trkpt lat="-31.5575843" lon="-68.7049749">
        <ele>769.00000</ele>
      </trkpt>
      <trkpt lat="-31.5575191" lon="-68.7049077">
        <ele>770.00000</ele>
      </trkpt>
      <trkpt lat="-31.5575446" lon="-68.7047951">
        <ele>772.00000</ele>
      </trkpt>
      <trkpt lat="-31.5575115" lon="-68.7047421">
        <ele>772.00000</ele>
      </trkpt>
      <trkpt lat="-31.5573540" lon="-68.7047238">
        <ele>772.00000</ele>
      </trkpt>
      <trkpt lat="-31.5572922" lon="-68.7046539">
        <ele>772.00000</ele>
      </trkpt>
      <trkpt lat="-31.5572924" lon="-68.7046043">
        <ele>773.00000</ele>
      </trkpt>
      <trkpt lat="-31.5572486" lon="-68.7045206">
        <ele>773.00000</ele>
      </trkpt>
      <trkpt lat="-31.5572116" lon="-68.7044261">
        <ele>774.00000</ele>
      </trkpt>
      <trkpt lat="-31.5571186" lon="-68.7043448">
        <ele>775.00000</ele>
      </trkpt>
      <trkpt lat="-31.5569835" lon="-68.7043262">
        <ele>774.00000</ele>
      </trkpt>
      <trkpt lat="-31.5568490" lon="-68.7043005">
        <ele>773.00000</ele>
      </trkpt>
      <trkpt lat="-31.5566943" lon="-68.7042316">
        <ele>773.00000</ele>
      </trkpt>
      <trkpt lat="-31.5565766" lon="-68.7041684">
        <ele>772.00000</ele>
      </trkpt>
      <trkpt lat="-31.5565552" lon="-68.7041519">
        <ele>773.00000</ele>
      </trkpt>
      <trkpt lat="-31.5565232" lon="-68.7041378">
        <ele>772.00000</ele>
      </trkpt>
      <trkpt lat="-31.5564784" lon="-68.7041038">
        <ele>773.00000</ele>
      </trkpt>
      <trkpt lat="-31.5564091" lon="-68.7041482">
        <ele>771.00000</ele>
      </trkpt>
      <trkpt lat="-31.5563556" lon="-68.7041910">
        <ele>770.00000</ele>
      </trkpt>
      <trkpt lat="-31.5561496" lon="-68.7040759">
        <ele>768.00000</ele>
      </trkpt>
      <trkpt lat="-31.5560223" lon="-68.7040566">
        <ele>767.00000</ele>
      </trkpt>
      <trkpt lat="-31.5559293" lon="-68.7039953">
        <ele>766.00000</ele>
      </trkpt>
      <trkpt lat="-31.5558592" lon="-68.7039475">
        <ele>765.00000</ele>
      </trkpt>
      <trkpt lat="-31.5558406" lon="-68.7039188">
        <ele>765.00000</ele>
      </trkpt>
      <trkpt lat="-31.5556711" lon="-68.7038220">
        <ele>765.00000</ele>
      </trkpt>
      <trkpt lat="-31.5554387" lon="-68.7036932">
        <ele>765.00000</ele>
      </trkpt>
      <trkpt lat="-31.5552595" lon="-68.7036135">
        <ele>765.00000</ele>
      </trkpt>
      <trkpt lat="-31.5551454" lon="-68.7035848">
        <ele>766.00000</ele>
      </trkpt>
      <trkpt lat="-31.5550077" lon="-68.7035025">
        <ele>767.00000</ele>
      </trkpt>
      <trkpt lat="-31.5547750" lon="-68.7034240">
        <ele>768.00000</ele>
      </trkpt>
      <trkpt lat="-31.5546156" lon="-68.7033934">
        <ele>769.00000</ele>
      </trkpt>
      <trkpt lat="-31.5543850" lon="-68.7033218">
        <ele>768.00000</ele>
      </trkpt>
      <trkpt lat="-31.5542347" lon="-68.7032381">
        <ele>768.00000</ele>
      </trkpt>
      <trkpt lat="-31.5541059" lon="-68.7031409">
        <ele>767.00000</ele>
      </trkpt>
      <trkpt lat="-31.5539593" lon="-68.7029998">
        <ele>766.00000</ele>
      </trkpt>
      <trkpt lat="-31.5536547" lon="-68.7028329">
        <ele>764.00000</ele>
      </trkpt>
      <trkpt lat="-31.5535131" lon="-68.7027673">
        <ele>764.00000</ele>
      </trkpt>
      <trkpt lat="-31.5534045" lon="-68.7027073">
        <ele>765.00000</ele>
      </trkpt>
      <trkpt lat="-31.5532930" lon="-68.7026640">
        <ele>764.00000</ele>
      </trkpt>
      <trkpt lat="-31.5531902" lon="-68.7026252">
        <ele>765.00000</ele>
      </trkpt>
      <trkpt lat="-31.5526717" lon="-68.7024023">
        <ele>766.00000</ele>
      </trkpt>
      <trkpt lat="-31.5525884" lon="-68.7023435">
        <ele>766.00000</ele>
      </trkpt>
      <trkpt lat="-31.5524601" lon="-68.7023265">
        <ele>765.00000</ele>
      </trkpt>
      <trkpt lat="-31.5522136" lon="-68.7022288">
        <ele>763.00000</ele>
      </trkpt>
      <trkpt lat="-31.5520001" lon="-68.7020830">
        <ele>763.00000</ele>
      </trkpt>
      <trkpt lat="-31.5519631" lon="-68.7020427">
        <ele>763.00000</ele>
      </trkpt>
      <trkpt lat="-31.5518099" lon="-68.7019365">
        <ele>763.00000</ele>
      </trkpt>
      <trkpt lat="-31.5516728" lon="-68.7018807">
        <ele>763.00000</ele>
      </trkpt>
      <trkpt lat="-31.5516214" lon="-68.7018562">
        <ele>763.00000</ele>
      </trkpt>
      <trkpt lat="-31.5513745" lon="-68.7016793">
        <ele>765.00000</ele>
      </trkpt>
      <trkpt lat="-31.5513026" lon="-68.7016420">
        <ele>766.00000</ele>
      </trkpt>
      <trkpt lat="-31.5510086" lon="-68.7016302">
        <ele>766.00000</ele>
      </trkpt>
      <trkpt lat="-31.5509324" lon="-68.7016012">
        <ele>766.00000</ele>
      </trkpt>
      <trkpt lat="-31.5506367" lon="-68.7015316">
        <ele>766.00000</ele>
      </trkpt>
      <trkpt lat="-31.5504335" lon="-68.7014352">
        <ele>767.00000</ele>
      </trkpt>
      <trkpt lat="-31.5502780" lon="-68.7013250">
        <ele>767.00000</ele>
      </trkpt>
      <trkpt lat="-31.5500979" lon="-68.7012211">
        <ele>767.00000</ele>
      </trkpt>
      <trkpt lat="-31.5499691" lon="-68.7011377">
        <ele>767.00000</ele>
      </trkpt>
      <trkpt lat="-31.5499273" lon="-68.7010360">
        <ele>767.00000</ele>
      </trkpt>
      <trkpt lat="-31.5498519" lon="-68.7009620">
        <ele>768.00000</ele>
      </trkpt>
      <trkpt lat="-31.5497525" lon="-68.7009024">
        <ele>769.00000</ele>
      </trkpt>
      <trkpt lat="-31.5497291" lon="-68.7008596">
        <ele>769.00000</ele>
      </trkpt>
      <trkpt lat="-31.5496858" lon="-68.7008080">
        <ele>770.00000</ele>
      </trkpt>
      <trkpt lat="-31.5496017" lon="-68.7007765">
        <ele>769.00000</ele>
      </trkpt>
      <trkpt lat="-31.5494435" lon="-68.7007037">
        <ele>768.00000</ele>
      </trkpt>
      <trkpt lat="-31.5493673" lon="-68.7006622">
        <ele>769.00000</ele>
      </trkpt>
      <trkpt lat="-31.5491702" lon="-68.7005272">
        <ele>769.00000</ele>
      </trkpt>
      <trkpt lat="-31.5490730" lon="-68.7004302">
        <ele>770.00000</ele>
      </trkpt>
      <trkpt lat="-31.5490243" lon="-68.7003985">
        <ele>771.00000</ele>
      </trkpt>
      <trkpt lat="-31.5488725" lon="-68.7003198">
        <ele>772.00000</ele>
      </trkpt>
      <trkpt lat="-31.5487528" lon="-68.7002479">
        <ele>772.00000</ele>
      </trkpt>
      <trkpt lat="-31.5486055" lon="-68.7002228">
        <ele>771.00000</ele>
      </trkpt>
      <trkpt lat="-31.5484280" lon="-68.7001508">
        <ele>770.00000</ele>
      </trkpt>
      <trkpt lat="-31.5482938" lon="-68.7000828">
        <ele>770.00000</ele>
      </trkpt>
      <trkpt lat="-31.5480838" lon="-68.7000212">
        <ele>769.00000</ele>
      </trkpt>
      <trkpt lat="-31.5480035" lon="-68.7000281">
        <ele>769.00000</ele>
      </trkpt>
      <trkpt lat="-31.5478006" lon="-68.7000450">
        <ele>770.00000</ele>
      </trkpt>
      <trkpt lat="-31.5477603" lon="-68.7000460">
        <ele>770.00000</ele>
      </trkpt>
      <trkpt lat="-31.5475511" lon="-68.6999643">
        <ele>768.00000</ele>
      </trkpt>
      <trkpt lat="-31.5473653" lon="-68.6998604">
        <ele>769.00000</ele>
      </trkpt>
      <trkpt lat="-31.5473369" lon="-68.6998575">
        <ele>769.00000</ele>
      </trkpt>
      <trkpt lat="-31.5463981" lon="-68.6996177">
        <ele>768.00000</ele>
      </trkpt>
      <trkpt lat="-31.5461375" lon="-68.6995277">
        <ele>767.00000</ele>
      </trkpt>
      <trkpt lat="-31.5459766" lon="-68.6995023">
        <ele>767.00000</ele>
      </trkpt>
      <trkpt lat="-31.5456295" lon="-68.6993625">
        <ele>768.00000</ele>
      </trkpt>
      <trkpt lat="-31.5455855" lon="-68.6992835">
        <ele>769.00000</ele>
      </trkpt>
      <trkpt lat="-31.5455277" lon="-68.6992203">
        <ele>769.00000</ele>
      </trkpt>
      <trkpt lat="-31.5455122" lon="-68.6991978">
        <ele>769.00000</ele>
      </trkpt>
      <trkpt lat="-31.5453791" lon="-68.6990924">
        <ele>771.00000</ele>
      </trkpt>
      <trkpt lat="-31.5452794" lon="-68.6989254">
        <ele>772.00000</ele>
      </trkpt>
      <trkpt lat="-31.5451897" lon="-68.6988417">
        <ele>773.00000</ele>
      </trkpt>
      <trkpt lat="-31.5449729" lon="-68.6986497">
        <ele>775.00000</ele>
      </trkpt>
      <trkpt lat="-31.5448872" lon="-68.6985319">
        <ele>777.00000</ele>
      </trkpt>
      <trkpt lat="-31.5448174" lon="-68.6984417">
        <ele>778.00000</ele>
      </trkpt>
      <trkpt lat="-31.5447450" lon="-68.6983727">
        <ele>779.00000</ele>
      </trkpt>
      <trkpt lat="-31.5446620" lon="-68.6983129">
        <ele>780.00000</ele>
      </trkpt>
      <trkpt lat="-31.5446296" lon="-68.6982494">
        <ele>781.00000</ele>
      </trkpt>
      <trkpt lat="-31.5446163" lon="-68.6982260">
        <ele>781.00000</ele>
      </trkpt>
      <trkpt lat="-31.5442675" lon="-68.6983333">
        <ele>777.00000</ele>
      </trkpt>
      <trkpt lat="-31.5441092" lon="-68.6982538">
        <ele>777.00000</ele>
      </trkpt>
      <trkpt lat="-31.5440563" lon="-68.6982895">
        <ele>776.00000</ele>
      </trkpt>
      <trkpt lat="-31.5439757" lon="-68.6981833">
        <ele>776.00000</ele>
      </trkpt>
      <trkpt lat="-31.5439012" lon="-68.6981103">
        <ele>776.00000</ele>
      </trkpt>
      <trkpt lat="-31.5437865" lon="-68.6980844">
        <ele>775.00000</ele>
      </trkpt>
      <trkpt lat="-31.5436231" lon="-68.6980205">
        <ele>776.00000</ele>
      </trkpt>
      <trkpt lat="-31.5435479" lon="-68.6979618">
        <ele>778.00000</ele>
      </trkpt>
      <trkpt lat="-31.5431890" lon="-68.6979253">
        <ele>776.00000</ele>
      </trkpt>
      <trkpt lat="-31.5431254" lon="-68.6979974">
        <ele>773.00000</ele>
      </trkpt>
      <trkpt lat="-31.5429472" lon="-68.6979569">
        <ele>772.00000</ele>
      </trkpt>
      <trkpt lat="-31.5428201" lon="-68.6979126">
        <ele>772.00000</ele>
      </trkpt>
      <trkpt lat="-31.5428036" lon="-68.6979096">
        <ele>772.00000</ele>
      </trkpt>
      <trkpt lat="-31.5423962" lon="-68.6979393">
        <ele>770.00000</ele>
      </trkpt>
      <trkpt lat="-31.5422477" lon="-68.6979303">
        <ele>771.00000</ele>
      </trkpt>
      <trkpt lat="-31.5421710" lon="-68.6979837">
        <ele>771.00000</ele>
      </trkpt>
      <trkpt lat="-31.5418549" lon="-68.6980211">
        <ele>771.00000</ele>
      </trkpt>
      <trkpt lat="-31.5414050" lon="-68.6978555">
        <ele>769.00000</ele>
      </trkpt>
      <trkpt lat="-31.5411888" lon="-68.6977873">
        <ele>768.00000</ele>
      </trkpt>
      <trkpt lat="-31.5411200" lon="-68.6977317">
        <ele>768.00000</ele>
      </trkpt>
      <trkpt lat="-31.5405270" lon="-68.6974618">
        <ele>769.00000</ele>
      </trkpt>
      <trkpt lat="-31.5403826" lon="-68.6974316">
        <ele>769.00000</ele>
      </trkpt>
      <trkpt lat="-31.5401776" lon="-68.6973816">
        <ele>769.00000</ele>
      </trkpt>
      <trkpt lat="-31.5399769" lon="-68.6972720">
        <ele>772.00000</ele>
      </trkpt>
      <trkpt lat="-31.5397974" lon="-68.6971379">
        <ele>774.00000</ele>
      </trkpt>
      <trkpt lat="-31.5395429" lon="-68.6969992">
        <ele>775.00000</ele>
      </trkpt>
      <trkpt lat="-31.5393784" lon="-68.6969282">
        <ele>774.00000</ele>
      </trkpt>
      <trkpt lat="-31.5392671" lon="-68.6968722">
        <ele>773.00000</ele>
      </trkpt>
      <trkpt lat="-31.5391701" lon="-68.6967990">
        <ele>773.00000</ele>
      </trkpt>
      <trkpt lat="-31.5388711" lon="-68.6965368">
        <ele>773.00000</ele>
      </trkpt>
      <trkpt lat="-31.5387504" lon="-68.6964468">
        <ele>772.00000</ele>
      </trkpt>
      <trkpt lat="-31.5386455" lon="-68.6963090">
        <ele>773.00000</ele>
      </trkpt>
      <trkpt lat="-31.5384750" lon="-68.6962014">
        <ele>772.00000</ele>
      </trkpt>
      <trkpt lat="-31.5383201" lon="-68.6960784">
        <ele>771.00000</ele>
      </trkpt>
      <trkpt lat="-31.5381111" lon="-68.6960367">
        <ele>772.00000</ele>
      </trkpt>
      <trkpt lat="-31.5379497" lon="-68.6960107">
        <ele>772.00000</ele>
      </trkpt>
      <trkpt lat="-31.5377964" lon="-68.6959714">
        <ele>773.00000</ele>
      </trkpt>
      <trkpt lat="-31.5376895" lon="-68.6959206">
        <ele>773.00000</ele>
      </trkpt>
      <trkpt lat="-31.5376730" lon="-68.6959049">
        <ele>773.00000</ele>
      </trkpt>
      <trkpt lat="-31.5374841" lon="-68.6958068">
        <ele>774.00000</ele>
      </trkpt>
      <trkpt lat="-31.5373358" lon="-68.6957355">
        <ele>776.00000</ele>
      </trkpt>
      <trkpt lat="-31.5371280" lon="-68.6956746">
        <ele>777.00000</ele>
      </trkpt>
      <trkpt lat="-31.5368459" lon="-68.6956002">
        <ele>779.00000</ele>
      </trkpt>
      <trkpt lat="-31.5366781" lon="-68.6955935">
        <ele>779.00000</ele>
      </trkpt>
      <trkpt lat="-31.5365231" lon="-68.6955667">
        <ele>780.00000</ele>
      </trkpt>
      <trkpt lat="-31.5362372" lon="-68.6956401">
        <ele>778.00000</ele>
      </trkpt>
      <trkpt lat="-31.5361412" lon="-68.6956244">
        <ele>777.00000</ele>
      </trkpt>
      <trkpt lat="-31.5360053" lon="-68.6955671">
        <ele>778.00000</ele>
      </trkpt>
      <trkpt lat="-31.5359835" lon="-68.6955613">
        <ele>778.00000</ele>
      </trkpt>
      <trkpt lat="-31.5357174" lon="-68.6954778">
        <ele>777.00000</ele>
      </trkpt>
      <trkpt lat="-31.5354787" lon="-68.6954440">
        <ele>776.00000</ele>
      </trkpt>
      <trkpt lat="-31.5354847" lon="-68.6954243">
        <ele>776.00000</ele>
      </trkpt>
      <trkpt lat="-31.5345984" lon="-68.6951587">
        <ele>775.00000</ele>
      </trkpt>
      <trkpt lat="-31.5337136" lon="-68.6947781">
        <ele>777.00000</ele>
      </trkpt>
      <trkpt lat="-31.5333086" lon="-68.6946755">
        <ele>775.00000</ele>
      </trkpt>
      <trkpt lat="-31.5324666" lon="-68.6942287">
        <ele>777.00000</ele>
      </trkpt>
      <trkpt lat="-31.5319402" lon="-68.6939744">
        <ele>776.00000</ele>
      </trkpt>
      <trkpt lat="-31.5315107" lon="-68.6937939">
        <ele>777.00000</ele>
      </trkpt>
      <trkpt lat="-31.5311535" lon="-68.6936300">
        <ele>775.00000</ele>
      </trkpt>
      <trkpt lat="-31.5303516" lon="-68.6932245">
        <ele>778.00000</ele>
      </trkpt>
      <trkpt lat="-31.5294715" lon="-68.6926751">
        <ele>777.00000</ele>
      </trkpt>
      <trkpt lat="-31.5282603" lon="-68.6921268">
        <ele>779.00000</ele>
      </trkpt>
      <trkpt lat="-31.5278403" lon="-68.6920165">
        <ele>777.00000</ele>
      </trkpt>
      <trkpt lat="-31.5276837" lon="-68.6920213">
        <ele>776.00000</ele>
      </trkpt>
      <trkpt lat="-31.5276896" lon="-68.6919618">
        <ele>776.00000</ele>
      </trkpt>
      <trkpt lat="-31.5276904" lon="-68.6919323">
        <ele>776.00000</ele>
      </trkpt>
      <trkpt lat="-31.5276604" lon="-68.6918205">
        <ele>777.00000</ele>
      </trkpt>
      <trkpt lat="-31.5276624" lon="-68.6917422">
        <ele>778.00000</ele>
      </trkpt>
      <trkpt lat="-31.5276606" lon="-68.6916351">
        <ele>779.00000</ele>
      </trkpt>
      <trkpt lat="-31.5275598" lon="-68.6914588">
        <ele>782.00000</ele>
      </trkpt>
      <trkpt lat="-31.5274870" lon="-68.6913763">
        <ele>783.00000</ele>
      </trkpt>
      <trkpt lat="-31.5274357" lon="-68.6913553">
        <ele>783.00000</ele>
      </trkpt>
      <trkpt lat="-31.5268199" lon="-68.6911408">
        <ele>784.00000</ele>
      </trkpt>
      <trkpt lat="-31.5265887" lon="-68.6910512">
        <ele>784.00000</ele>
      </trkpt>
      <trkpt lat="-31.5264795" lon="-68.6909940">
        <ele>784.00000</ele>
      </trkpt>
      <trkpt lat="-31.5260945" lon="-68.6909707">
        <ele>782.00000</ele>
      </trkpt>
      <trkpt lat="-31.5259482" lon="-68.6909763">
        <ele>780.00000</ele>
      </trkpt>
      <trkpt lat="-31.5256322" lon="-68.6909324">
        <ele>780.00000</ele>
      </trkpt>
      <trkpt lat="-31.5255119" lon="-68.6909059">
        <ele>780.00000</ele>
      </trkpt>
      <trkpt lat="-31.5247869" lon="-68.6906274">
        <ele>780.00000</ele>
      </trkpt>
      <trkpt lat="-31.5239151" lon="-68.6902755">
        <ele>779.00000</ele>
      </trkpt>
      <trkpt lat="-31.5233193" lon="-68.6899612">
        <ele>783.00000</ele>
      </trkpt>
      <trkpt lat="-31.5232441" lon="-68.6899108">
        <ele>783.00000</ele>
      </trkpt>
      <trkpt lat="-31.5232406" lon="-68.6900261">
        <ele>781.00000</ele>
      </trkpt>
      <trkpt lat="-31.5231564" lon="-68.6901840">
        <ele>778.00000</ele>
      </trkpt>
      <trkpt lat="-31.5228797" lon="-68.6902629">
        <ele>778.00000</ele>
      </trkpt>
      <trkpt lat="-31.5225138" lon="-68.6903432">
        <ele>781.00000</ele>
      </trkpt>
      <trkpt lat="-31.5221491" lon="-68.6904401">
        <ele>780.00000</ele>
      </trkpt>
      <trkpt lat="-31.5218087" lon="-68.6905782">
        <ele>776.00000</ele>
      </trkpt>
      <trkpt lat="-31.5215445" lon="-68.6906314">
        <ele>773.00000</ele>
      </trkpt>
      <trkpt lat="-31.5209847" lon="-68.6907328">
        <ele>772.00000</ele>
      </trkpt>
      <trkpt lat="-31.5206676" lon="-68.6905289">
        <ele>770.00000</ele>
      </trkpt>
      <trkpt lat="-31.5204691" lon="-68.6902567">
        <ele>768.00000</ele>
      </trkpt>
      <trkpt lat="-31.5202533" lon="-68.6900406">
        <ele>771.00000</ele>
      </trkpt>
      <trkpt lat="-31.5200348" lon="-68.6894910">
        <ele>772.00000</ele>
      </trkpt>
      <trkpt lat="-31.5198266" lon="-68.6891271">
        <ele>771.00000</ele>
      </trkpt>
      <trkpt lat="-31.5195084" lon="-68.6887404">
        <ele>774.00000</ele>
      </trkpt>
      <trkpt lat="-31.5192263" lon="-68.6885912">
        <ele>775.00000</ele>
      </trkpt>
      <trkpt lat="-31.5189778" lon="-68.6885181">
        <ele>775.00000</ele>
      </trkpt>
      <trkpt lat="-31.5183393" lon="-68.6883619">
        <ele>773.00000</ele>
      </trkpt>
      <trkpt lat="-31.5179995" lon="-68.6882494">
        <ele>776.00000</ele>
      </trkpt>
      <trkpt lat="-31.5177451" lon="-68.6881885">
        <ele>776.00000</ele>
      </trkpt>
      <trkpt lat="-31.5152366" lon="-68.6871889">
        <ele>772.00000</ele>
      </trkpt>
      <trkpt lat="-31.5149287" lon="-68.6871122">
        <ele>774.00000</ele>
      </trkpt>
      <trkpt lat="-31.5137738" lon="-68.6867429">
        <ele>774.00000</ele>
      </trkpt>
      <trkpt lat="-31.5135556" lon="-68.6866237">
        <ele>779.00000</ele>
      </trkpt>
      <trkpt lat="-31.5132069" lon="-68.6865793">
        <ele>781.00000</ele>
      </trkpt>
      <trkpt lat="-31.5124025" lon="-68.6863759">
        <ele>775.00000</ele>
      </trkpt>
      <trkpt lat="-31.5121592" lon="-68.6863177">
        <ele>774.00000</ele>
      </trkpt>
      <trkpt lat="-31.5118560" lon="-68.6863569">
        <ele>775.00000</ele>
      </trkpt>
      <trkpt lat="-31.5113335" lon="-68.6862690">
        <ele>768.00000</ele>
      </trkpt>
      <trkpt lat="-31.5113107" lon="-68.6861487">
        <ele>769.00000</ele>
      </trkpt>
      <trkpt lat="-31.5112414" lon="-68.6859679">
        <ele>772.00000</ele>
      </trkpt>
      <trkpt lat="-31.5113433" lon="-68.6857662">
        <ele>780.00000</ele>
      </trkpt>
      <trkpt lat="-31.5114008" lon="-68.6856137">
        <ele>785.00000</ele>
      </trkpt>
      <trkpt lat="-31.5114136" lon="-68.6855466">
        <ele>787.00000</ele>
      </trkpt>
      <trkpt lat="-31.5115464" lon="-68.6851841">
        <ele>794.00000</ele>
      </trkpt>
      <trkpt lat="-31.5116027" lon="-68.6851234">
        <ele>795.00000</ele>
      </trkpt>
      <trkpt lat="-31.5116367" lon="-68.6850008">
        <ele>797.00000</ele>
      </trkpt>
      <trkpt lat="-31.5116916" lon="-68.6848915">
        <ele>799.00000</ele>
      </trkpt>
      <trkpt lat="-31.5116960" lon="-68.6848663">
        <ele>799.00000</ele>
      </trkpt>
      <trkpt lat="-31.5117372" lon="-68.6848176">
        <ele>800.00000</ele>
      </trkpt>
      <trkpt lat="-31.5117353" lon="-68.6847436">
        <ele>801.00000</ele>
      </trkpt>
      <trkpt lat="-31.5116789" lon="-68.6846560">
        <ele>802.00000</ele>
      </trkpt>
      <trkpt lat="-31.5114683" lon="-68.6845100">
        <ele>804.00000</ele>
      </trkpt>
      <trkpt lat="-31.5113965" lon="-68.6843097">
        <ele>807.00000</ele>
      </trkpt>
      <trkpt lat="-31.5114146" lon="-68.6841337">
        <ele>810.00000</ele>
      </trkpt>
      <trkpt lat="-31.5113344" lon="-68.6839585">
        <ele>813.00000</ele>
      </trkpt>
      <trkpt lat="-31.5113378" lon="-68.6838398">
        <ele>815.00000</ele>
      </trkpt>
      <trkpt lat="-31.5113611" lon="-68.6837256">
        <ele>817.00000</ele>
      </trkpt>
      <trkpt lat="-31.5114468" lon="-68.6835321">
        <ele>821.00000</ele>
      </trkpt>
      <trkpt lat="-31.5114735" lon="-68.6832730">
        <ele>826.00000</ele>
      </trkpt>
      <trkpt lat="-31.5114098" lon="-68.6830331">
        <ele>830.00000</ele>
      </trkpt>
      <trkpt lat="-31.5114173" lon="-68.6828380">
        <ele>835.00000</ele>
      </trkpt>
      <trkpt lat="-31.5113490" lon="-68.6827629">
        <ele>838.00000</ele>
      </trkpt>
      <trkpt lat="-31.5112390" lon="-68.6827388">
        <ele>841.00000</ele>
      </trkpt>
      <trkpt lat="-31.5111690" lon="-68.6827207">
        <ele>843.00000</ele>
      </trkpt>
      <trkpt lat="-31.5110768" lon="-68.6827079">
        <ele>845.00000</ele>
      </trkpt>
      <trkpt lat="-31.5110062" lon="-68.6826542">
        <ele>848.00000</ele>
      </trkpt>
      <trkpt lat="-31.5109386" lon="-68.6826431">
        <ele>850.00000</ele>
      </trkpt>
      <trkpt lat="-31.5108545" lon="-68.6826345">
        <ele>852.00000</ele>
      </trkpt>
      <trkpt lat="-31.5107207" lon="-68.6826327">
        <ele>852.00000</ele>
      </trkpt>
      <trkpt lat="-31.5107162" lon="-68.6825551">
        <ele>855.00000</ele>
      </trkpt>
      <trkpt lat="-31.5106773" lon="-68.6824899">
        <ele>857.00000</ele>
      </trkpt>
      <trkpt lat="-31.5106682" lon="-68.6824842">
        <ele>857.00000</ele>
      </trkpt>
      <trkpt lat="-31.5106382" lon="-68.6824374">
        <ele>859.00000</ele>
      </trkpt>
      <trkpt lat="-31.5106178" lon="-68.6824214">
        <ele>859.00000</ele>
      </trkpt>
      <trkpt lat="-31.5105407" lon="-68.6823255">
        <ele>863.00000</ele>
      </trkpt>
      <trkpt lat="-31.5105334" lon="-68.6821779">
        <ele>868.00000</ele>
      </trkpt>
      <trkpt lat="-31.5104356" lon="-68.6821895">
        <ele>867.00000</ele>
      </trkpt>
      <trkpt lat="-31.5104824" lon="-68.6821178">
        <ele>870.00000</ele>
      </trkpt>
      <trkpt lat="-31.5105104" lon="-68.6820851">
        <ele>872.00000</ele>
      </trkpt>
      <trkpt lat="-31.5105921" lon="-68.6820763">
        <ele>873.00000</ele>
      </trkpt>
      <trkpt lat="-31.5106575" lon="-68.6820021">
        <ele>876.00000</ele>
      </trkpt>
      <trkpt lat="-31.5106365" lon="-68.6819446">
        <ele>879.00000</ele>
      </trkpt>
      <trkpt lat="-31.5106813" lon="-68.6818454">
        <ele>882.00000</ele>
      </trkpt>
      <trkpt lat="-31.5107109" lon="-68.6817490">
        <ele>885.00000</ele>
      </trkpt>
      <trkpt lat="-31.5107249" lon="-68.6816375">
        <ele>888.00000</ele>
      </trkpt>
      <trkpt lat="-31.5107732" lon="-68.6815483">
        <ele>891.00000</ele>
      </trkpt>
      <trkpt lat="-31.5108306" lon="-68.6814584">
        <ele>894.00000</ele>
      </trkpt>
      <trkpt lat="-31.5108436" lon="-68.6813498">
        <ele>897.00000</ele>
      </trkpt>
      <trkpt lat="-31.5108286" lon="-68.6812991">
        <ele>899.00000</ele>
      </trkpt>
      <trkpt lat="-31.5108617" lon="-68.6812332">
        <ele>901.00000</ele>
      </trkpt>
      <trkpt lat="-31.5109083" lon="-68.6811498">
        <ele>903.00000</ele>
      </trkpt>
      <trkpt lat="-31.5109712" lon="-68.6810530">
        <ele>906.00000</ele>
      </trkpt>
      <trkpt lat="-31.5109746" lon="-68.6809852">
        <ele>908.00000</ele>
      </trkpt>
      <trkpt lat="-31.5110167" lon="-68.6809238">
        <ele>910.00000</ele>
      </trkpt>
      <trkpt lat="-31.5110455" lon="-68.6808774">
        <ele>912.00000</ele>
      </trkpt>
      <trkpt lat="-31.5110886" lon="-68.6808557">
        <ele>913.00000</ele>
      </trkpt>
      <trkpt lat="-31.5111312" lon="-68.6808189">
        <ele>915.00000</ele>
      </trkpt>
      <trkpt lat="-31.5111232" lon="-68.6806951">
        <ele>922.00000</ele>
      </trkpt>
      <trkpt lat="-31.5111414" lon="-68.6805681">
        <ele>930.00000</ele>
      </trkpt>
      <trkpt lat="-31.5111732" lon="-68.6804419">
        <ele>936.00000</ele>
      </trkpt>
      <trkpt lat="-31.5111747" lon="-68.6803965">
        <ele>938.00000</ele>
      </trkpt>
      <trkpt lat="-31.5111693" lon="-68.6803608">
        <ele>940.00000</ele>
      </trkpt>
      <trkpt lat="-31.5111445" lon="-68.6803332">
        <ele>941.00000</ele>
      </trkpt>
      <trkpt lat="-31.5111299" lon="-68.6802874">
        <ele>944.00000</ele>
      </trkpt>
      <trkpt lat="-31.5111112" lon="-68.6802473">
        <ele>946.00000</ele>
      </trkpt>
      <trkpt lat="-31.5110771" lon="-68.6802245">
        <ele>946.00000</ele>
      </trkpt>
      <trkpt lat="-31.5111420" lon="-68.6802029">
        <ele>948.00000</ele>
      </trkpt>
      <trkpt lat="-31.5111987" lon="-68.6801814">
        <ele>949.00000</ele>
      </trkpt>
      <trkpt lat="-31.5111902" lon="-68.6801457">
        <ele>951.00000</ele>
      </trkpt>
      <trkpt lat="-31.5111744" lon="-68.6801193">
        <ele>952.00000</ele>
      </trkpt>
      <trkpt lat="-31.5111704" lon="-68.6800727">
        <ele>954.00000</ele>
      </trkpt>
      <trkpt lat="-31.5111696" lon="-68.6800421">
        <ele>956.00000</ele>
      </trkpt>
      <trkpt lat="-31.5111680" lon="-68.6800364">
        <ele>956.00000</ele>
      </trkpt>
      <trkpt lat="-31.5111599" lon="-68.6800003">
        <ele>957.00000</ele>
      </trkpt>
      <trkpt lat="-31.5111613" lon="-68.6799798">
        <ele>958.00000</ele>
      </trkpt>
      <trkpt lat="-31.5111782" lon="-68.6799526">
        <ele>960.00000</ele>
      </trkpt>
      <trkpt lat="-31.5111918" lon="-68.6798761">
        <ele>964.00000</ele>
      </trkpt>
      <trkpt lat="-31.5111957" lon="-68.6798247">
        <ele>967.00000</ele>
      </trkpt>
      <trkpt lat="-31.5112162" lon="-68.6797619">
        <ele>970.00000</ele>
      </trkpt>
      <trkpt lat="-31.5111816" lon="-68.6797474">
        <ele>970.00000</ele>
      </trkpt>
      <trkpt lat="-31.5111975" lon="-68.6796975">
        <ele>973.00000</ele>
      </trkpt>
      <trkpt lat="-31.5112303" lon="-68.6796544">
        <ele>975.00000</ele>
      </trkpt>
      <trkpt lat="-31.5112003" lon="-68.6796223">
        <ele>976.00000</ele>
      </trkpt>
      <trkpt lat="-31.5111906" lon="-68.6795968">
        <ele>977.00000</ele>
      </trkpt>
      <trkpt lat="-31.5112046" lon="-68.6795768">
        <ele>978.00000</ele>
      </trkpt>
      <trkpt lat="-31.5112410" lon="-68.6795379">
        <ele>981.00000</ele>
      </trkpt>
      <trkpt lat="-31.5112573" lon="-68.6795204">
        <ele>983.00000</ele>
      </trkpt>
      <trkpt lat="-31.5112609" lon="-68.6795166">
        <ele>983.00000</ele>
      </trkpt>
      <trkpt lat="-31.5112613" lon="-68.6794935">
        <ele>984.00000</ele>
      </trkpt>
      <trkpt lat="-31.5112783" lon="-68.6794717">
        <ele>985.00000</ele>
      </trkpt>
      <trkpt lat="-31.5113073" lon="-68.6794404">
        <ele>988.00000</ele>
      </trkpt>
      <trkpt lat="-31.5113152" lon="-68.6794204">
        <ele>990.00000</ele>
      </trkpt>
      <trkpt lat="-31.5113184" lon="-68.6794028">
        <ele>991.00000</ele>
      </trkpt>
      <trkpt lat="-31.5113348" lon="-68.6793865">
        <ele>992.00000</ele>
      </trkpt>
      <trkpt lat="-31.5113570" lon="-68.6793742">
        <ele>994.00000</ele>
      </trkpt>
      <trkpt lat="-31.5113508" lon="-68.6793590">
        <ele>995.00000</ele>
      </trkpt>
      <trkpt lat="-31.5113533" lon="-68.6793517">
        <ele>995.00000</ele>
      </trkpt>
      <trkpt lat="-31.5113469" lon="-68.6793433">
        <ele>995.00000</ele>
      </trkpt>
      <trkpt lat="-31.5113517" lon="-68.6793357">
        <ele>996.00000</ele>
      </trkpt>
      <trkpt lat="-31.5113606" lon="-68.6793275">
        <ele>997.00000</ele>
      </trkpt>
      <trkpt lat="-31.5113686" lon="-68.6793201">
        <ele>998.00000</ele>
      </trkpt>
      <trkpt lat="-31.5113763" lon="-68.6793130">
        <ele>999.00000</ele>
      </trkpt>
      <trkpt lat="-31.5113903" lon="-68.6793070">
        <ele>999.00000</ele>
      </trkpt>
      <trkpt lat="-31.5113930" lon="-68.6792933">
        <ele>1001.0000</ele>
      </trkpt>
      <trkpt lat="-31.5113911" lon="-68.6792814">
        <ele>1001.0000</ele>
      </trkpt>
      <trkpt lat="-31.5113874" lon="-68.6792727">
        <ele>1001.0000</ele>
      </trkpt>
      <trkpt lat="-31.5113977" lon="-68.6792647">
        <ele>1002.0000</ele>
      </trkpt>
      <trkpt lat="-31.5114097" lon="-68.6792459">
        <ele>1004.0000</ele>
      </trkpt>
      <trkpt lat="-31.5114209" lon="-68.6792292">
        <ele>1005.0000</ele>
      </trkpt>
      <trkpt lat="-31.5114475" lon="-68.6792103">
        <ele>1007.0000</ele>
      </trkpt>
      <trkpt lat="-31.5114433" lon="-68.6791989">
        <ele>1007.0000</ele>
      </trkpt>
      <trkpt lat="-31.5114458" lon="-68.6791844">
        <ele>1008.0000</ele>
      </trkpt>
      <trkpt lat="-31.5114553" lon="-68.6791651">
        <ele>1010.0000</ele>
      </trkpt>
      <trkpt lat="-31.5114535" lon="-68.6791516">
        <ele>1010.0000</ele>
      </trkpt>
      <trkpt lat="-31.5114470" lon="-68.6791362">
        <ele>1011.0000</ele>
      </trkpt>
      <trkpt lat="-31.5114458" lon="-68.6791308">
        <ele>1012.0000</ele>
      </trkpt>
      <trkpt lat="-31.5114606" lon="-68.6791159">
        <ele>1013.0000</ele>
      </trkpt>
      <trkpt lat="-31.5114851" lon="-68.6791169">
        <ele>1013.0000</ele>
      </trkpt>
      <trkpt lat="-31.5114886" lon="-68.6791026">
        <ele>1014.0000</ele>
      </trkpt>
      <trkpt lat="-31.5114920" lon="-68.6790938">
        <ele>1015.0000</ele>
      </trkpt>
      <trkpt lat="-31.5114928" lon="-68.6790924">
        <ele>1015.0000</ele>
      </trkpt>
      <trkpt lat="-31.5114950" lon="-68.6790880">
        <ele>1015.0000</ele>
      </trkpt>
      <trkpt lat="-31.5114971" lon="-68.6790862">
        <ele>1015.0000</ele>
      </trkpt>
      <trkpt lat="-31.5115208" lon="-68.6790866">
        <ele>1016.0000</ele>
      </trkpt>
      <trkpt lat="-31.5115303" lon="-68.6790863">
        <ele>1016.0000</ele>
      </trkpt>
      <trkpt lat="-31.5115548" lon="-68.6790794">
        <ele>1017.0000</ele>
      </trkpt>
      <trkpt lat="-31.5115597" lon="-68.6790753">
        <ele>1017.0000</ele>
      </trkpt>
      <trkpt lat="-31.5115604" lon="-68.6790743">
        <ele>1017.0000</ele>
      </trkpt>
      <trkpt lat="-31.5115655" lon="-68.6790717">
        <ele>1018.0000</ele>
      </trkpt>
      <trkpt lat="-31.5115850" lon="-68.6790658">
        <ele>1019.0000</ele>
      </trkpt>
      <trkpt lat="-31.5116203" lon="-68.6790536">
        <ele>1020.0000</ele>
      </trkpt>
      <trkpt lat="-31.5116338" lon="-68.6790498">
        <ele>1021.0000</ele>
      </trkpt>
      <trkpt lat="-31.5116355" lon="-68.6790490">
        <ele>1021.0000</ele>
      </trkpt>
      <trkpt lat="-31.5116428" lon="-68.6790449">
        <ele>1022.0000</ele>
      </trkpt>
      <trkpt lat="-31.5116626" lon="-68.6790386">
        <ele>1023.0000</ele>
      </trkpt>
      <trkpt lat="-31.5116869" lon="-68.6790363">
        <ele>1023.0000</ele>
      </trkpt>
      <trkpt lat="-31.5116923" lon="-68.6790266">
        <ele>1024.0000</ele>
      </trkpt>
      <trkpt lat="-31.5116958" lon="-68.6790201">
        <ele>1025.0000</ele>
      </trkpt>
      <trkpt lat="-31.5116993" lon="-68.6790126">
        <ele>1025.0000</ele>
      </trkpt>
      <trkpt lat="-31.5117044" lon="-68.6790020">
        <ele>1026.0000</ele>
      </trkpt>
      <trkpt lat="-31.5117062" lon="-68.6789992">
        <ele>1026.0000</ele>
      </trkpt>
      <trkpt lat="-31.5117075" lon="-68.6789945">
        <ele>1027.0000</ele>
      </trkpt>
      <trkpt lat="-31.5117081" lon="-68.6789906">
        <ele>1027.0000</ele>
      </trkpt>
      <trkpt lat="-31.5117080" lon="-68.6789860">
        <ele>1028.0000</ele>
      </trkpt>
      <trkpt lat="-31.5117071" lon="-68.6789802">
        <ele>1028.0000</ele>
      </trkpt>
      <trkpt lat="-31.5117052" lon="-68.6789741">
        <ele>1028.0000</ele>
      </trkpt>
      <trkpt lat="-31.5117034" lon="-68.6789689">
        <ele>1029.0000</ele>
      </trkpt>
      <trkpt lat="-31.5117014" lon="-68.6789623">
        <ele>1029.0000</ele>
      </trkpt>
      <trkpt lat="-31.5117004" lon="-68.6789577">
        <ele>1030.0000</ele>
      </trkpt>
      <trkpt lat="-31.5116999" lon="-68.6789537">
        <ele>1030.0000</ele>
      </trkpt>
      <trkpt lat="-31.5116994" lon="-68.6789507">
        <ele>1030.0000</ele>
      </trkpt>
      <trkpt lat="-31.5116979" lon="-68.6789468">
        <ele>1030.0000</ele>
      </trkpt>
      <trkpt lat="-31.5116967" lon="-68.6789432">
        <ele>1031.0000</ele>
      </trkpt>
      <trkpt lat="-31.5116952" lon="-68.6789397">
        <ele>1031.0000</ele>
      </trkpt>
      <trkpt lat="-31.5116938" lon="-68.6789373">
        <ele>1030.0000</ele>
      </trkpt>
      <trkpt lat="-31.5116918" lon="-68.6789331">
        <ele>1031.0000</ele>
      </trkpt>
      <trkpt lat="-31.5116902" lon="-68.6789305">
        <ele>1031.0000</ele>
      </trkpt>
      <trkpt lat="-31.5116877" lon="-68.6789274">
        <ele>1031.0000</ele>
      </trkpt>
      <trkpt lat="-31.5116864" lon="-68.6789236">
        <ele>1031.0000</ele>
      </trkpt>
      <trkpt lat="-31.5116843" lon="-68.6789180">
        <ele>1032.0000</ele>
      </trkpt>
      <trkpt lat="-31.5116860" lon="-68.6789162">
        <ele>1032.0000</ele>
      </trkpt>
      <trkpt lat="-31.5116882" lon="-68.6789084">
        <ele>1033.0000</ele>
      </trkpt>
      <trkpt lat="-31.5116914" lon="-68.6789037">
        <ele>1033.0000</ele>
      </trkpt>
      <trkpt lat="-31.5116929" lon="-68.6789013">
        <ele>1033.0000</ele>
      </trkpt>
      <trkpt lat="-31.5116940" lon="-68.6788998">
        <ele>1033.0000</ele>
      </trkpt>
      <trkpt lat="-31.5116955" lon="-68.6788968">
        <ele>1034.0000</ele>
      </trkpt>
      <trkpt lat="-31.5116972" lon="-68.6788948">
        <ele>1034.0000</ele>
      </trkpt>
      <trkpt lat="-31.5116983" lon="-68.6788927">
        <ele>1034.0000</ele>
      </trkpt>
      <trkpt lat="-31.5116985" lon="-68.6788910">
        <ele>1034.0000</ele>
      </trkpt>
      <trkpt lat="-31.5116998" lon="-68.6788894">
        <ele>1034.0000</ele>
      </trkpt>
      <trkpt lat="-31.5117013" lon="-68.6788866">
        <ele>1034.0000</ele>
      </trkpt>
      <trkpt lat="-31.5117017" lon="-68.6788860">
        <ele>1034.0000</ele>
      </trkpt>
      <trkpt lat="-31.5117021" lon="-68.6788855">
        <ele>1034.0000</ele>
      </trkpt>
      <trkpt lat="-31.5117028" lon="-68.6788834">
        <ele>1034.0000</ele>
      </trkpt>
      <trkpt lat="-31.5117052" lon="-68.6788810">
        <ele>1035.0000</ele>
      </trkpt>
      <trkpt lat="-31.5117057" lon="-68.6788799">
        <ele>1035.0000</ele>
      </trkpt>
      <trkpt lat="-31.5117059" lon="-68.6788784">
        <ele>1035.0000</ele>
      </trkpt>
      <trkpt lat="-31.5117065" lon="-68.6788774">
        <ele>1035.0000</ele>
      </trkpt>
      <trkpt lat="-31.5117074" lon="-68.6788760">
        <ele>1035.0000</ele>
      </trkpt>
      <trkpt lat="-31.5117080" lon="-68.6788747">
        <ele>1035.0000</ele>
      </trkpt>
      <trkpt lat="-31.5117087" lon="-68.6788736">
        <ele>1035.0000</ele>
      </trkpt>
      <trkpt lat="-31.5117094" lon="-68.6788727">
        <ele>1035.0000</ele>
      </trkpt>
      <trkpt lat="-31.5117100" lon="-68.6788714">
        <ele>1035.0000</ele>
      </trkpt>
      <trkpt lat="-31.5117108" lon="-68.6788705">
        <ele>1035.0000</ele>
      </trkpt>
      <trkpt lat="-31.5117117" lon="-68.6788695">
        <ele>1035.0000</ele>
      </trkpt>
      <trkpt lat="-31.5117126" lon="-68.6788683">
        <ele>1035.0000</ele>
      </trkpt>
      <trkpt lat="-31.5117137" lon="-68.6788671">
        <ele>1036.0000</ele>
      </trkpt>
      <trkpt lat="-31.5117143" lon="-68.6788664">
        <ele>1036.0000</ele>
      </trkpt>
      <trkpt lat="-31.5117146" lon="-68.6788656">
        <ele>1036.0000</ele>
      </trkpt>
      <trkpt lat="-31.5117152" lon="-68.6788649">
        <ele>1036.0000</ele>
      </trkpt>
      <trkpt lat="-31.5117156" lon="-68.6788645">
        <ele>1036.0000</ele>
      </trkpt>
      <trkpt lat="-31.5117157" lon="-68.6788641">
        <ele>1036.0000</ele>
      </trkpt>
      <trkpt lat="-31.5117164" lon="-68.6788635">
        <ele>1036.0000</ele>
      </trkpt>
      <trkpt lat="-31.5117165" lon="-68.6788632">
        <ele>1036.0000</ele>
      </trkpt>
      <trkpt lat="-31.5117174" lon="-68.6788623">
        <ele>1036.0000</ele>
      </trkpt>
      <trkpt lat="-31.5117175" lon="-68.6788621">
        <ele>1036.0000</ele>
      </trkpt>
      <trkpt lat="-31.5117182" lon="-68.6788614">
        <ele>1036.0000</ele>
      </trkpt>
      <trkpt lat="-31.5117186" lon="-68.6788609">
        <ele>1036.0000</ele>
      </trkpt>
      <trkpt lat="-31.5117186" lon="-68.6788607">
        <ele>1036.0000</ele>
      </trkpt>
      <trkpt lat="-31.5117187" lon="-68.6788602">
        <ele>1036.0000</ele>
      </trkpt>
      <trkpt lat="-31.5117352" lon="-68.6788395">
        <ele>1037.0000</ele>
      </trkpt>
      <trkpt lat="-31.5117269" lon="-68.6788238">
        <ele>1038.0000</ele>
      </trkpt>
      <trkpt lat="-31.5117269" lon="-68.6788097">
        <ele>1039.0000</ele>
      </trkpt>
      <trkpt lat="-31.5117334" lon="-68.6787827">
        <ele>1040.0000</ele>
      </trkpt>
      <trkpt lat="-31.5117398" lon="-68.6787646">
        <ele>1041.0000</ele>
      </trkpt>
      <trkpt lat="-31.5117383" lon="-68.6787491">
        <ele>1042.0000</ele>
      </trkpt>
      <trkpt lat="-31.5117395" lon="-68.6787362">
        <ele>1042.0000</ele>
      </trkpt>
      <trkpt lat="-31.5117397" lon="-68.6787257">
        <ele>1043.0000</ele>
      </trkpt>
      <trkpt lat="-31.5117438" lon="-68.6787178">
        <ele>1043.0000</ele>
      </trkpt>
      <trkpt lat="-31.5117665" lon="-68.6787181">
        <ele>1044.0000</ele>
      </trkpt>
      <trkpt lat="-31.5117800" lon="-68.6786979">
        <ele>1045.0000</ele>
      </trkpt>
      <trkpt lat="-31.5117860" lon="-68.6786890">
        <ele>1045.0000</ele>
      </trkpt>
      <trkpt lat="-31.5117751" lon="-68.6786871">
        <ele>1045.0000</ele>
      </trkpt>
      <trkpt lat="-31.5117760" lon="-68.6786663">
        <ele>1046.0000</ele>
      </trkpt>
      <trkpt lat="-31.5117762" lon="-68.6786564">
        <ele>1047.0000</ele>
      </trkpt>
      <trkpt lat="-31.5117759" lon="-68.6786408">
        <ele>1047.0000</ele>
      </trkpt>
      <trkpt lat="-31.5117869" lon="-68.6786090">
        <ele>1049.0000</ele>
      </trkpt>
      <trkpt lat="-31.5118026" lon="-68.6785860">
        <ele>1050.0000</ele>
      </trkpt>
      <trkpt lat="-31.5118101" lon="-68.6785701">
        <ele>1050.0000</ele>
      </trkpt>
      <trkpt lat="-31.5118183" lon="-68.6785499">
        <ele>1051.0000</ele>
      </trkpt>
      <trkpt lat="-31.5118173" lon="-68.6785398">
        <ele>1051.0000</ele>
      </trkpt>
      <trkpt lat="-31.5118164" lon="-68.6785374">
        <ele>1052.0000</ele>
      </trkpt>
      <trkpt lat="-31.5118178" lon="-68.6785327">
        <ele>1052.0000</ele>
      </trkpt>
      <trkpt lat="-31.5118334" lon="-68.6785109">
        <ele>1053.0000</ele>
      </trkpt>
      <trkpt lat="-31.5118224" lon="-68.6785162">
        <ele>1052.0000</ele>
      </trkpt>
      <trkpt lat="-31.5118245" lon="-68.6785124">
        <ele>1052.0000</ele>
      </trkpt>
      <trkpt lat="-31.5118242" lon="-68.6785034">
        <ele>1053.0000</ele>
      </trkpt>
      <trkpt lat="-31.5118286" lon="-68.6784934">
        <ele>1053.0000</ele>
      </trkpt>
      <trkpt lat="-31.5118333" lon="-68.6784848">
        <ele>1054.0000</ele>
      </trkpt>
      <trkpt lat="-31.5118394" lon="-68.6784736">
        <ele>1054.0000</ele>
      </trkpt>
      <trkpt lat="-31.5118451" lon="-68.6784633">
        <ele>1054.0000</ele>
      </trkpt>
      <trkpt lat="-31.5118463" lon="-68.6784610">
        <ele>1055.0000</ele>
      </trkpt>
      <trkpt lat="-31.5118533" lon="-68.6784533">
        <ele>1055.0000</ele>
      </trkpt>
      <trkpt lat="-31.5118649" lon="-68.6784456">
        <ele>1056.0000</ele>
      </trkpt>
      <trkpt lat="-31.5118741" lon="-68.6784397">
        <ele>1056.0000</ele>
      </trkpt>
      <trkpt lat="-31.5118788" lon="-68.6784323">
        <ele>1056.0000</ele>
      </trkpt>
      <trkpt lat="-31.5118994" lon="-68.6784267">
        <ele>1057.0000</ele>
      </trkpt>
      <trkpt lat="-31.5119216" lon="-68.6784293">
        <ele>1057.0000</ele>
      </trkpt>
      <trkpt lat="-31.5119475" lon="-68.6784297">
        <ele>1058.0000</ele>
      </trkpt>
      <trkpt lat="-31.5119026" lon="-68.6784025">
        <ele>1058.0000</ele>
      </trkpt>
      <trkpt lat="-31.5119655" lon="-68.6784266">
        <ele>1058.0000</ele>
      </trkpt>
      <trkpt lat="-31.5121430" lon="-68.6784887">
        <ele>1059.0000</ele>
      </trkpt>
      <trkpt lat="-31.5123857" lon="-68.6785290">
        <ele>1064.0000</ele>
      </trkpt>
      <trkpt lat="-31.5128157" lon="-68.6784678">
        <ele>1080.0000</ele>
      </trkpt>
      <trkpt lat="-31.5130706" lon="-68.6784871">
        <ele>1086.0000</ele>
      </trkpt>
      <trkpt lat="-31.5131113" lon="-68.6785517">
        <ele>1085.0000</ele>
      </trkpt>
      <trkpt lat="-31.5132223" lon="-68.6786377">
        <ele>1084.0000</ele>
      </trkpt>
      <trkpt lat="-31.5134116" lon="-68.6786932">
        <ele>1085.0000</ele>
      </trkpt>
      <trkpt lat="-31.5136307" lon="-68.6786187">
        <ele>1092.0000</ele>
      </trkpt>
      <trkpt lat="-31.5138115" lon="-68.6785338">
        <ele>1096.0000</ele>
      </trkpt>
      <trkpt lat="-31.5139623" lon="-68.6785273">
        <ele>1096.0000</ele>
      </trkpt>
      <trkpt lat="-31.5141649" lon="-68.6785911">
        <ele>1093.0000</ele>
      </trkpt>
      <trkpt lat="-31.5142990" lon="-68.6786924">
        <ele>1089.0000</ele>
      </trkpt>
      <trkpt lat="-31.5144635" lon="-68.6787893">
        <ele>1086.0000</ele>
      </trkpt>
      <trkpt lat="-31.5146560" lon="-68.6787056">
        <ele>1091.0000</ele>
      </trkpt>
      <trkpt lat="-31.5147257" lon="-68.6785640">
        <ele>1097.0000</ele>
      </trkpt>
      <trkpt lat="-31.5147299" lon="-68.6784212">
        <ele>1100.0000</ele>
      </trkpt>
      <trkpt lat="-31.5147029" lon="-68.6783207">
        <ele>1102.0000</ele>
      </trkpt>
      <trkpt lat="-31.5146677" lon="-68.6782037">
        <ele>1100.0000</ele>
      </trkpt>
      <trkpt lat="-31.5147522" lon="-68.6781131">
        <ele>1098.0000</ele>
      </trkpt>
      <trkpt lat="-31.5147891" lon="-68.6780157">
        <ele>1096.0000</ele>
      </trkpt>
      <trkpt lat="-31.5148101" lon="-68.6779880">
        <ele>1096.0000</ele>
      </trkpt>
      <trkpt lat="-31.5148489" lon="-68.6779260">
        <ele>1095.0000</ele>
      </trkpt>
      <trkpt lat="-31.5148874" lon="-68.6778643">
        <ele>1093.0000</ele>
      </trkpt>
      <trkpt lat="-31.5149363" lon="-68.6778105">
        <ele>1092.0000</ele>
      </trkpt>
      <trkpt lat="-31.5149295" lon="-68.6777339">
        <ele>1087.0000</ele>
      </trkpt>
      <trkpt lat="-31.5149443" lon="-68.6776929">
        <ele>1084.0000</ele>
      </trkpt>
      <trkpt lat="-31.5149379" lon="-68.6776368">
        <ele>1080.0000</ele>
      </trkpt>
      <trkpt lat="-31.5149330" lon="-68.6775665">
        <ele>1075.0000</ele>
      </trkpt>
      <trkpt lat="-31.5148977" lon="-68.6774858">
        <ele>1070.0000</ele>
      </trkpt>
      <trkpt lat="-31.5148705" lon="-68.6773766">
        <ele>1067.0000</ele>
      </trkpt>
      <trkpt lat="-31.5148153" lon="-68.6772999">
        <ele>1066.0000</ele>
      </trkpt>
      <trkpt lat="-31.5147350" lon="-68.6772090">
        <ele>1064.0000</ele>
      </trkpt>
      <trkpt lat="-31.5146653" lon="-68.6770681">
        <ele>1062.0000</ele>
      </trkpt>
      <trkpt lat="-31.5146229" lon="-68.6769456">
        <ele>1060.0000</ele>
      </trkpt>
      <trkpt lat="-31.5145728" lon="-68.6768378">
        <ele>1056.0000</ele>
      </trkpt>
      <trkpt lat="-31.5145091" lon="-68.6766967">
        <ele>1053.0000</ele>
      </trkpt>
      <trkpt lat="-31.5143586" lon="-68.6765307">
        <ele>1044.0000</ele>
      </trkpt>
      <trkpt lat="-31.5143153" lon="-68.6764986">
        <ele>1042.0000</ele>
      </trkpt>
      <trkpt lat="-31.5141427" lon="-68.6764084">
        <ele>1040.0000</ele>
      </trkpt>
      <trkpt lat="-31.5140336" lon="-68.6763057">
        <ele>1036.0000</ele>
      </trkpt>
      <trkpt lat="-31.5139843" lon="-68.6762098">
        <ele>1033.0000</ele>
      </trkpt>
      <trkpt lat="-31.5138897" lon="-68.6759536">
        <ele>1031.0000</ele>
      </trkpt>
      <trkpt lat="-31.5138704" lon="-68.6758109">
        <ele>1030.0000</ele>
      </trkpt>
      <trkpt lat="-31.5138331" lon="-68.6756618">
        <ele>1023.0000</ele>
      </trkpt>
      <trkpt lat="-31.5137610" lon="-68.6755242">
        <ele>1016.0000</ele>
      </trkpt>
      <trkpt lat="-31.5136813" lon="-68.6754404">
        <ele>1011.0000</ele>
      </trkpt>
      <trkpt lat="-31.5137534" lon="-68.6751230">
        <ele>991.00000</ele>
      </trkpt>
      <trkpt lat="-31.5139523" lon="-68.6750816">
        <ele>985.00000</ele>
      </trkpt>
      <trkpt lat="-31.5139462" lon="-68.6749880">
        <ele>980.00000</ele>
      </trkpt>
      <trkpt lat="-31.5139818" lon="-68.6748994">
        <ele>975.00000</ele>
      </trkpt>
      <trkpt lat="-31.5140533" lon="-68.6747184">
        <ele>967.00000</ele>
      </trkpt>
      <trkpt lat="-31.5139813" lon="-68.6744948">
        <ele>957.00000</ele>
      </trkpt>
      <trkpt lat="-31.5137632" lon="-68.6743621">
        <ele>947.00000</ele>
      </trkpt>
      <trkpt lat="-31.5136782" lon="-68.6742051">
        <ele>936.00000</ele>
      </trkpt>
      <trkpt lat="-31.5135143" lon="-68.6739736">
        <ele>929.00000</ele>
      </trkpt>
      <trkpt lat="-31.5132120" lon="-68.6738098">
        <ele>923.00000</ele>
      </trkpt>
      <trkpt lat="-31.5127228" lon="-68.6735958">
        <ele>909.00000</ele>
      </trkpt>
      <trkpt lat="-31.5123753" lon="-68.6734549">
        <ele>899.00000</ele>
      </trkpt>
      <trkpt lat="-31.5122388" lon="-68.6733818">
        <ele>894.00000</ele>
      </trkpt>
      <trkpt lat="-31.5120701" lon="-68.6732798">
        <ele>892.00000</ele>
      </trkpt>
      <trkpt lat="-31.5119519" lon="-68.6730373">
        <ele>888.00000</ele>
      </trkpt>
      <trkpt lat="-31.5119577" lon="-68.6729565">
        <ele>885.00000</ele>
      </trkpt>
      <trkpt lat="-31.5119900" lon="-68.6729306">
        <ele>883.00000</ele>
      </trkpt>
      <trkpt lat="-31.5121780" lon="-68.6729855">
        <ele>884.00000</ele>
      </trkpt>
      <trkpt lat="-31.5123302" lon="-68.6729191">
        <ele>881.00000</ele>
      </trkpt>
      <trkpt lat="-31.5122944" lon="-68.6727198">
        <ele>870.00000</ele>
      </trkpt>
      <trkpt lat="-31.5124451" lon="-68.6725722">
        <ele>862.00000</ele>
      </trkpt>
      <trkpt lat="-31.5126281" lon="-68.6725455">
        <ele>861.00000</ele>
      </trkpt>
      <trkpt lat="-31.5127002" lon="-68.6724068">
        <ele>856.00000</ele>
      </trkpt>
      <trkpt lat="-31.5126895" lon="-68.6722448">
        <ele>851.00000</ele>
      </trkpt>
      <trkpt lat="-31.5126917" lon="-68.6721523">
        <ele>850.00000</ele>
      </trkpt>
      <trkpt lat="-31.5126634" lon="-68.6721034">
        <ele>849.00000</ele>
      </trkpt>
      <trkpt lat="-31.5126781" lon="-68.6719769">
        <ele>846.00000</ele>
      </trkpt>
      <trkpt lat="-31.5125972" lon="-68.6718279">
        <ele>838.00000</ele>
      </trkpt>
      <trkpt lat="-31.5123991" lon="-68.6716741">
        <ele>829.00000</ele>
      </trkpt>
      <trkpt lat="-31.5124732" lon="-68.6714535">
        <ele>809.00000</ele>
      </trkpt>
      <trkpt lat="-31.5125276" lon="-68.6712813">
        <ele>801.00000</ele>
      </trkpt>
      <trkpt lat="-31.5123909" lon="-68.6711039">
        <ele>797.00000</ele>
      </trkpt>
      <trkpt lat="-31.5124353" lon="-68.6710504">
        <ele>796.00000</ele>
      </trkpt>
      <trkpt lat="-31.5124767" lon="-68.6710208">
        <ele>795.00000</ele>
      </trkpt>
      <trkpt lat="-31.5127542" lon="-68.6710917">
        <ele>795.00000</ele>
      </trkpt>
      <trkpt lat="-31.5128922" lon="-68.6711962">
        <ele>797.00000</ele>
      </trkpt>
      <trkpt lat="-31.5131394" lon="-68.6713136">
        <ele>800.00000</ele>
      </trkpt>
      <trkpt lat="-31.5132979" lon="-68.6713480">
        <ele>800.00000</ele>
      </trkpt>
      <trkpt lat="-31.5135282" lon="-68.6714257">
        <ele>802.00000</ele>
      </trkpt>
      <trkpt lat="-31.5136523" lon="-68.6714442">
        <ele>802.00000</ele>
      </trkpt>
      <trkpt lat="-31.5136931" lon="-68.6713624">
        <ele>799.00000</ele>
      </trkpt>
      <trkpt lat="-31.5140160" lon="-68.6714651">
        <ele>797.00000</ele>
      </trkpt>
      <trkpt lat="-31.5142900" lon="-68.6714174">
        <ele>794.00000</ele>
      </trkpt>
      <trkpt lat="-31.5146139" lon="-68.6714746">
        <ele>801.00000</ele>
      </trkpt>
      <trkpt lat="-31.5147345" lon="-68.6715836">
        <ele>807.00000</ele>
      </trkpt>
      <trkpt lat="-31.5149450" lon="-68.6716214">
        <ele>810.00000</ele>
      </trkpt>
      <trkpt lat="-31.5150217" lon="-68.6716483">
        <ele>811.00000</ele>
      </trkpt>
      <trkpt lat="-31.5153451" lon="-68.6715675">
        <ele>801.00000</ele>
      </trkpt>
      <trkpt lat="-31.5155781" lon="-68.6717152">
        <ele>795.00000</ele>
      </trkpt>
      <trkpt lat="-31.5157362" lon="-68.6717060">
        <ele>792.00000</ele>
      </trkpt>
      <trkpt lat="-31.5158041" lon="-68.6717129">
        <ele>790.00000</ele>
      </trkpt>
      <trkpt lat="-31.5160144" lon="-68.6717804">
        <ele>788.00000</ele>
      </trkpt>
      <trkpt lat="-31.5160763" lon="-68.6717990">
        <ele>787.00000</ele>
      </trkpt>
      <trkpt lat="-31.5162984" lon="-68.6718767">
        <ele>789.00000</ele>
      </trkpt>
      <trkpt lat="-31.5168552" lon="-68.6719330">
        <ele>797.00000</ele>
      </trkpt>
      <trkpt lat="-31.5173537" lon="-68.6723063">
        <ele>798.00000</ele>
      </trkpt>
      <trkpt lat="-31.5175147" lon="-68.6725678">
        <ele>803.00000</ele>
      </trkpt>
      <trkpt lat="-31.5176191" lon="-68.6727065">
        <ele>809.00000</ele>
      </trkpt>
      <trkpt lat="-31.5177568" lon="-68.6730967">
        <ele>819.00000</ele>
      </trkpt>
      <trkpt lat="-31.5180164" lon="-68.6734023">
        <ele>826.00000</ele>
      </trkpt>
      <trkpt lat="-31.5183928" lon="-68.6736258">
        <ele>829.00000</ele>
      </trkpt>
      <trkpt lat="-31.5186540" lon="-68.6735383">
        <ele>828.00000</ele>
      </trkpt>
      <trkpt lat="-31.5188885" lon="-68.6733460">
        <ele>826.00000</ele>
      </trkpt>
      <trkpt lat="-31.5191230" lon="-68.6732407">
        <ele>823.00000</ele>
      </trkpt>
      <trkpt lat="-31.5193762" lon="-68.6729882">
        <ele>819.00000</ele>
      </trkpt>
      <trkpt lat="-31.5196466" lon="-68.6729202">
        <ele>813.00000</ele>
      </trkpt>
      <trkpt lat="-31.5200506" lon="-68.6729965">
        <ele>802.00000</ele>
      </trkpt>
      <trkpt lat="-31.5202740" lon="-68.6732169">
        <ele>800.00000</ele>
      </trkpt>
      <trkpt lat="-31.5204402" lon="-68.6731365">
        <ele>797.00000</ele>
      </trkpt>
      <trkpt lat="-31.5205613" lon="-68.6729847">
        <ele>795.00000</ele>
      </trkpt>
      <trkpt lat="-31.5206000" lon="-68.6729062">
        <ele>795.00000</ele>
      </trkpt>
      <trkpt lat="-31.5206521" lon="-68.6734596">
        <ele>796.00000</ele>
      </trkpt>
      <trkpt lat="-31.5206865" lon="-68.6738166">
        <ele>796.00000</ele>
      </trkpt>
      <trkpt lat="-31.5209759" lon="-68.6738716">
        <ele>795.00000</ele>
      </trkpt>
      <trkpt lat="-31.5210501" lon="-68.6742277">
        <ele>800.00000</ele>
      </trkpt>
      <trkpt lat="-31.5211186" lon="-68.6746788">
        <ele>806.00000</ele>
      </trkpt>
      <trkpt lat="-31.5213618" lon="-68.6750424">
        <ele>813.00000</ele>
      </trkpt>
      <trkpt lat="-31.5214320" lon="-68.6754554">
        <ele>821.00000</ele>
      </trkpt>
      <trkpt lat="-31.5216077" lon="-68.6759008">
        <ele>833.00000</ele>
      </trkpt>
      <trkpt lat="-31.5216521" lon="-68.6760895">
        <ele>835.00000</ele>
      </trkpt>
      <trkpt lat="-31.5217480" lon="-68.6763094">
        <ele>838.00000</ele>
      </trkpt>
      <trkpt lat="-31.5222221" lon="-68.6759481">
        <ele>831.00000</ele>
      </trkpt>
      <trkpt lat="-31.5225882" lon="-68.6755046">
        <ele>828.00000</ele>
      </trkpt>
      <trkpt lat="-31.5229183" lon="-68.6751589">
        <ele>832.00000</ele>
      </trkpt>
      <trkpt lat="-31.5231827" lon="-68.6749947">
        <ele>832.00000</ele>
      </trkpt>
      <trkpt lat="-31.5235047" lon="-68.6747454">
        <ele>827.00000</ele>
      </trkpt>
      <trkpt lat="-31.5237612" lon="-68.6745263">
        <ele>823.00000</ele>
      </trkpt>
      <trkpt lat="-31.5240890" lon="-68.6740574">
        <ele>821.00000</ele>
      </trkpt>
      <trkpt lat="-31.5242061" lon="-68.6738356">
        <ele>823.00000</ele>
      </trkpt>
      <trkpt lat="-31.5242012" lon="-68.6734866">
        <ele>818.00000</ele>
      </trkpt>
      <trkpt lat="-31.5242776" lon="-68.6731433">
        <ele>811.00000</ele>
      </trkpt>
      <trkpt lat="-31.5245501" lon="-68.6730884">
        <ele>809.00000</ele>
      </trkpt>
      <trkpt lat="-31.5246919" lon="-68.6735620">
        <ele>813.00000</ele>
      </trkpt>
      <trkpt lat="-31.5250001" lon="-68.6735900">
        <ele>806.00000</ele>
      </trkpt>
      <trkpt lat="-31.5252131" lon="-68.6736650">
        <ele>803.00000</ele>
      </trkpt>
      <trkpt lat="-31.5253555" lon="-68.6734271">
        <ele>801.00000</ele>
      </trkpt>
      <trkpt lat="-31.5255641" lon="-68.6730846">
        <ele>799.00000</ele>
      </trkpt>
      <trkpt lat="-31.5257022" lon="-68.6727412">
        <ele>793.00000</ele>
      </trkpt>
      <trkpt lat="-31.5258269" lon="-68.6725062">
        <ele>790.00000</ele>
      </trkpt>
      <trkpt lat="-31.5260601" lon="-68.6719604">
        <ele>785.00000</ele>
      </trkpt>
      <trkpt lat="-31.5263697" lon="-68.6719825">
        <ele>789.00000</ele>
      </trkpt>
      <trkpt lat="-31.5263582" lon="-68.6716832">
        <ele>785.00000</ele>
      </trkpt>
      <trkpt lat="-31.5264577" lon="-68.6712940">
        <ele>780.00000</ele>
      </trkpt>
      <trkpt lat="-31.5264554" lon="-68.6709654">
        <ele>778.00000</ele>
      </trkpt>
      <trkpt lat="-31.5260682" lon="-68.6707787">
        <ele>781.00000</ele>
      </trkpt>
      <trkpt lat="-31.5261264" lon="-68.6704303">
        <ele>776.00000</ele>
      </trkpt>
      <trkpt lat="-31.5262071" lon="-68.6700048">
        <ele>770.00000</ele>
      </trkpt>
      <trkpt lat="-31.5264934" lon="-68.6697690">
        <ele>767.00000</ele>
      </trkpt>
      <trkpt lat="-31.5266199" lon="-68.6694455">
        <ele>765.00000</ele>
      </trkpt>
      <trkpt lat="-31.5271723" lon="-68.6694269">
        <ele>761.00000</ele>
      </trkpt>
      <trkpt lat="-31.5277444" lon="-68.6699052">
        <ele>765.00000</ele>
      </trkpt>
      <trkpt lat="-31.5280988" lon="-68.6703462">
        <ele>766.00000</ele>
      </trkpt>
      <trkpt lat="-31.5282381" lon="-68.6708544">
        <ele>768.00000</ele>
      </trkpt>
      <trkpt lat="-31.5280867" lon="-68.6711950">
        <ele>770.00000</ele>
      </trkpt>
      <trkpt lat="-31.5278433" lon="-68.6714419">
        <ele>770.00000</ele>
      </trkpt>
      <trkpt lat="-31.5277318" lon="-68.6718273">
        <ele>769.00000</ele>
      </trkpt>
      <trkpt lat="-31.5276529" lon="-68.6723276">
        <ele>778.00000</ele>
      </trkpt>
      <trkpt lat="-31.5275604" lon="-68.6727720">
        <ele>781.00000</ele>
      </trkpt>
      <trkpt lat="-31.5275941" lon="-68.6732367">
        <ele>781.00000</ele>
      </trkpt>
      <trkpt lat="-31.5278188" lon="-68.6732691">
        <ele>785.00000</ele>
      </trkpt>
      <trkpt lat="-31.5279896" lon="-68.6738005">
        <ele>794.00000</ele>
      </trkpt>
      <trkpt lat="-31.5281355" lon="-68.6743758">
        <ele>802.00000</ele>
      </trkpt>
      <trkpt lat="-31.5281272" lon="-68.6748788">
        <ele>805.00000</ele>
      </trkpt>
      <trkpt lat="-31.5281862" lon="-68.6754907">
        <ele>812.00000</ele>
      </trkpt>
      <trkpt lat="-31.5282511" lon="-68.6759930">
        <ele>816.00000</ele>
      </trkpt>
      <trkpt lat="-31.5283857" lon="-68.6762858">
        <ele>818.00000</ele>
      </trkpt>
      <trkpt lat="-31.5286493" lon="-68.6762952">
        <ele>820.00000</ele>
      </trkpt>
      <trkpt lat="-31.5289508" lon="-68.6763051">
        <ele>819.00000</ele>
      </trkpt>
      <trkpt lat="-31.5290539" lon="-68.6761560">
        <ele>818.00000</ele>
      </trkpt>
      <trkpt lat="-31.5293070" lon="-68.6759634">
        <ele>813.00000</ele>
      </trkpt>
      <trkpt lat="-31.5295854" lon="-68.6759003">
        <ele>811.00000</ele>
      </trkpt>
      <trkpt lat="-31.5297027" lon="-68.6757560">
        <ele>809.00000</ele>
      </trkpt>
      <trkpt lat="-31.5295717" lon="-68.6761249">
        <ele>811.00000</ele>
      </trkpt>
      <trkpt lat="-31.5294786" lon="-68.6764721">
        <ele>810.00000</ele>
      </trkpt>
      <trkpt lat="-31.5291652" lon="-68.6768178">
        <ele>811.00000</ele>
      </trkpt>
      <trkpt lat="-31.5288718" lon="-68.6768390">
        <ele>813.00000</ele>
      </trkpt>
      <trkpt lat="-31.5282703" lon="-68.6767773">
        <ele>813.00000</ele>
      </trkpt>
      <trkpt lat="-31.5278280" lon="-68.6767696">
        <ele>812.00000</ele>
      </trkpt>
      <trkpt lat="-31.5273351" lon="-68.6768968">
        <ele>812.00000</ele>
      </trkpt>
      <trkpt lat="-31.5273812" lon="-68.6771080">
        <ele>813.00000</ele>
      </trkpt>
      <trkpt lat="-31.5275112" lon="-68.6773731">
        <ele>814.00000</ele>
      </trkpt>
      <trkpt lat="-31.5277007" lon="-68.6778361">
        <ele>822.00000</ele>
      </trkpt>
      <trkpt lat="-31.5278705" lon="-68.6784140">
        <ele>833.00000</ele>
      </trkpt>
      <trkpt lat="-31.5280276" lon="-68.6786267">
        <ele>832.00000</ele>
      </trkpt>
      <trkpt lat="-31.5280818" lon="-68.6788722">
        <ele>838.00000</ele>
      </trkpt>
      <trkpt lat="-31.5284341" lon="-68.6790224">
        <ele>835.00000</ele>
      </trkpt>
      <trkpt lat="-31.5285689" lon="-68.6790878">
        <ele>835.00000</ele>
      </trkpt>
      <trkpt lat="-31.5287669" lon="-68.6791505">
        <ele>836.00000</ele>
      </trkpt>
      <trkpt lat="-31.5291099" lon="-68.6792403">
        <ele>842.00000</ele>
      </trkpt>
      <trkpt lat="-31.5293059" lon="-68.6793480">
        <ele>848.00000</ele>
      </trkpt>
      <trkpt lat="-31.5295960" lon="-68.6794648">
        <ele>851.00000</ele>
      </trkpt>
      <trkpt lat="-31.5298322" lon="-68.6795646">
        <ele>852.00000</ele>
      </trkpt>
      <trkpt lat="-31.5301114" lon="-68.6796744">
        <ele>849.00000</ele>
      </trkpt>
      <trkpt lat="-31.5301942" lon="-68.6796235">
        <ele>846.00000</ele>
      </trkpt>
      <trkpt lat="-31.5303011" lon="-68.6794180">
        <ele>838.00000</ele>
      </trkpt>
      <trkpt lat="-31.5303305" lon="-68.6792780">
        <ele>832.00000</ele>
      </trkpt>
      <trkpt lat="-31.5302757" lon="-68.6790316">
        <ele>824.00000</ele>
      </trkpt>
      <trkpt lat="-31.5302200" lon="-68.6788296">
        <ele>818.00000</ele>
      </trkpt>
      <trkpt lat="-31.5302121" lon="-68.6787042">
        <ele>815.00000</ele>
      </trkpt>
      <trkpt lat="-31.5299183" lon="-68.6785780">
        <ele>817.00000</ele>
      </trkpt>
      <trkpt lat="-31.5297232" lon="-68.6785127">
        <ele>817.00000</ele>
      </trkpt>
      <trkpt lat="-31.5294342" lon="-68.6783791">
        <ele>814.00000</ele>
      </trkpt>
      <trkpt lat="-31.5295632" lon="-68.6781355">
        <ele>811.00000</ele>
      </trkpt>
      <trkpt lat="-31.5300893" lon="-68.6781498">
        <ele>810.00000</ele>
      </trkpt>
      <trkpt lat="-31.5304438" lon="-68.6781581">
        <ele>804.00000</ele>
      </trkpt>
      <trkpt lat="-31.5306317" lon="-68.6781625">
        <ele>800.00000</ele>
      </trkpt>
      <trkpt lat="-31.5309829" lon="-68.6782318">
        <ele>796.00000</ele>
      </trkpt>
      <trkpt lat="-31.5312381" lon="-68.6783120">
        <ele>794.00000</ele>
      </trkpt>
      <trkpt lat="-31.5317100" lon="-68.6785416">
        <ele>793.00000</ele>
      </trkpt>
      <trkpt lat="-31.5321462" lon="-68.6785715">
        <ele>794.00000</ele>
      </trkpt>
      <trkpt lat="-31.5327333" lon="-68.6786096">
        <ele>789.00000</ele>
      </trkpt>
      <trkpt lat="-31.5334269" lon="-68.6788283">
        <ele>786.00000</ele>
      </trkpt>
      <trkpt lat="-31.5336548" lon="-68.6790337">
        <ele>785.00000</ele>
      </trkpt>
      <trkpt lat="-31.5340035" lon="-68.6791062">
        <ele>779.00000</ele>
      </trkpt>
      <trkpt lat="-31.5343589" lon="-68.6792341">
        <ele>777.00000</ele>
      </trkpt>
      <trkpt lat="-31.5346858" lon="-68.6792474">
        <ele>775.00000</ele>
      </trkpt>
      <trkpt lat="-31.5349548" lon="-68.6792582">
        <ele>773.00000</ele>
      </trkpt>
      <trkpt lat="-31.5353454" lon="-68.6793449">
        <ele>771.00000</ele>
      </trkpt>
      <trkpt lat="-31.5356604" lon="-68.6793565">
        <ele>768.00000</ele>
      </trkpt>
      <trkpt lat="-31.5360835" lon="-68.6793890">
        <ele>767.00000</ele>
      </trkpt>
      <trkpt lat="-31.5364368" lon="-68.6794018">
        <ele>766.00000</ele>
      </trkpt>
      <trkpt lat="-31.5367048" lon="-68.6794283">
        <ele>765.00000</ele>
      </trkpt>
      <trkpt lat="-31.5370394" lon="-68.6794566">
        <ele>763.00000</ele>
      </trkpt>
      <trkpt lat="-31.5373464" lon="-68.6794675">
        <ele>761.00000</ele>
      </trkpt>
      <trkpt lat="-31.5375544" lon="-68.6794748">
        <ele>760.00000</ele>
      </trkpt>
      <trkpt lat="-31.5378042" lon="-68.6793897">
        <ele>760.00000</ele>
      </trkpt>
      <trkpt lat="-31.5381158" lon="-68.6792693">
        <ele>761.00000</ele>
      </trkpt>
      <trkpt lat="-31.5383362" lon="-68.6792393">
        <ele>760.00000</ele>
      </trkpt>
      <trkpt lat="-31.5383759" lon="-68.6791549">
        <ele>759.00000</ele>
      </trkpt>
      <trkpt lat="-31.5386057" lon="-68.6790404">
        <ele>757.00000</ele>
      </trkpt>
      <trkpt lat="-31.5387904" lon="-68.6789411">
        <ele>754.00000</ele>
      </trkpt>
      <trkpt lat="-31.5390924" lon="-68.6784527">
        <ele>756.00000</ele>
      </trkpt>
      <trkpt lat="-31.5390922" lon="-68.6784188">
        <ele>757.00000</ele>
      </trkpt>
      <trkpt lat="-31.5391327" lon="-68.6782225">
        <ele>759.00000</ele>
      </trkpt>
      <trkpt lat="-31.5391227" lon="-68.6779320">
        <ele>759.00000</ele>
      </trkpt>
      <trkpt lat="-31.5394001" lon="-68.6772978">
        <ele>756.00000</ele>
      </trkpt>
      <trkpt lat="-31.5393916" lon="-68.6770451">
        <ele>755.00000</ele>
      </trkpt>
      <trkpt lat="-31.5393777" lon="-68.6767068">
        <ele>755.00000</ele>
      </trkpt>
      <trkpt lat="-31.5393651" lon="-68.6764682">
        <ele>754.00000</ele>
      </trkpt>
      <trkpt lat="-31.5391854" lon="-68.6758647">
        <ele>753.00000</ele>
      </trkpt>
      <trkpt lat="-31.5393125" lon="-68.6752926">
        <ele>745.00000</ele>
      </trkpt>
      <trkpt lat="-31.5392820" lon="-68.6749127">
        <ele>745.00000</ele>
      </trkpt>
      <trkpt lat="-31.5392233" lon="-68.6746072">
        <ele>745.00000</ele>
      </trkpt>
      <trkpt lat="-31.5392167" lon="-68.6743408">
        <ele>745.00000</ele>
      </trkpt>
      <trkpt lat="-31.5392484" lon="-68.6740190">
        <ele>746.00000</ele>
      </trkpt>
      <trkpt lat="-31.5392125" lon="-68.6737693">
        <ele>746.00000</ele>
      </trkpt>
      <trkpt lat="-31.5390490" lon="-68.6733740">
        <ele>744.00000</ele>
      </trkpt>
      <trkpt lat="-31.5388933" lon="-68.6728952">
        <ele>742.00000</ele>
      </trkpt>
      <trkpt lat="-31.5388714" lon="-68.6723708">
        <ele>740.00000</ele>
      </trkpt>
      <trkpt lat="-31.5388816" lon="-68.6719284">
        <ele>740.00000</ele>
      </trkpt>
      <trkpt lat="-31.5387171" lon="-68.6714173">
        <ele>740.00000</ele>
      </trkpt>
      <trkpt lat="-31.5386757" lon="-68.6710202">
        <ele>740.00000</ele>
      </trkpt>
      <trkpt lat="-31.5385202" lon="-68.6704979">
        <ele>740.00000</ele>
      </trkpt>
      <trkpt lat="-31.5384449" lon="-68.6699888">
        <ele>738.00000</ele>
      </trkpt>
      <trkpt lat="-31.5383724" lon="-68.6694581">
        <ele>738.00000</ele>
      </trkpt>
      <trkpt lat="-31.5382072" lon="-68.6688356">
        <ele>735.00000</ele>
      </trkpt>
      <trkpt lat="-31.5381333" lon="-68.6682760">
        <ele>735.00000</ele>
      </trkpt>
      <trkpt lat="-31.5381270" lon="-68.6679566">
        <ele>737.00000</ele>
      </trkpt>
      <trkpt lat="-31.5381186" lon="-68.6674191">
        <ele>737.00000</ele>
      </trkpt>
      <trkpt lat="-31.5380244" lon="-68.6670259">
        <ele>736.00000</ele>
      </trkpt>
      <trkpt lat="-31.5387508" lon="-68.6668971">
        <ele>734.00000</ele>
      </trkpt>
      <trkpt lat="-31.5394297" lon="-68.6666592">
        <ele>731.00000</ele>
      </trkpt>
      <trkpt lat="-31.5398168" lon="-68.6665337">
        <ele>729.00000</ele>
      </trkpt>
      <trkpt lat="-31.5402656" lon="-68.6664157">
        <ele>731.00000</ele>
      </trkpt>
      <trkpt lat="-31.5407133" lon="-68.6663241">
        <ele>730.00000</ele>
      </trkpt>
      <trkpt lat="-31.5411416" lon="-68.6662363">
        <ele>731.00000</ele>
      </trkpt>
      <trkpt lat="-31.5414191" lon="-68.6661992">
        <ele>733.00000</ele>
      </trkpt>
      <trkpt lat="-31.5418437" lon="-68.6659957">
        <ele>732.00000</ele>
      </trkpt>
      <trkpt lat="-31.5421442" lon="-68.6658280">
        <ele>730.00000</ele>
      </trkpt>
      <trkpt lat="-31.5425884" lon="-68.6656716">
        <ele>731.00000</ele>
      </trkpt>
      <trkpt lat="-31.5426976" lon="-68.6656619">
        <ele>731.00000</ele>
      </trkpt>
      <trkpt lat="-31.5438293" lon="-68.6654064">
        <ele>729.00000</ele>
      </trkpt>
      <trkpt lat="-31.5440584" lon="-68.6653398">
        <ele>731.00000</ele>
      </trkpt>
      <trkpt lat="-31.5441317" lon="-68.6656398">
        <ele>731.00000</ele>
      </trkpt>
      <trkpt lat="-31.5442851" lon="-68.6658832">
        <ele>733.00000</ele>
      </trkpt>
      <trkpt lat="-31.5442961" lon="-68.6661410">
        <ele>732.00000</ele>
      </trkpt>
      <trkpt lat="-31.5443832" lon="-68.6663823">
        <ele>732.00000</ele>
      </trkpt>
      <trkpt lat="-31.5444239" lon="-68.6666760">
        <ele>732.00000</ele>
      </trkpt>
      <trkpt lat="-31.5445823" lon="-68.6669623">
        <ele>734.00000</ele>
      </trkpt>
      <trkpt lat="-31.5446066" lon="-68.6672460">
        <ele>735.00000</ele>
      </trkpt>
      <trkpt lat="-31.5446140" lon="-68.6675791">
        <ele>734.00000</ele>
      </trkpt>
      <trkpt lat="-31.5446304" lon="-68.6677873">
        <ele>734.00000</ele>
      </trkpt>
      <trkpt lat="-31.5448048" lon="-68.6679766">
        <ele>734.00000</ele>
      </trkpt>
      <trkpt lat="-31.5448724" lon="-68.6681851">
        <ele>734.00000</ele>
      </trkpt>
      <trkpt lat="-31.5449597" lon="-68.6683682">
        <ele>734.00000</ele>
      </trkpt>
      <trkpt lat="-31.5450656" lon="-68.6685341">
        <ele>735.00000</ele>
      </trkpt>
      <trkpt lat="-31.5451128" lon="-68.6686542">
        <ele>735.00000</ele>
      </trkpt>
      <trkpt lat="-31.5452730" lon="-68.6687712">
        <ele>735.00000</ele>
      </trkpt>
      <trkpt lat="-31.5453379" lon="-68.6688139">
        <ele>736.00000</ele>
      </trkpt>
      <trkpt lat="-31.5455191" lon="-68.6689213">
        <ele>736.00000</ele>
      </trkpt>
      <trkpt lat="-31.5456329" lon="-68.6690262">
        <ele>737.00000</ele>
      </trkpt>
      <trkpt lat="-31.5457359" lon="-68.6691115">
        <ele>737.00000</ele>
      </trkpt>
      <trkpt lat="-31.5457952" lon="-68.6691504">
        <ele>737.00000</ele>
      </trkpt>
      <trkpt lat="-31.5458374" lon="-68.6691629">
        <ele>738.00000</ele>
      </trkpt>
      <trkpt lat="-31.5459129" lon="-68.6692752">
        <ele>738.00000</ele>
      </trkpt>
      <trkpt lat="-31.5460029" lon="-68.6694745">
        <ele>737.00000</ele>
      </trkpt>
      <trkpt lat="-31.5460996" lon="-68.6696233">
        <ele>739.00000</ele>
      </trkpt>
      <trkpt lat="-31.5461770" lon="-68.6697760">
        <ele>740.00000</ele>
      </trkpt>
      <trkpt lat="-31.5462281" lon="-68.6699333">
        <ele>739.00000</ele>
      </trkpt>
      <trkpt lat="-31.5463049" lon="-68.6700739">
        <ele>739.00000</ele>
      </trkpt>
      <trkpt lat="-31.5463361" lon="-68.6701892">
        <ele>738.00000</ele>
      </trkpt>
      <trkpt lat="-31.5463983" lon="-68.6703640">
        <ele>738.00000</ele>
      </trkpt>
      <trkpt lat="-31.5464206" lon="-68.6705227">
        <ele>739.00000</ele>
      </trkpt>
      <trkpt lat="-31.5464265" lon="-68.6707345">
        <ele>739.00000</ele>
      </trkpt>
      <trkpt lat="-31.5464243" lon="-68.6709617">
        <ele>739.00000</ele>
      </trkpt>
      <trkpt lat="-31.5464438" lon="-68.6711451">
        <ele>739.00000</ele>
      </trkpt>
      <trkpt lat="-31.5464063" lon="-68.6713490">
        <ele>737.00000</ele>
      </trkpt>
      <trkpt lat="-31.5464069" lon="-68.6715074">
        <ele>738.00000</ele>
      </trkpt>
      <trkpt lat="-31.5464058" lon="-68.6716395">
        <ele>738.00000</ele>
      </trkpt>
      <trkpt lat="-31.5463943" lon="-68.6718767">
        <ele>738.00000</ele>
      </trkpt>
      <trkpt lat="-31.5463752" lon="-68.6721381">
        <ele>737.00000</ele>
      </trkpt>
      <trkpt lat="-31.5463733" lon="-68.6723534">
        <ele>737.00000</ele>
      </trkpt>
      <trkpt lat="-31.5463162" lon="-68.6725175">
        <ele>736.00000</ele>
      </trkpt>
      <trkpt lat="-31.5462576" lon="-68.6727841">
        <ele>736.00000</ele>
      </trkpt>
      <trkpt lat="-31.5462418" lon="-68.6730511">
        <ele>737.00000</ele>
      </trkpt>
      <trkpt lat="-31.5462242" lon="-68.6733014">
        <ele>739.00000</ele>
      </trkpt>
      <trkpt lat="-31.5462254" lon="-68.6735534">
        <ele>740.00000</ele>
      </trkpt>
      <trkpt lat="-31.5461798" lon="-68.6738368">
        <ele>740.00000</ele>
      </trkpt>
      <trkpt lat="-31.5460874" lon="-68.6741303">
        <ele>739.00000</ele>
      </trkpt>
      <trkpt lat="-31.5460652" lon="-68.6743513">
        <ele>739.00000</ele>
      </trkpt>
      <trkpt lat="-31.5460333" lon="-68.6745224">
        <ele>739.00000</ele>
      </trkpt>
      <trkpt lat="-31.5460102" lon="-68.6748138">
        <ele>740.00000</ele>
      </trkpt>
      <trkpt lat="-31.5460073" lon="-68.6749765">
        <ele>740.00000</ele>
      </trkpt>
      <trkpt lat="-31.5459987" lon="-68.6751137">
        <ele>739.00000</ele>
      </trkpt>
      <trkpt lat="-31.5460206" lon="-68.6752733">
        <ele>739.00000</ele>
      </trkpt>
      <trkpt lat="-31.5461294" lon="-68.6754132">
        <ele>740.00000</ele>
      </trkpt>
      <trkpt lat="-31.5462636" lon="-68.6755214">
        <ele>742.00000</ele>
      </trkpt>
      <trkpt lat="-31.5465257" lon="-68.6757856">
        <ele>745.00000</ele>
      </trkpt>
      <trkpt lat="-31.5467144" lon="-68.6759378">
        <ele>748.00000</ele>
      </trkpt>
      <trkpt lat="-31.5468211" lon="-68.6761228">
        <ele>749.00000</ele>
      </trkpt>
      <trkpt lat="-31.5467974" lon="-68.6767068">
        <ele>748.00000</ele>
      </trkpt>
      <trkpt lat="-31.5471494" lon="-68.6767796">
        <ele>749.00000</ele>
      </trkpt>
      <trkpt lat="-31.5473368" lon="-68.6768399">
        <ele>750.00000</ele>
      </trkpt>
      <trkpt lat="-31.5473800" lon="-68.6768024">
        <ele>750.00000</ele>
      </trkpt>
      <trkpt lat="-31.5473712" lon="-68.6769692">
        <ele>749.00000</ele>
      </trkpt>
      <trkpt lat="-31.5473543" lon="-68.6770780">
        <ele>749.00000</ele>
      </trkpt>
      <trkpt lat="-31.5473135" lon="-68.6772388">
        <ele>747.00000</ele>
      </trkpt>
      <trkpt lat="-31.5472794" lon="-68.6773484">
        <ele>747.00000</ele>
      </trkpt>
      <trkpt lat="-31.5471654" lon="-68.6776814">
        <ele>747.00000</ele>
      </trkpt>
      <trkpt lat="-31.5471549" lon="-68.6779500">
        <ele>748.00000</ele>
      </trkpt>
      <trkpt lat="-31.5470410" lon="-68.6781641">
        <ele>749.00000</ele>
      </trkpt>
      <trkpt lat="-31.5470501" lon="-68.6784564">
        <ele>751.00000</ele>
      </trkpt>
      <trkpt lat="-31.5469234" lon="-68.6787975">
        <ele>752.00000</ele>
      </trkpt>
      <trkpt lat="-31.5469321" lon="-68.6791123">
        <ele>750.00000</ele>
      </trkpt>
      <trkpt lat="-31.5469833" lon="-68.6795346">
        <ele>750.00000</ele>
      </trkpt>
      <trkpt lat="-31.5469906" lon="-68.6798067">
        <ele>750.00000</ele>
      </trkpt>
      <trkpt lat="-31.5470241" lon="-68.6800169">
        <ele>751.00000</ele>
      </trkpt>
      <trkpt lat="-31.5470657" lon="-68.6804561">
        <ele>750.00000</ele>
      </trkpt>
      <trkpt lat="-31.5471959" lon="-68.6807695">
        <ele>751.00000</ele>
      </trkpt>
      <trkpt lat="-31.5471962" lon="-68.6809147">
        <ele>751.00000</ele>
      </trkpt>
      <trkpt lat="-31.5472626" lon="-68.6810387">
        <ele>751.00000</ele>
      </trkpt>
      <trkpt lat="-31.5474127" lon="-68.6813253">
        <ele>751.00000</ele>
      </trkpt>
      <trkpt lat="-31.5476344" lon="-68.6817882">
        <ele>755.00000</ele>
      </trkpt>
      <trkpt lat="-31.5477459" lon="-68.6819450">
        <ele>757.00000</ele>
      </trkpt>
      <trkpt lat="-31.5480252" lon="-68.6821093">
        <ele>764.00000</ele>
      </trkpt>
      <trkpt lat="-31.5481817" lon="-68.6823753">
        <ele>770.00000</ele>
      </trkpt>
      <trkpt lat="-31.5484603" lon="-68.6824299">
        <ele>784.00000</ele>
      </trkpt>
      <trkpt lat="-31.5489442" lon="-68.6825385">
        <ele>806.00000</ele>
      </trkpt>
      <trkpt lat="-31.5491855" lon="-68.6826456">
        <ele>812.00000</ele>
      </trkpt>
      <trkpt lat="-31.5494312" lon="-68.6828042">
        <ele>818.00000</ele>
      </trkpt>
      <trkpt lat="-31.5497226" lon="-68.6829884">
        <ele>821.00000</ele>
      </trkpt>
      <trkpt lat="-31.5498464" lon="-68.6830807">
        <ele>822.00000</ele>
      </trkpt>
      <trkpt lat="-31.5502664" lon="-68.6831661">
        <ele>831.00000</ele>
      </trkpt>
      <trkpt lat="-31.5504992" lon="-68.6834822">
        <ele>833.00000</ele>
      </trkpt>
      <trkpt lat="-31.5506701" lon="-68.6836276">
        <ele>836.00000</ele>
      </trkpt>
      <trkpt lat="-31.5510734" lon="-68.6839117">
        <ele>842.00000</ele>
      </trkpt>
      <trkpt lat="-31.5514154" lon="-68.6842237">
        <ele>849.00000</ele>
      </trkpt>
      <trkpt lat="-31.5515137" lon="-68.6843979">
        <ele>851.00000</ele>
      </trkpt>
      <trkpt lat="-31.5517273" lon="-68.6845552">
        <ele>858.00000</ele>
      </trkpt>
      <trkpt lat="-31.5520127" lon="-68.6847340">
        <ele>867.00000</ele>
      </trkpt>
      <trkpt lat="-31.5521529" lon="-68.6848342">
        <ele>870.00000</ele>
      </trkpt>
      <trkpt lat="-31.5524078" lon="-68.6848941">
        <ele>881.00000</ele>
      </trkpt>
      <trkpt lat="-31.5524500" lon="-68.6847449">
        <ele>882.00000</ele>
      </trkpt>
      <trkpt lat="-31.5525622" lon="-68.6846480">
        <ele>884.00000</ele>
      </trkpt>
      <trkpt lat="-31.5527093" lon="-68.6844442">
        <ele>880.00000</ele>
      </trkpt>
      <trkpt lat="-31.5527261" lon="-68.6843754">
        <ele>879.00000</ele>
      </trkpt>
      <trkpt lat="-31.5528927" lon="-68.6842675">
        <ele>878.00000</ele>
      </trkpt>
      <trkpt lat="-31.5529738" lon="-68.6842514">
        <ele>879.00000</ele>
      </trkpt>
      <trkpt lat="-31.5531263" lon="-68.6842422">
        <ele>883.00000</ele>
      </trkpt>
      <trkpt lat="-31.5532425" lon="-68.6842225">
        <ele>887.00000</ele>
      </trkpt>
      <trkpt lat="-31.5533364" lon="-68.6841458">
        <ele>885.00000</ele>
      </trkpt>
      <trkpt lat="-31.5534500" lon="-68.6841236">
        <ele>886.00000</ele>
      </trkpt>
      <trkpt lat="-31.5535119" lon="-68.6840848">
        <ele>884.00000</ele>
      </trkpt>
      <trkpt lat="-31.5535921" lon="-68.6840629">
        <ele>884.00000</ele>
      </trkpt>
      <trkpt lat="-31.5537089" lon="-68.6840632">
        <ele>886.00000</ele>
      </trkpt>
      <trkpt lat="-31.5537965" lon="-68.6840671">
        <ele>886.00000</ele>
      </trkpt>
      <trkpt lat="-31.5539069" lon="-68.6840722">
        <ele>886.00000</ele>
      </trkpt>
      <trkpt lat="-31.5540236" lon="-68.6840776">
        <ele>882.00000</ele>
      </trkpt>
      <trkpt lat="-31.5540832" lon="-68.6841217">
        <ele>883.00000</ele>
      </trkpt>
      <trkpt lat="-31.5541174" lon="-68.6841456">
        <ele>884.00000</ele>
      </trkpt>
      <trkpt lat="-31.5541320" lon="-68.6841866">
        <ele>887.00000</ele>
      </trkpt>
      <trkpt lat="-31.5543037" lon="-68.6842808">
        <ele>888.00000</ele>
      </trkpt>
      <trkpt lat="-31.5545480" lon="-68.6844381">
        <ele>896.00000</ele>
      </trkpt>
      <trkpt lat="-31.5546462" lon="-68.6844667">
        <ele>895.00000</ele>
      </trkpt>
      <trkpt lat="-31.5548022" lon="-68.6845751">
        <ele>896.00000</ele>
      </trkpt>
      <trkpt lat="-31.5549603" lon="-68.6847153">
        <ele>899.00000</ele>
      </trkpt>
      <trkpt lat="-31.5550196" lon="-68.6848908">
        <ele>903.00000</ele>
      </trkpt>
      <trkpt lat="-31.5550418" lon="-68.6850658">
        <ele>906.00000</ele>
      </trkpt>
      <trkpt lat="-31.5551581" lon="-68.6851321">
        <ele>903.00000</ele>
      </trkpt>
      <trkpt lat="-31.5552988" lon="-68.6852145">
        <ele>900.00000</ele>
      </trkpt>
      <trkpt lat="-31.5553220" lon="-68.6852207">
        <ele>900.00000</ele>
      </trkpt>
      <trkpt lat="-31.5553624" lon="-68.6852503">
        <ele>900.00000</ele>
      </trkpt>
      <trkpt lat="-31.5555734" lon="-68.6851914">
        <ele>895.00000</ele>
      </trkpt>
      <trkpt lat="-31.5557158" lon="-68.6851771">
        <ele>892.00000</ele>
      </trkpt>
      <trkpt lat="-31.5557540" lon="-68.6851732">
        <ele>891.00000</ele>
      </trkpt>
      <trkpt lat="-31.5557954" lon="-68.6851690">
        <ele>889.00000</ele>
      </trkpt>
      <trkpt lat="-31.5560249" lon="-68.6851651">
        <ele>889.00000</ele>
      </trkpt>
      <trkpt lat="-31.5561383" lon="-68.6852165">
        <ele>893.00000</ele>
      </trkpt>
      <trkpt lat="-31.5562423" lon="-68.6852562">
        <ele>894.00000</ele>
      </trkpt>
      <trkpt lat="-31.5562971" lon="-68.6852886">
        <ele>895.00000</ele>
      </trkpt>
      <trkpt lat="-31.5565620" lon="-68.6853834">
        <ele>897.00000</ele>
      </trkpt>
      <trkpt lat="-31.5566803" lon="-68.6855265">
        <ele>903.00000</ele>
      </trkpt>
      <trkpt lat="-31.5567487" lon="-68.6855998">
        <ele>908.00000</ele>
      </trkpt>
      <trkpt lat="-31.5567846" lon="-68.6856253">
        <ele>909.00000</ele>
      </trkpt>
      <trkpt lat="-31.5568846" lon="-68.6857031">
        <ele>914.00000</ele>
      </trkpt>
      <trkpt lat="-31.5569916" lon="-68.6857063">
        <ele>913.00000</ele>
      </trkpt>
      <trkpt lat="-31.5570989" lon="-68.6857014">
        <ele>911.00000</ele>
      </trkpt>
      <trkpt lat="-31.5572115" lon="-68.6856809">
        <ele>909.00000</ele>
      </trkpt>
      <trkpt lat="-31.5572249" lon="-68.6856751">
        <ele>908.00000</ele>
      </trkpt>
      <trkpt lat="-31.5572587" lon="-68.6856622">
        <ele>908.00000</ele>
      </trkpt>
      <trkpt lat="-31.5573499" lon="-68.6856086">
        <ele>906.00000</ele>
      </trkpt>
      <trkpt lat="-31.5575307" lon="-68.6855640">
        <ele>906.00000</ele>
      </trkpt>
      <trkpt lat="-31.5575688" lon="-68.6855587">
        <ele>907.00000</ele>
      </trkpt>
      <trkpt lat="-31.5576245" lon="-68.6855508">
        <ele>907.00000</ele>
      </trkpt>
      <trkpt lat="-31.5576956" lon="-68.6855399">
        <ele>907.00000</ele>
      </trkpt>
      <trkpt lat="-31.5578352" lon="-68.6855870">
        <ele>909.00000</ele>
      </trkpt>
      <trkpt lat="-31.5580196" lon="-68.6856448">
        <ele>907.00000</ele>
      </trkpt>
      <trkpt lat="-31.5581740" lon="-68.6857085">
        <ele>910.00000</ele>
      </trkpt>
      <trkpt lat="-31.5582270" lon="-68.6857212">
        <ele>910.00000</ele>
      </trkpt>
      <trkpt lat="-31.5582480" lon="-68.6857286">
        <ele>910.00000</ele>
      </trkpt>
      <trkpt lat="-31.5583615" lon="-68.6857999">
        <ele>912.00000</ele>
      </trkpt>
      <trkpt lat="-31.5584711" lon="-68.6858114">
        <ele>912.00000</ele>
      </trkpt>
      <trkpt lat="-31.5585642" lon="-68.6857599">
        <ele>912.00000</ele>
      </trkpt>
      <trkpt lat="-31.5586381" lon="-68.6857795">
        <ele>913.00000</ele>
      </trkpt>
      <trkpt lat="-31.5586887" lon="-68.6857669">
        <ele>913.00000</ele>
      </trkpt>
      <trkpt lat="-31.5586999" lon="-68.6857404">
        <ele>913.00000</ele>
      </trkpt>
      <trkpt lat="-31.5587094" lon="-68.6857068">
        <ele>914.00000</ele>
      </trkpt>
      <trkpt lat="-31.5587229" lon="-68.6856534">
        <ele>914.00000</ele>
      </trkpt>
      <trkpt lat="-31.5587386" lon="-68.6856171">
        <ele>915.00000</ele>
      </trkpt>
      <trkpt lat="-31.5587779" lon="-68.6855540">
        <ele>916.00000</ele>
      </trkpt>
      <trkpt lat="-31.5587894" lon="-68.6855225">
        <ele>917.00000</ele>
      </trkpt>
      <trkpt lat="-31.5588033" lon="-68.6854964">
        <ele>917.00000</ele>
      </trkpt>
      <trkpt lat="-31.5588291" lon="-68.6854472">
        <ele>918.00000</ele>
      </trkpt>
      <trkpt lat="-31.5588602" lon="-68.6853651">
        <ele>919.00000</ele>
      </trkpt>
      <trkpt lat="-31.5588799" lon="-68.6853047">
        <ele>919.00000</ele>
      </trkpt>
      <trkpt lat="-31.5588882" lon="-68.6852567">
        <ele>919.00000</ele>
      </trkpt>
      <trkpt lat="-31.5589000" lon="-68.6851922">
        <ele>919.00000</ele>
      </trkpt>
      <trkpt lat="-31.5589111" lon="-68.6851317">
        <ele>920.00000</ele>
      </trkpt>
      <trkpt lat="-31.5589043" lon="-68.6850757">
        <ele>919.00000</ele>
      </trkpt>
      <trkpt lat="-31.5589011" lon="-68.6850092">
        <ele>918.00000</ele>
      </trkpt>
      <trkpt lat="-31.5588841" lon="-68.6849622">
        <ele>919.00000</ele>
      </trkpt>
      <trkpt lat="-31.5588663" lon="-68.6849233">
        <ele>920.00000</ele>
      </trkpt>
      <trkpt lat="-31.5588659" lon="-68.6848662">
        <ele>922.00000</ele>
      </trkpt>
      <trkpt lat="-31.5588657" lon="-68.6848340">
        <ele>923.00000</ele>
      </trkpt>
      <trkpt lat="-31.5588417" lon="-68.6847187">
        <ele>926.00000</ele>
      </trkpt>
      <trkpt lat="-31.5588415" lon="-68.6846583">
        <ele>927.00000</ele>
      </trkpt>
      <trkpt lat="-31.5588084" lon="-68.6846064">
        <ele>927.00000</ele>
      </trkpt>
      <trkpt lat="-31.5587687" lon="-68.6845415">
        <ele>926.00000</ele>
      </trkpt>
      <trkpt lat="-31.5587687" lon="-68.6845334">
        <ele>926.00000</ele>
      </trkpt>
      <trkpt lat="-31.5587640" lon="-68.6844595">
        <ele>928.00000</ele>
      </trkpt>
      <trkpt lat="-31.5587236" lon="-68.6844102">
        <ele>927.00000</ele>
      </trkpt>
      <trkpt lat="-31.5586125" lon="-68.6843198">
        <ele>922.00000</ele>
      </trkpt>
      <trkpt lat="-31.5585514" lon="-68.6842577">
        <ele>920.00000</ele>
      </trkpt>
      <trkpt lat="-31.5584852" lon="-68.6842018">
        <ele>917.00000</ele>
      </trkpt>
      <trkpt lat="-31.5583028" lon="-68.6838878">
        <ele>920.00000</ele>
      </trkpt>
      <trkpt lat="-31.5583263" lon="-68.6837885">
        <ele>926.00000</ele>
      </trkpt>
      <trkpt lat="-31.5583090" lon="-68.6837415">
        <ele>927.00000</ele>
      </trkpt>
      <trkpt lat="-31.5582995" lon="-68.6837053">
        <ele>928.00000</ele>
      </trkpt>
      <trkpt lat="-31.5582701" lon="-68.6836643">
        <ele>928.00000</ele>
      </trkpt>
      <trkpt lat="-31.5582516" lon="-68.6836390">
        <ele>928.00000</ele>
      </trkpt>
      <trkpt lat="-31.5582113" lon="-68.6836031">
        <ele>927.00000</ele>
      </trkpt>
      <trkpt lat="-31.5581863" lon="-68.6835633">
        <ele>926.00000</ele>
      </trkpt>
      <trkpt lat="-31.5581608" lon="-68.6835229">
        <ele>926.00000</ele>
      </trkpt>
      <trkpt lat="-31.5581355" lon="-68.6834919">
        <ele>926.00000</ele>
      </trkpt>
      <trkpt lat="-31.5581027" lon="-68.6834679">
        <ele>925.00000</ele>
      </trkpt>
      <trkpt lat="-31.5580839" lon="-68.6834433">
        <ele>925.00000</ele>
      </trkpt>
      <trkpt lat="-31.5580204" lon="-68.6834214">
        <ele>922.00000</ele>
      </trkpt>
      <trkpt lat="-31.5579697" lon="-68.6834174">
        <ele>919.00000</ele>
      </trkpt>
      <trkpt lat="-31.5579205" lon="-68.6834163">
        <ele>916.00000</ele>
      </trkpt>
      <trkpt lat="-31.5578452" lon="-68.6833469">
        <ele>915.00000</ele>
      </trkpt>
      <trkpt lat="-31.5578049" lon="-68.6833198">
        <ele>914.00000</ele>
      </trkpt>
      <trkpt lat="-31.5578016" lon="-68.6832809">
        <ele>915.00000</ele>
      </trkpt>
      <trkpt lat="-31.5577919" lon="-68.6832387">
        <ele>917.00000</ele>
      </trkpt>
      <trkpt lat="-31.5577750" lon="-68.6832135">
        <ele>917.00000</ele>
      </trkpt>
      <trkpt lat="-31.5577758" lon="-68.6831941">
        <ele>917.00000</ele>
      </trkpt>
      <trkpt lat="-31.5577767" lon="-68.6831696">
        <ele>919.00000</ele>
      </trkpt>
      <trkpt lat="-31.5577737" lon="-68.6831355">
        <ele>920.00000</ele>
      </trkpt>
      <trkpt lat="-31.5577599" lon="-68.6830863">
        <ele>921.00000</ele>
      </trkpt>
      <trkpt lat="-31.5577493" lon="-68.6830483">
        <ele>922.00000</ele>
      </trkpt>
      <trkpt lat="-31.5577504" lon="-68.6830238">
        <ele>923.00000</ele>
      </trkpt>
      <trkpt lat="-31.5576637" lon="-68.6829543">
        <ele>920.00000</ele>
      </trkpt>
      <trkpt lat="-31.5576011" lon="-68.6829072">
        <ele>918.00000</ele>
      </trkpt>
      <trkpt lat="-31.5575872" lon="-68.6828757">
        <ele>918.00000</ele>
      </trkpt>
      <trkpt lat="-31.5575308" lon="-68.6828017">
        <ele>917.00000</ele>
      </trkpt>
      <trkpt lat="-31.5575293" lon="-68.6827598">
        <ele>918.00000</ele>
      </trkpt>
      <trkpt lat="-31.5575218" lon="-68.6827386">
        <ele>918.00000</ele>
      </trkpt>
      <trkpt lat="-31.5575198" lon="-68.6827364">
        <ele>918.00000</ele>
      </trkpt>
      <trkpt lat="-31.5575124" lon="-68.6827152">
        <ele>918.00000</ele>
      </trkpt>
      <trkpt lat="-31.5574877" lon="-68.6826976">
        <ele>917.00000</ele>
      </trkpt>
      <trkpt lat="-31.5573149" lon="-68.6825706">
        <ele>914.00000</ele>
      </trkpt>
      <trkpt lat="-31.5572905" lon="-68.6825121">
        <ele>914.00000</ele>
      </trkpt>
      <trkpt lat="-31.5572584" lon="-68.6824604">
        <ele>915.00000</ele>
      </trkpt>
      <trkpt lat="-31.5572228" lon="-68.6823893">
        <ele>915.00000</ele>
      </trkpt>
      <trkpt lat="-31.5572251" lon="-68.6823511">
        <ele>916.00000</ele>
      </trkpt>
      <trkpt lat="-31.5572124" lon="-68.6822920">
        <ele>917.00000</ele>
      </trkpt>
      <trkpt lat="-31.5572043" lon="-68.6822312">
        <ele>918.00000</ele>
      </trkpt>
      <trkpt lat="-31.5571990" lon="-68.6821782">
        <ele>917.00000</ele>
      </trkpt>
      <trkpt lat="-31.5572110" lon="-68.6821238">
        <ele>918.00000</ele>
      </trkpt>
      <trkpt lat="-31.5572257" lon="-68.6821163">
        <ele>918.00000</ele>
      </trkpt>
      <trkpt lat="-31.5572805" lon="-68.6820762">
        <ele>920.00000</ele>
      </trkpt>
      <trkpt lat="-31.5573546" lon="-68.6820697">
        <ele>922.00000</ele>
      </trkpt>
      <trkpt lat="-31.5574315" lon="-68.6820512">
        <ele>924.00000</ele>
      </trkpt>
      <trkpt lat="-31.5574651" lon="-68.6820348">
        <ele>924.00000</ele>
      </trkpt>
      <trkpt lat="-31.5575080" lon="-68.6820209">
        <ele>925.00000</ele>
      </trkpt>
      <trkpt lat="-31.5575252" lon="-68.6820076">
        <ele>925.00000</ele>
      </trkpt>
      <trkpt lat="-31.5575799" lon="-68.6820523">
        <ele>927.00000</ele>
      </trkpt>
      <trkpt lat="-31.5576206" lon="-68.6820548">
        <ele>928.00000</ele>
      </trkpt>
      <trkpt lat="-31.5576381" lon="-68.6820499">
        <ele>928.00000</ele>
      </trkpt>
      <trkpt lat="-31.5576991" lon="-68.6820334">
        <ele>929.00000</ele>
      </trkpt>
      <trkpt lat="-31.5577529" lon="-68.6820157">
        <ele>929.00000</ele>
      </trkpt>
      <trkpt lat="-31.5577965" lon="-68.6820304">
        <ele>930.00000</ele>
      </trkpt>
      <trkpt lat="-31.5578175" lon="-68.6820726">
        <ele>933.00000</ele>
      </trkpt>
      <trkpt lat="-31.5577972" lon="-68.6820980">
        <ele>934.00000</ele>
      </trkpt>
      <trkpt lat="-31.5577469" lon="-68.6821276">
        <ele>935.00000</ele>
      </trkpt>
      <trkpt lat="-31.5577236" lon="-68.6821575">
        <ele>935.00000</ele>
      </trkpt>
      <trkpt lat="-31.5577165" lon="-68.6821847">
        <ele>936.00000</ele>
      </trkpt>
      <trkpt lat="-31.5577082" lon="-68.6822231">
        <ele>937.00000</ele>
      </trkpt>
      <trkpt lat="-31.5576844" lon="-68.6822788">
        <ele>935.00000</ele>
      </trkpt>
      <trkpt lat="-31.5577241" lon="-68.6823247">
        <ele>936.00000</ele>
      </trkpt>
      <trkpt lat="-31.5577312" lon="-68.6823358">
        <ele>936.00000</ele>
      </trkpt>
      <trkpt lat="-31.5577724" lon="-68.6824116">
        <ele>936.00000</ele>
      </trkpt>
      <trkpt lat="-31.5578023" lon="-68.6824816">
        <ele>937.00000</ele>
      </trkpt>
      <trkpt lat="-31.5578072" lon="-68.6824911">
        <ele>937.00000</ele>
      </trkpt>
      <trkpt lat="-31.5578445" lon="-68.6825237">
        <ele>939.00000</ele>
      </trkpt>
      <trkpt lat="-31.5578492" lon="-68.6825267">
        <ele>939.00000</ele>
      </trkpt>
      <trkpt lat="-31.5578785" lon="-68.6824770">
        <ele>941.00000</ele>
      </trkpt>
      <trkpt lat="-31.5578960" lon="-68.6824123">
        <ele>943.00000</ele>
      </trkpt>
      <trkpt lat="-31.5579207" lon="-68.6823738">
        <ele>944.00000</ele>
      </trkpt>
      <trkpt lat="-31.5579424" lon="-68.6823540">
        <ele>945.00000</ele>
      </trkpt>
      <trkpt lat="-31.5579924" lon="-68.6823351">
        <ele>947.00000</ele>
      </trkpt>
      <trkpt lat="-31.5580144" lon="-68.6823422">
        <ele>948.00000</ele>
      </trkpt>
      <trkpt lat="-31.5580386" lon="-68.6823461">
        <ele>949.00000</ele>
      </trkpt>
      <trkpt lat="-31.5580763" lon="-68.6823386">
        <ele>950.00000</ele>
      </trkpt>
      <trkpt lat="-31.5581522" lon="-68.6822982">
        <ele>952.00000</ele>
      </trkpt>
      <trkpt lat="-31.5581876" lon="-68.6822533">
        <ele>952.00000</ele>
      </trkpt>
      <trkpt lat="-31.5582064" lon="-68.6822441">
        <ele>953.00000</ele>
      </trkpt>
      <trkpt lat="-31.5582292" lon="-68.6822511">
        <ele>954.00000</ele>
      </trkpt>
      <trkpt lat="-31.5582629" lon="-68.6822546">
        <ele>955.00000</ele>
      </trkpt>
      <trkpt lat="-31.5582829" lon="-68.6822486">
        <ele>956.00000</ele>
      </trkpt>
      <trkpt lat="-31.5583106" lon="-68.6822475">
        <ele>957.00000</ele>
      </trkpt>
      <trkpt lat="-31.5583358" lon="-68.6822478">
        <ele>958.00000</ele>
      </trkpt>
      <trkpt lat="-31.5583570" lon="-68.6822516">
        <ele>958.00000</ele>
      </trkpt>
      <trkpt lat="-31.5584016" lon="-68.6822535">
        <ele>960.00000</ele>
      </trkpt>
      <trkpt lat="-31.5584103" lon="-68.6822567">
        <ele>960.00000</ele>
      </trkpt>
      <trkpt lat="-31.5584219" lon="-68.6822639">
        <ele>961.00000</ele>
      </trkpt>
      <trkpt lat="-31.5584439" lon="-68.6822790">
        <ele>962.00000</ele>
      </trkpt>
      <trkpt lat="-31.5584509" lon="-68.6822821">
        <ele>962.00000</ele>
      </trkpt>
      <trkpt lat="-31.5585649" lon="-68.6823164">
        <ele>968.00000</ele>
      </trkpt>
      <trkpt lat="-31.5591225" lon="-68.6826706">
        <ele>997.00000</ele>
      </trkpt>
      <trkpt lat="-31.5597056" lon="-68.6826903">
        <ele>1017.0000</ele>
      </trkpt>
      <trkpt lat="-31.5599001" lon="-68.6831055">
        <ele>1039.0000</ele>
      </trkpt>
      <trkpt lat="-31.5600623" lon="-68.6836004">
        <ele>1047.0000</ele>
      </trkpt>
      <trkpt lat="-31.5603593" lon="-68.6837867">
        <ele>1064.0000</ele>
      </trkpt>
      <trkpt lat="-31.5605155" lon="-68.6838488">
        <ele>1072.0000</ele>
      </trkpt>
      <trkpt lat="-31.5605862" lon="-68.6838928">
        <ele>1075.0000</ele>
      </trkpt>
      <trkpt lat="-31.5606542" lon="-68.6839450">
        <ele>1077.0000</ele>
      </trkpt>
      <trkpt lat="-31.5607011" lon="-68.6839842">
        <ele>1078.0000</ele>
      </trkpt>
      <trkpt lat="-31.5607417" lon="-68.6840275">
        <ele>1078.0000</ele>
      </trkpt>
      <trkpt lat="-31.5607547" lon="-68.6840965">
        <ele>1076.0000</ele>
      </trkpt>
      <trkpt lat="-31.5607597" lon="-68.6841082">
        <ele>1076.0000</ele>
      </trkpt>
      <trkpt lat="-31.5607763" lon="-68.6841353">
        <ele>1075.0000</ele>
      </trkpt>
      <trkpt lat="-31.5607806" lon="-68.6841754">
        <ele>1074.0000</ele>
      </trkpt>
      <trkpt lat="-31.5607793" lon="-68.6842020">
        <ele>1072.0000</ele>
      </trkpt>
      <trkpt lat="-31.5607964" lon="-68.6842301">
        <ele>1071.0000</ele>
      </trkpt>
      <trkpt lat="-31.5608543" lon="-68.6842038">
        <ele>1074.0000</ele>
      </trkpt>
      <trkpt lat="-31.5608629" lon="-68.6841957">
        <ele>1074.0000</ele>
      </trkpt>
      <trkpt lat="-31.5608866" lon="-68.6841701">
        <ele>1076.0000</ele>
      </trkpt>
      <trkpt lat="-31.5609678" lon="-68.6841524">
        <ele>1078.0000</ele>
      </trkpt>
      <trkpt lat="-31.5610009" lon="-68.6841451">
        <ele>1079.0000</ele>
      </trkpt>
      <trkpt lat="-31.5610407" lon="-68.6841564">
        <ele>1079.0000</ele>
      </trkpt>
      <trkpt lat="-31.5610678" lon="-68.6841630">
        <ele>1079.0000</ele>
      </trkpt>
      <trkpt lat="-31.5611542" lon="-68.6841871">
        <ele>1080.0000</ele>
      </trkpt>
      <trkpt lat="-31.5612020" lon="-68.6841979">
        <ele>1081.0000</ele>
      </trkpt>
      <trkpt lat="-31.5612834" lon="-68.6842066">
        <ele>1084.0000</ele>
      </trkpt>
      <trkpt lat="-31.5613287" lon="-68.6842123">
        <ele>1085.0000</ele>
      </trkpt>
      <trkpt lat="-31.5613377" lon="-68.6842169">
        <ele>1085.0000</ele>
      </trkpt>
      <trkpt lat="-31.5614165" lon="-68.6842406">
        <ele>1088.0000</ele>
      </trkpt>
      <trkpt lat="-31.5614426" lon="-68.6842605">
        <ele>1089.0000</ele>
      </trkpt>
      <trkpt lat="-31.5615202" lon="-68.6842945">
        <ele>1093.0000</ele>
      </trkpt>
      <trkpt lat="-31.5615765" lon="-68.6843153">
        <ele>1097.0000</ele>
      </trkpt>
      <trkpt lat="-31.5616262" lon="-68.6843202">
        <ele>1100.0000</ele>
      </trkpt>
      <trkpt lat="-31.5616704" lon="-68.6843357">
        <ele>1102.0000</ele>
      </trkpt>
      <trkpt lat="-31.5616844" lon="-68.6843536">
        <ele>1102.0000</ele>
      </trkpt>
      <trkpt lat="-31.5617082" lon="-68.6843741">
        <ele>1102.0000</ele>
      </trkpt>
      <trkpt lat="-31.5617285" lon="-68.6843934">
        <ele>1102.0000</ele>
      </trkpt>
      <trkpt lat="-31.5617315" lon="-68.6844085">
        <ele>1102.0000</ele>
      </trkpt>
      <trkpt lat="-31.5617457" lon="-68.6844228">
        <ele>1102.0000</ele>
      </trkpt>
      <trkpt lat="-31.5617598" lon="-68.6844465">
        <ele>1101.0000</ele>
      </trkpt>
      <trkpt lat="-31.5617765" lon="-68.6844612">
        <ele>1101.0000</ele>
      </trkpt>
      <trkpt lat="-31.5617938" lon="-68.6844721">
        <ele>1102.0000</ele>
      </trkpt>
      <trkpt lat="-31.5618193" lon="-68.6844771">
        <ele>1102.0000</ele>
      </trkpt>
      <trkpt lat="-31.5618317" lon="-68.6844747">
        <ele>1103.0000</ele>
      </trkpt>
      <trkpt lat="-31.5618370" lon="-68.6844712">
        <ele>1104.0000</ele>
      </trkpt>
      <trkpt lat="-31.5618562" lon="-68.6844622">
        <ele>1105.0000</ele>
      </trkpt>
      <trkpt lat="-31.5618647" lon="-68.6844509">
        <ele>1106.0000</ele>
      </trkpt>
      <trkpt lat="-31.5619044" lon="-68.6844493">
        <ele>1108.0000</ele>
      </trkpt>
      <trkpt lat="-31.5619440" lon="-68.6844590">
        <ele>1109.0000</ele>
      </trkpt>
      <trkpt lat="-31.5619928" lon="-68.6844574">
        <ele>1110.0000</ele>
      </trkpt>
      <trkpt lat="-31.5620150" lon="-68.6844549">
        <ele>1111.0000</ele>
      </trkpt>
      <trkpt lat="-31.5620342" lon="-68.6844534">
        <ele>1111.0000</ele>
      </trkpt>
      <trkpt lat="-31.5620467" lon="-68.6844476">
        <ele>1112.0000</ele>
      </trkpt>
      <trkpt lat="-31.5620954" lon="-68.6844394">
        <ele>1113.0000</ele>
      </trkpt>
      <trkpt lat="-31.5620760" lon="-68.6844173">
        <ele>1113.0000</ele>
      </trkpt>
      <trkpt lat="-31.5620885" lon="-68.6843996">
        <ele>1114.0000</ele>
      </trkpt>
      <trkpt lat="-31.5621006" lon="-68.6843744">
        <ele>1115.0000</ele>
      </trkpt>
      <trkpt lat="-31.5621164" lon="-68.6843573">
        <ele>1116.0000</ele>
      </trkpt>
      <trkpt lat="-31.5621280" lon="-68.6843328">
        <ele>1116.0000</ele>
      </trkpt>
      <trkpt lat="-31.5621635" lon="-68.6843336">
        <ele>1117.0000</ele>
      </trkpt>
      <trkpt lat="-31.5622027" lon="-68.6843406">
        <ele>1117.0000</ele>
      </trkpt>
      <trkpt lat="-31.5622142" lon="-68.6843492">
        <ele>1117.0000</ele>
      </trkpt>
      <trkpt lat="-31.5622648" lon="-68.6843225">
        <ele>1119.0000</ele>
      </trkpt>
      <trkpt lat="-31.5623014" lon="-68.6843324">
        <ele>1119.0000</ele>
      </trkpt>
      <trkpt lat="-31.5623100" lon="-68.6843196">
        <ele>1119.0000</ele>
      </trkpt>
      <trkpt lat="-31.5623225" lon="-68.6843043">
        <ele>1120.0000</ele>
      </trkpt>
      <trkpt lat="-31.5623267" lon="-68.6843016">
        <ele>1120.0000</ele>
      </trkpt>
      <trkpt lat="-31.5623728" lon="-68.6842707">
        <ele>1120.0000</ele>
      </trkpt>
      <trkpt lat="-31.5623973" lon="-68.6842551">
        <ele>1120.0000</ele>
      </trkpt>
      <trkpt lat="-31.5624266" lon="-68.6842272">
        <ele>1120.0000</ele>
      </trkpt>
      <trkpt lat="-31.5624947" lon="-68.6841967">
        <ele>1119.0000</ele>
      </trkpt>
      <trkpt lat="-31.5625593" lon="-68.6841838">
        <ele>1120.0000</ele>
      </trkpt>
      <trkpt lat="-31.5626232" lon="-68.6841739">
        <ele>1120.0000</ele>
      </trkpt>
      <trkpt lat="-31.5627045" lon="-68.6841692">
        <ele>1121.0000</ele>
      </trkpt>
      <trkpt lat="-31.5627468" lon="-68.6841666">
        <ele>1121.0000</ele>
      </trkpt>
      <trkpt lat="-31.5628260" lon="-68.6841636">
        <ele>1122.0000</ele>
      </trkpt>
      <trkpt lat="-31.5629146" lon="-68.6841485">
        <ele>1123.0000</ele>
      </trkpt>
      <trkpt lat="-31.5629803" lon="-68.6841478">
        <ele>1124.0000</ele>
      </trkpt>
      <trkpt lat="-31.5629903" lon="-68.6841614">
        <ele>1124.0000</ele>
      </trkpt>
      <trkpt lat="-31.5630047" lon="-68.6841631">
        <ele>1125.0000</ele>
      </trkpt>
      <trkpt lat="-31.5630789" lon="-68.6841751">
        <ele>1127.0000</ele>
      </trkpt>
      <trkpt lat="-31.5631532" lon="-68.6842007">
        <ele>1130.0000</ele>
      </trkpt>
      <trkpt lat="-31.5632166" lon="-68.6842357">
        <ele>1133.0000</ele>
      </trkpt>
      <trkpt lat="-31.5633190" lon="-68.6843078">
        <ele>1138.0000</ele>
      </trkpt>
      <trkpt lat="-31.5633914" lon="-68.6843608">
        <ele>1139.0000</ele>
      </trkpt>
      <trkpt lat="-31.5634369" lon="-68.6844028">
        <ele>1139.0000</ele>
      </trkpt>
      <trkpt lat="-31.5634863" lon="-68.6844545">
        <ele>1140.0000</ele>
      </trkpt>
      <trkpt lat="-31.5635221" lon="-68.6845049">
        <ele>1141.0000</ele>
      </trkpt>
      <trkpt lat="-31.5635362" lon="-68.6845504">
        <ele>1142.0000</ele>
      </trkpt>
      <trkpt lat="-31.5635464" lon="-68.6846055">
        <ele>1144.0000</ele>
      </trkpt>
      <trkpt lat="-31.5635355" lon="-68.6846620">
        <ele>1146.0000</ele>
      </trkpt>
      <trkpt lat="-31.5635332" lon="-68.6847001">
        <ele>1148.0000</ele>
      </trkpt>
      <trkpt lat="-31.5635289" lon="-68.6847478">
        <ele>1149.0000</ele>
      </trkpt>
      <trkpt lat="-31.5635285" lon="-68.6847850">
        <ele>1150.0000</ele>
      </trkpt>
      <trkpt lat="-31.5635292" lon="-68.6848307">
        <ele>1151.0000</ele>
      </trkpt>
      <trkpt lat="-31.5635172" lon="-68.6849014">
        <ele>1153.0000</ele>
      </trkpt>
      <trkpt lat="-31.5635173" lon="-68.6849324">
        <ele>1153.0000</ele>
      </trkpt>
      <trkpt lat="-31.5635120" lon="-68.6849689">
        <ele>1154.0000</ele>
      </trkpt>
      <trkpt lat="-31.5634946" lon="-68.6850609">
        <ele>1155.0000</ele>
      </trkpt>
      <trkpt lat="-31.5634747" lon="-68.6850994">
        <ele>1155.0000</ele>
      </trkpt>
      <trkpt lat="-31.5634921" lon="-68.6851456">
        <ele>1155.0000</ele>
      </trkpt>
      <trkpt lat="-31.5635016" lon="-68.6851742">
        <ele>1155.0000</ele>
      </trkpt>
      <trkpt lat="-31.5635039" lon="-68.6851975">
        <ele>1155.0000</ele>
      </trkpt>
      <trkpt lat="-31.5635205" lon="-68.6852214">
        <ele>1155.0000</ele>
      </trkpt>
      <trkpt lat="-31.5635370" lon="-68.6852587">
        <ele>1155.0000</ele>
      </trkpt>
      <trkpt lat="-31.5635379" lon="-68.6852694">
        <ele>1155.0000</ele>
      </trkpt>
      <trkpt lat="-31.5635387" lon="-68.6852783">
        <ele>1156.0000</ele>
      </trkpt>
      <trkpt lat="-31.5635410" lon="-68.6853051">
        <ele>1156.0000</ele>
      </trkpt>
      <trkpt lat="-31.5635282" lon="-68.6853375">
        <ele>1156.0000</ele>
      </trkpt>
      <trkpt lat="-31.5635476" lon="-68.6853739">
        <ele>1156.0000</ele>
      </trkpt>
      <trkpt lat="-31.5635435" lon="-68.6853973">
        <ele>1156.0000</ele>
      </trkpt>
      <trkpt lat="-31.5635456" lon="-68.6854156">
        <ele>1157.0000</ele>
      </trkpt>
      <trkpt lat="-31.5635266" lon="-68.6854504">
        <ele>1157.0000</ele>
      </trkpt>
      <trkpt lat="-31.5635181" lon="-68.6854768">
        <ele>1156.0000</ele>
      </trkpt>
      <trkpt lat="-31.5635082" lon="-68.6855016">
        <ele>1156.0000</ele>
      </trkpt>
      <trkpt lat="-31.5635017" lon="-68.6855327">
        <ele>1156.0000</ele>
      </trkpt>
      <trkpt lat="-31.5634935" lon="-68.6855503">
        <ele>1156.0000</ele>
      </trkpt>
      <trkpt lat="-31.5634931" lon="-68.6855642">
        <ele>1156.0000</ele>
      </trkpt>
      <trkpt lat="-31.5634903" lon="-68.6855935">
        <ele>1155.0000</ele>
      </trkpt>
      <trkpt lat="-31.5635062" lon="-68.6856067">
        <ele>1155.0000</ele>
      </trkpt>
      <trkpt lat="-31.5635230" lon="-68.6856163">
        <ele>1155.0000</ele>
      </trkpt>
      <trkpt lat="-31.5635564" lon="-68.6856059">
        <ele>1157.0000</ele>
      </trkpt>
      <trkpt lat="-31.5635719" lon="-68.6855924">
        <ele>1158.0000</ele>
      </trkpt>
      <trkpt lat="-31.5635867" lon="-68.6855809">
        <ele>1159.0000</ele>
      </trkpt>
      <trkpt lat="-31.5635987" lon="-68.6855627">
        <ele>1160.0000</ele>
      </trkpt>
      <trkpt lat="-31.5636529" lon="-68.6855515">
        <ele>1162.0000</ele>
      </trkpt>
      <trkpt lat="-31.5636943" lon="-68.6856002">
        <ele>1163.0000</ele>
      </trkpt>
      <trkpt lat="-31.5637728" lon="-68.6856152">
        <ele>1166.0000</ele>
      </trkpt>
      <trkpt lat="-31.5638565" lon="-68.6855982">
        <ele>1169.0000</ele>
      </trkpt>
      <trkpt lat="-31.5638789" lon="-68.6855893">
        <ele>1170.0000</ele>
      </trkpt>
      <trkpt lat="-31.5639138" lon="-68.6855854">
        <ele>1170.0000</ele>
      </trkpt>
      <trkpt lat="-31.5639656" lon="-68.6855798">
        <ele>1172.0000</ele>
      </trkpt>
      <trkpt lat="-31.5640383" lon="-68.6855773">
        <ele>1174.0000</ele>
      </trkpt>
      <trkpt lat="-31.5640568" lon="-68.6856051">
        <ele>1175.0000</ele>
      </trkpt>
      <trkpt lat="-31.5640911" lon="-68.6856369">
        <ele>1176.0000</ele>
      </trkpt>
      <trkpt lat="-31.5641215" lon="-68.6856509">
        <ele>1177.0000</ele>
      </trkpt>
      <trkpt lat="-31.5641370" lon="-68.6856885">
        <ele>1178.0000</ele>
      </trkpt>
      <trkpt lat="-31.5641483" lon="-68.6856953">
        <ele>1178.0000</ele>
      </trkpt>
      <trkpt lat="-31.5642314" lon="-68.6856845">
        <ele>1180.0000</ele>
      </trkpt>
      <trkpt lat="-31.5643107" lon="-68.6856620">
        <ele>1180.0000</ele>
      </trkpt>
      <trkpt lat="-31.5643352" lon="-68.6856580">
        <ele>1180.0000</ele>
      </trkpt>
      <trkpt lat="-31.5643639" lon="-68.6856573">
        <ele>1180.0000</ele>
      </trkpt>
      <trkpt lat="-31.5643815" lon="-68.6856832">
        <ele>1181.0000</ele>
      </trkpt>
      <trkpt lat="-31.5643944" lon="-68.6856973">
        <ele>1182.0000</ele>
      </trkpt>
      <trkpt lat="-31.5644021" lon="-68.6857017">
        <ele>1182.0000</ele>
      </trkpt>
      <trkpt lat="-31.5644238" lon="-68.6857086">
        <ele>1183.0000</ele>
      </trkpt>
      <trkpt lat="-31.5644539" lon="-68.6857162">
        <ele>1183.0000</ele>
      </trkpt>
      <trkpt lat="-31.5644794" lon="-68.6857138">
        <ele>1183.0000</ele>
      </trkpt>
      <trkpt lat="-31.5645053" lon="-68.6857131">
        <ele>1183.0000</ele>
      </trkpt>
      <trkpt lat="-31.5645699" lon="-68.6857095">
        <ele>1181.0000</ele>
      </trkpt>
      <trkpt lat="-31.5646240" lon="-68.6857286">
        <ele>1182.0000</ele>
      </trkpt>
      <trkpt lat="-31.5646609" lon="-68.6857436">
        <ele>1182.0000</ele>
      </trkpt>
      <trkpt lat="-31.5646760" lon="-68.6857621">
        <ele>1183.0000</ele>
      </trkpt>
      <trkpt lat="-31.5647404" lon="-68.6857948">
        <ele>1184.0000</ele>
      </trkpt>
      <trkpt lat="-31.5647882" lon="-68.6858065">
        <ele>1184.0000</ele>
      </trkpt>
      <trkpt lat="-31.5648860" lon="-68.6858158">
        <ele>1184.0000</ele>
      </trkpt>
      <trkpt lat="-31.5649409" lon="-68.6858425">
        <ele>1184.0000</ele>
      </trkpt>
      <trkpt lat="-31.5651068" lon="-68.6858673">
        <ele>1184.0000</ele>
      </trkpt>
      <trkpt lat="-31.5651325" lon="-68.6858677">
        <ele>1184.0000</ele>
      </trkpt>
      <trkpt lat="-31.5651576" lon="-68.6858667">
        <ele>1183.0000</ele>
      </trkpt>
      <trkpt lat="-31.5651979" lon="-68.6858580">
        <ele>1183.0000</ele>
      </trkpt>
      <trkpt lat="-31.5652373" lon="-68.6858550">
        <ele>1182.0000</ele>
      </trkpt>
      <trkpt lat="-31.5652617" lon="-68.6858467">
        <ele>1181.0000</ele>
      </trkpt>
      <trkpt lat="-31.5652884" lon="-68.6858451">
        <ele>1181.0000</ele>
      </trkpt>
      <trkpt lat="-31.5653618" lon="-68.6858529">
        <ele>1181.0000</ele>
      </trkpt>
      <trkpt lat="-31.5655434" lon="-68.6858820">
        <ele>1181.0000</ele>
      </trkpt>
      <trkpt lat="-31.5655719" lon="-68.6859176">
        <ele>1183.0000</ele>
      </trkpt>
      <trkpt lat="-31.5655798" lon="-68.6859424">
        <ele>1185.0000</ele>
      </trkpt>
      <trkpt lat="-31.5655815" lon="-68.6859684">
        <ele>1186.0000</ele>
      </trkpt>
      <trkpt lat="-31.5655780" lon="-68.6859848">
        <ele>1187.0000</ele>
      </trkpt>
      <trkpt lat="-31.5655854" lon="-68.6860112">
        <ele>1189.0000</ele>
      </trkpt>
      <trkpt lat="-31.5655913" lon="-68.6860324">
        <ele>1191.0000</ele>
      </trkpt>
      <trkpt lat="-31.5656133" lon="-68.6860499">
        <ele>1192.0000</ele>
      </trkpt>
      <trkpt lat="-31.5656375" lon="-68.6860720">
        <ele>1193.0000</ele>
      </trkpt>
      <trkpt lat="-31.5656453" lon="-68.6861016">
        <ele>1195.0000</ele>
      </trkpt>
      <trkpt lat="-31.5656530" lon="-68.6861305">
        <ele>1196.0000</ele>
      </trkpt>
      <trkpt lat="-31.5656542" lon="-68.6861649">
        <ele>1197.0000</ele>
      </trkpt>
      <trkpt lat="-31.5656644" lon="-68.6862028">
        <ele>1198.0000</ele>
      </trkpt>
      <trkpt lat="-31.5656858" lon="-68.6862514">
        <ele>1199.0000</ele>
      </trkpt>
      <trkpt lat="-31.5657066" lon="-68.6862901">
        <ele>1200.0000</ele>
      </trkpt>
      <trkpt lat="-31.5657624" lon="-68.6863558">
        <ele>1200.0000</ele>
      </trkpt>
      <trkpt lat="-31.5657903" lon="-68.6863970">
        <ele>1201.0000</ele>
      </trkpt>
      <trkpt lat="-31.5658195" lon="-68.6864315">
        <ele>1201.0000</ele>
      </trkpt>
      <trkpt lat="-31.5658491" lon="-68.6864664">
        <ele>1201.0000</ele>
      </trkpt>
      <trkpt lat="-31.5658761" lon="-68.6865090">
        <ele>1201.0000</ele>
      </trkpt>
      <trkpt lat="-31.5658923" lon="-68.6865426">
        <ele>1201.0000</ele>
      </trkpt>
      <trkpt lat="-31.5659176" lon="-68.6865871">
        <ele>1201.0000</ele>
      </trkpt>
      <trkpt lat="-31.5659280" lon="-68.6866221">
        <ele>1202.0000</ele>
      </trkpt>
      <trkpt lat="-31.5659358" lon="-68.6866494">
        <ele>1202.0000</ele>
      </trkpt>
      <trkpt lat="-31.5659382" lon="-68.6866620">
        <ele>1202.0000</ele>
      </trkpt>
      <trkpt lat="-31.5659495" lon="-68.6866967">
        <ele>1204.0000</ele>
      </trkpt>
      <trkpt lat="-31.5659813" lon="-68.6867541">
        <ele>1205.0000</ele>
      </trkpt>
      <trkpt lat="-31.5659869" lon="-68.6867887">
        <ele>1206.0000</ele>
      </trkpt>
      <trkpt lat="-31.5660064" lon="-68.6868209">
        <ele>1207.0000</ele>
      </trkpt>
      <trkpt lat="-31.5660115" lon="-68.6868413">
        <ele>1208.0000</ele>
      </trkpt>
      <trkpt lat="-31.5660188" lon="-68.6868791">
        <ele>1209.0000</ele>
      </trkpt>
      <trkpt lat="-31.5660181" lon="-68.6868941">
        <ele>1210.0000</ele>
      </trkpt>
      <trkpt lat="-31.5660127" lon="-68.6869180">
        <ele>1211.0000</ele>
      </trkpt>
      <trkpt lat="-31.5660098" lon="-68.6869410">
        <ele>1212.0000</ele>
      </trkpt>
      <trkpt lat="-31.5660009" lon="-68.6869613">
        <ele>1213.0000</ele>
      </trkpt>
      <trkpt lat="-31.5659895" lon="-68.6870021">
        <ele>1215.0000</ele>
      </trkpt>
      <trkpt lat="-31.5659879" lon="-68.6870314">
        <ele>1217.0000</ele>
      </trkpt>
      <trkpt lat="-31.5659652" lon="-68.6870328">
        <ele>1217.0000</ele>
      </trkpt>
      <trkpt lat="-31.5659622" lon="-68.6870587">
        <ele>1218.0000</ele>
      </trkpt>
      <trkpt lat="-31.5659582" lon="-68.6870756">
        <ele>1219.0000</ele>
      </trkpt>
      <trkpt lat="-31.5659584" lon="-68.6870981">
        <ele>1220.0000</ele>
      </trkpt>
      <trkpt lat="-31.5659686" lon="-68.6871094">
        <ele>1220.0000</ele>
      </trkpt>
      <trkpt lat="-31.5659772" lon="-68.6871626">
        <ele>1223.0000</ele>
      </trkpt>
      <trkpt lat="-31.5659831" lon="-68.6871896">
        <ele>1223.0000</ele>
      </trkpt>
      <trkpt lat="-31.5659897" lon="-68.6872288">
        <ele>1225.0000</ele>
      </trkpt>
      <trkpt lat="-31.5659981" lon="-68.6872724">
        <ele>1225.0000</ele>
      </trkpt>
      <trkpt lat="-31.5660026" lon="-68.6872794">
        <ele>1225.0000</ele>
      </trkpt>
      <trkpt lat="-31.5660524" lon="-68.6873866">
        <ele>1226.0000</ele>
      </trkpt>
      <trkpt lat="-31.5660600" lon="-68.6874169">
        <ele>1226.0000</ele>
      </trkpt>
      <trkpt lat="-31.5660599" lon="-68.6874255">
        <ele>1227.0000</ele>
      </trkpt>
      <trkpt lat="-31.5660655" lon="-68.6874835">
        <ele>1228.0000</ele>
      </trkpt>
      <trkpt lat="-31.5660809" lon="-68.6875153">
        <ele>1228.0000</ele>
      </trkpt>
      <trkpt lat="-31.5660812" lon="-68.6875574">
        <ele>1227.0000</ele>
      </trkpt>
      <trkpt lat="-31.5660949" lon="-68.6875877">
        <ele>1227.0000</ele>
      </trkpt>
      <trkpt lat="-31.5661004" lon="-68.6876200">
        <ele>1226.0000</ele>
      </trkpt>
      <trkpt lat="-31.5661044" lon="-68.6876495">
        <ele>1226.0000</ele>
      </trkpt>
      <trkpt lat="-31.5661277" lon="-68.6876696">
        <ele>1226.0000</ele>
      </trkpt>
      <trkpt lat="-31.5661640" lon="-68.6876847">
        <ele>1226.0000</ele>
      </trkpt>
      <trkpt lat="-31.5662093" lon="-68.6877071">
        <ele>1226.0000</ele>
      </trkpt>
      <trkpt lat="-31.5662408" lon="-68.6877392">
        <ele>1226.0000</ele>
      </trkpt>
      <trkpt lat="-31.5663483" lon="-68.6878352">
        <ele>1227.0000</ele>
      </trkpt>
      <trkpt lat="-31.5664240" lon="-68.6879135">
        <ele>1228.0000</ele>
      </trkpt>
      <trkpt lat="-31.5664728" lon="-68.6879845">
        <ele>1229.0000</ele>
      </trkpt>
      <trkpt lat="-31.5665109" lon="-68.6880486">
        <ele>1230.0000</ele>
      </trkpt>
      <trkpt lat="-31.5665267" lon="-68.6880979">
        <ele>1230.0000</ele>
      </trkpt>
      <trkpt lat="-31.5666067" lon="-68.6882189">
        <ele>1235.0000</ele>
      </trkpt>
      <trkpt lat="-31.5666233" lon="-68.6882666">
        <ele>1236.0000</ele>
      </trkpt>
      <trkpt lat="-31.5666348" lon="-68.6883146">
        <ele>1238.0000</ele>
      </trkpt>
      <trkpt lat="-31.5667015" lon="-68.6883664">
        <ele>1241.0000</ele>
      </trkpt>
      <trkpt lat="-31.5667658" lon="-68.6884514">
        <ele>1244.0000</ele>
      </trkpt>
      <trkpt lat="-31.5667986" lon="-68.6884919">
        <ele>1245.0000</ele>
      </trkpt>
      <trkpt lat="-31.5668789" lon="-68.6885484">
        <ele>1249.0000</ele>
      </trkpt>
      <trkpt lat="-31.5669648" lon="-68.6885833">
        <ele>1252.0000</ele>
      </trkpt>
      <trkpt lat="-31.5669911" lon="-68.6886176">
        <ele>1252.0000</ele>
      </trkpt>
      <trkpt lat="-31.5670223" lon="-68.6887000">
        <ele>1251.0000</ele>
      </trkpt>
      <trkpt lat="-31.5670136" lon="-68.6887408">
        <ele>1251.0000</ele>
      </trkpt>
      <trkpt lat="-31.5670369" lon="-68.6888006">
        <ele>1251.0000</ele>
      </trkpt>
      <trkpt lat="-31.5671115" lon="-68.6888766">
        <ele>1251.0000</ele>
      </trkpt>
      <trkpt lat="-31.5671305" lon="-68.6890163">
        <ele>1251.0000</ele>
      </trkpt>
      <trkpt lat="-31.5671429" lon="-68.6890524">
        <ele>1251.0000</ele>
      </trkpt>
      <trkpt lat="-31.5670996" lon="-68.6890485">
        <ele>1250.0000</ele>
      </trkpt>
      <trkpt lat="-31.5671047" lon="-68.6891432">
        <ele>1250.0000</ele>
      </trkpt>
      <trkpt lat="-31.5672138" lon="-68.6892241">
        <ele>1253.0000</ele>
      </trkpt>
      <trkpt lat="-31.5672245" lon="-68.6892785">
        <ele>1255.0000</ele>
      </trkpt>
      <trkpt lat="-31.5672555" lon="-68.6893655">
        <ele>1257.0000</ele>
      </trkpt>
      <trkpt lat="-31.5673002" lon="-68.6894194">
        <ele>1259.0000</ele>
      </trkpt>
      <trkpt lat="-31.5673263" lon="-68.6894901">
        <ele>1261.0000</ele>
      </trkpt>
      <trkpt lat="-31.5673328" lon="-68.6895287">
        <ele>1262.0000</ele>
      </trkpt>
      <trkpt lat="-31.5673706" lon="-68.6895447">
        <ele>1264.0000</ele>
      </trkpt>
      <trkpt lat="-31.5674195" lon="-68.6895570">
        <ele>1266.0000</ele>
      </trkpt>
      <trkpt lat="-31.5675516" lon="-68.6895908">
        <ele>1270.0000</ele>
      </trkpt>
      <trkpt lat="-31.5676718" lon="-68.6896170">
        <ele>1271.0000</ele>
      </trkpt>
      <trkpt lat="-31.5677392" lon="-68.6896190">
        <ele>1272.0000</ele>
      </trkpt>
      <trkpt lat="-31.5678051" lon="-68.6896183">
        <ele>1272.0000</ele>
      </trkpt>
      <trkpt lat="-31.5678626" lon="-68.6896109">
        <ele>1272.0000</ele>
      </trkpt>
      <trkpt lat="-31.5678932" lon="-68.6896051">
        <ele>1272.0000</ele>
      </trkpt>
      <trkpt lat="-31.5679051" lon="-68.6895966">
        <ele>1272.0000</ele>
      </trkpt>
      <trkpt lat="-31.5679332" lon="-68.6895867">
        <ele>1271.0000</ele>
      </trkpt>
      <trkpt lat="-31.5679599" lon="-68.6895774">
        <ele>1271.0000</ele>
      </trkpt>
      <trkpt lat="-31.5679894" lon="-68.6895672">
        <ele>1270.0000</ele>
      </trkpt>
      <trkpt lat="-31.5680842" lon="-68.6896242">
        <ele>1273.0000</ele>
      </trkpt>
      <trkpt lat="-31.5680908" lon="-68.6896702">
        <ele>1276.0000</ele>
      </trkpt>
      <trkpt lat="-31.5681268" lon="-68.6897430">
        <ele>1280.0000</ele>
      </trkpt>
      <trkpt lat="-31.5681340" lon="-68.6898077">
        <ele>1282.0000</ele>
      </trkpt>
      <trkpt lat="-31.5681707" lon="-68.6898598">
        <ele>1285.0000</ele>
      </trkpt>
      <trkpt lat="-31.5681867" lon="-68.6898871">
        <ele>1286.0000</ele>
      </trkpt>
      <trkpt lat="-31.5681788" lon="-68.6899336">
        <ele>1288.0000</ele>
      </trkpt>
      <trkpt lat="-31.5681867" lon="-68.6899914">
        <ele>1291.0000</ele>
      </trkpt>
      <trkpt lat="-31.5682560" lon="-68.6900302">
        <ele>1293.0000</ele>
      </trkpt>
      <trkpt lat="-31.5684467" lon="-68.6900690">
        <ele>1296.0000</ele>
      </trkpt>
      <trkpt lat="-31.5684820" lon="-68.6900884">
        <ele>1297.0000</ele>
      </trkpt>
      <trkpt lat="-31.5686665" lon="-68.6901136">
        <ele>1297.0000</ele>
      </trkpt>
      <trkpt lat="-31.5686753" lon="-68.6901382">
        <ele>1298.0000</ele>
      </trkpt>
      <trkpt lat="-31.5686878" lon="-68.6901710">
        <ele>1299.0000</ele>
      </trkpt>
      <trkpt lat="-31.5686907" lon="-68.6901944">
        <ele>1300.0000</ele>
      </trkpt>
      <trkpt lat="-31.5687068" lon="-68.6902165">
        <ele>1301.0000</ele>
      </trkpt>
      <trkpt lat="-31.5687181" lon="-68.6902451">
        <ele>1302.0000</ele>
      </trkpt>
      <trkpt lat="-31.5687325" lon="-68.6902604">
        <ele>1303.0000</ele>
      </trkpt>
      <trkpt lat="-31.5687536" lon="-68.6902654">
        <ele>1302.0000</ele>
      </trkpt>
      <trkpt lat="-31.5687680" lon="-68.6902866">
        <ele>1303.0000</ele>
      </trkpt>
      <trkpt lat="-31.5687969" lon="-68.6903117">
        <ele>1303.0000</ele>
      </trkpt>
      <trkpt lat="-31.5688412" lon="-68.6903336">
        <ele>1303.0000</ele>
      </trkpt>
      <trkpt lat="-31.5688556" lon="-68.6903576">
        <ele>1304.0000</ele>
      </trkpt>
      <trkpt lat="-31.5688618" lon="-68.6903616">
        <ele>1304.0000</ele>
      </trkpt>
      <trkpt lat="-31.5688725" lon="-68.6903688">
        <ele>1304.0000</ele>
      </trkpt>
      <trkpt lat="-31.5689067" lon="-68.6903867">
        <ele>1304.0000</ele>
      </trkpt>
      <trkpt lat="-31.5689188" lon="-68.6903962">
        <ele>1305.0000</ele>
      </trkpt>
      <trkpt lat="-31.5689282" lon="-68.6904033">
        <ele>1305.0000</ele>
      </trkpt>
      <trkpt lat="-31.5689490" lon="-68.6904206">
        <ele>1305.0000</ele>
      </trkpt>
      <trkpt lat="-31.5689808" lon="-68.6904371">
        <ele>1305.0000</ele>
      </trkpt>
      <trkpt lat="-31.5689956" lon="-68.6904555">
        <ele>1305.0000</ele>
      </trkpt>
      <trkpt lat="-31.5690337" lon="-68.6904898">
        <ele>1306.0000</ele>
      </trkpt>
      <trkpt lat="-31.5690807" lon="-68.6905234">
        <ele>1306.0000</ele>
      </trkpt>
      <trkpt lat="-31.5691017" lon="-68.6905545">
        <ele>1307.0000</ele>
      </trkpt>
      <trkpt lat="-31.5691160" lon="-68.6906088">
        <ele>1308.0000</ele>
      </trkpt>
      <trkpt lat="-31.5691476" lon="-68.6906369">
        <ele>1308.0000</ele>
      </trkpt>
      <trkpt lat="-31.5691766" lon="-68.6906692">
        <ele>1309.0000</ele>
      </trkpt>
      <trkpt lat="-31.5691958" lon="-68.6906981">
        <ele>1309.0000</ele>
      </trkpt>
      <trkpt lat="-31.5692206" lon="-68.6907273">
        <ele>1309.0000</ele>
      </trkpt>
      <trkpt lat="-31.5692468" lon="-68.6907488">
        <ele>1309.0000</ele>
      </trkpt>
      <trkpt lat="-31.5692541" lon="-68.6907537">
        <ele>1309.0000</ele>
      </trkpt>
      <trkpt lat="-31.5692908" lon="-68.6907834">
        <ele>1309.0000</ele>
      </trkpt>
      <trkpt lat="-31.5693226" lon="-68.6908130">
        <ele>1309.0000</ele>
      </trkpt>
      <trkpt lat="-31.5693981" lon="-68.6908846">
        <ele>1310.0000</ele>
      </trkpt>
      <trkpt lat="-31.5694120" lon="-68.6909021">
        <ele>1310.0000</ele>
      </trkpt>
      <trkpt lat="-31.5694330" lon="-68.6909246">
        <ele>1310.0000</ele>
      </trkpt>
      <trkpt lat="-31.5694854" lon="-68.6909650">
        <ele>1310.0000</ele>
      </trkpt>
      <trkpt lat="-31.5695104" lon="-68.6910079">
        <ele>1311.0000</ele>
      </trkpt>
      <trkpt lat="-31.5695278" lon="-68.6910254">
        <ele>1311.0000</ele>
      </trkpt>
      <trkpt lat="-31.5695505" lon="-68.6910461">
        <ele>1311.0000</ele>
      </trkpt>
      <trkpt lat="-31.5695767" lon="-68.6910718">
        <ele>1311.0000</ele>
      </trkpt>
      <trkpt lat="-31.5696100" lon="-68.6911005">
        <ele>1312.0000</ele>
      </trkpt>
      <trkpt lat="-31.5696308" lon="-68.6911237">
        <ele>1312.0000</ele>
      </trkpt>
      <trkpt lat="-31.5696489" lon="-68.6911416">
        <ele>1311.0000</ele>
      </trkpt>
      <trkpt lat="-31.5696740" lon="-68.6911606">
        <ele>1311.0000</ele>
      </trkpt>
      <trkpt lat="-31.5697032" lon="-68.6911892">
        <ele>1310.0000</ele>
      </trkpt>
      <trkpt lat="-31.5697279" lon="-68.6912128">
        <ele>1310.0000</ele>
      </trkpt>
      <trkpt lat="-31.5697488" lon="-68.6912378">
        <ele>1310.0000</ele>
      </trkpt>
      <trkpt lat="-31.5697636" lon="-68.6912571">
        <ele>1310.0000</ele>
      </trkpt>
      <trkpt lat="-31.5697788" lon="-68.6912841">
        <ele>1310.0000</ele>
      </trkpt>
      <trkpt lat="-31.5697840" lon="-68.6913055">
        <ele>1310.0000</ele>
      </trkpt>
      <trkpt lat="-31.5697968" lon="-68.6913351">
        <ele>1310.0000</ele>
      </trkpt>
      <trkpt lat="-31.5698039" lon="-68.6913666">
        <ele>1310.0000</ele>
      </trkpt>
      <trkpt lat="-31.5698043" lon="-68.6913828">
        <ele>1310.0000</ele>
      </trkpt>
      <trkpt lat="-31.5698046" lon="-68.6914032">
        <ele>1311.0000</ele>
      </trkpt>
      <trkpt lat="-31.5698080" lon="-68.6914295">
        <ele>1311.0000</ele>
      </trkpt>
      <trkpt lat="-31.5698144" lon="-68.6914518">
        <ele>1310.0000</ele>
      </trkpt>
      <trkpt lat="-31.5698185" lon="-68.6914862">
        <ele>1310.0000</ele>
      </trkpt>
      <trkpt lat="-31.5698135" lon="-68.6915073">
        <ele>1311.0000</ele>
      </trkpt>
      <trkpt lat="-31.5697900" lon="-68.6915378">
        <ele>1311.0000</ele>
      </trkpt>
      <trkpt lat="-31.5697692" lon="-68.6915551">
        <ele>1312.0000</ele>
      </trkpt>
      <trkpt lat="-31.5697295" lon="-68.6915424">
        <ele>1313.0000</ele>
      </trkpt>
      <trkpt lat="-31.5696974" lon="-68.6915616">
        <ele>1313.0000</ele>
      </trkpt>
      <trkpt lat="-31.5696422" lon="-68.6915852">
        <ele>1313.0000</ele>
      </trkpt>
      <trkpt lat="-31.5696192" lon="-68.6916088">
        <ele>1313.0000</ele>
      </trkpt>
      <trkpt lat="-31.5695847" lon="-68.6916688">
        <ele>1313.0000</ele>
      </trkpt>
      <trkpt lat="-31.5695890" lon="-68.6916942">
        <ele>1313.0000</ele>
      </trkpt>
      <trkpt lat="-31.5703087" lon="-68.6921798">
        <ele>1318.0000</ele>
      </trkpt>
      <trkpt lat="-31.5705380" lon="-68.6924571">
        <ele>1328.0000</ele>
      </trkpt>
      <trkpt lat="-31.5708935" lon="-68.6934520">
        <ele>1348.0000</ele>
      </trkpt>
      <trkpt lat="-31.5715544" lon="-68.6940461">
        <ele>1379.0000</ele>
      </trkpt>
      <trkpt lat="-31.5726031" lon="-68.6948164">
        <ele>1405.0000</ele>
      </trkpt>
      <trkpt lat="-31.5738393" lon="-68.6955957">
        <ele>1455.0000</ele>
      </trkpt>
      <trkpt lat="-31.5742884" lon="-68.6961024">
        <ele>1461.0000</ele>
      </trkpt>
      <trkpt lat="-31.5746869" lon="-68.6965904">
        <ele>1444.0000</ele>
      </trkpt>
      <trkpt lat="-31.5748191" lon="-68.6967727">
        <ele>1438.0000</ele>
      </trkpt>
      <trkpt lat="-31.5751785" lon="-68.6969805">
        <ele>1440.0000</ele>
      </trkpt>
      <trkpt lat="-31.5754000" lon="-68.6971415">
        <ele>1441.0000</ele>
      </trkpt>
      <trkpt lat="-31.5760213" lon="-68.6975020">
        <ele>1440.0000</ele>
      </trkpt>
      <trkpt lat="-31.5773105" lon="-68.6978212">
        <ele>1463.0000</ele>
      </trkpt>
      <trkpt lat="-31.5779212" lon="-68.6982290">
        <ele>1469.0000</ele>
      </trkpt>
      <trkpt lat="-31.5783476" lon="-68.6990088">
        <ele>1469.0000</ele>
      </trkpt>
      <trkpt lat="-31.5790037" lon="-68.6996701">
        <ele>1471.0000</ele>
      </trkpt>
      <trkpt lat="-31.5792278" lon="-68.6998591">
        <ele>1472.0000</ele>
      </trkpt>
      <trkpt lat="-31.5806644" lon="-68.7006758">
        <ele>1480.0000</ele>
      </trkpt>
      <trkpt lat="-31.5819290" lon="-68.7016461">
        <ele>1484.0000</ele>
      </trkpt>
      <trkpt lat="-31.5829141" lon="-68.7020952">
        <ele>1501.0000</ele>
      </trkpt>
      <trkpt lat="-31.5843171" lon="-68.7026219">
        <ele>1537.0000</ele>
      </trkpt>
      <trkpt lat="-31.5850302" lon="-68.7028895">
        <ele>1563.0000</ele>
      </trkpt>
      <trkpt lat="-31.5856773" lon="-68.7022569">
        <ele>1574.0000</ele>
      </trkpt>
      <trkpt lat="-31.5859728" lon="-68.7022950">
        <ele>1577.0000</ele>
      </trkpt>
      <trkpt lat="-31.5861685" lon="-68.7024576">
        <ele>1577.0000</ele>
      </trkpt>
      <trkpt lat="-31.5862071" lon="-68.7026427">
        <ele>1578.0000</ele>
      </trkpt>
      <trkpt lat="-31.5863237" lon="-68.7028001">
        <ele>1577.0000</ele>
      </trkpt>
      <trkpt lat="-31.5864467" lon="-68.7028940">
        <ele>1575.0000</ele>
      </trkpt>
      <trkpt lat="-31.5864881" lon="-68.7029304">
        <ele>1575.0000</ele>
      </trkpt>
      <trkpt lat="-31.5865117" lon="-68.7029530">
        <ele>1574.0000</ele>
      </trkpt>
      <trkpt lat="-31.5865306" lon="-68.7029800">
        <ele>1574.0000</ele>
      </trkpt>
      <trkpt lat="-31.5868981" lon="-68.7033873">
        <ele>1567.0000</ele>
      </trkpt>
      <trkpt lat="-31.5871007" lon="-68.7034178">
        <ele>1559.0000</ele>
      </trkpt>
      <trkpt lat="-31.5872121" lon="-68.7035454">
        <ele>1558.0000</ele>
      </trkpt>
      <trkpt lat="-31.5874129" lon="-68.7037639">
        <ele>1557.0000</ele>
      </trkpt>
      <trkpt lat="-31.5875469" lon="-68.7037921">
        <ele>1555.0000</ele>
      </trkpt>
      <trkpt lat="-31.5877009" lon="-68.7037048">
        <ele>1552.0000</ele>
      </trkpt>
      <trkpt lat="-31.5878604" lon="-68.7035116">
        <ele>1549.0000</ele>
      </trkpt>
      <trkpt lat="-31.5880632" lon="-68.7034081">
        <ele>1548.0000</ele>
      </trkpt>
      <trkpt lat="-31.5881899" lon="-68.7033749">
        <ele>1547.0000</ele>
      </trkpt>
      <trkpt lat="-31.5884349" lon="-68.7033341">
        <ele>1544.0000</ele>
      </trkpt>
      <trkpt lat="-31.5885194" lon="-68.7033244">
        <ele>1542.0000</ele>
      </trkpt>
      <trkpt lat="-31.5885521" lon="-68.7033091">
        <ele>1541.0000</ele>
      </trkpt>
      <trkpt lat="-31.5886699" lon="-68.7033158">
        <ele>1539.0000</ele>
      </trkpt>
      <trkpt lat="-31.5887218" lon="-68.7033113">
        <ele>1539.0000</ele>
      </trkpt>
      <trkpt lat="-31.5889544" lon="-68.7032960">
        <ele>1534.0000</ele>
      </trkpt>
      <trkpt lat="-31.5891093" lon="-68.7031779">
        <ele>1530.0000</ele>
      </trkpt>
      <trkpt lat="-31.5891291" lon="-68.7031374">
        <ele>1531.0000</ele>
      </trkpt>
      <trkpt lat="-31.5891573" lon="-68.7030296">
        <ele>1534.0000</ele>
      </trkpt>
      <trkpt lat="-31.5891188" lon="-68.7029269">
        <ele>1534.0000</ele>
      </trkpt>
      <trkpt lat="-31.5891519" lon="-68.7026414">
        <ele>1537.0000</ele>
      </trkpt>
      <trkpt lat="-31.5892062" lon="-68.7025464">
        <ele>1539.0000</ele>
      </trkpt>
      <trkpt lat="-31.5891991" lon="-68.7023711">
        <ele>1544.0000</ele>
      </trkpt>
      <trkpt lat="-31.5891479" lon="-68.7022112">
        <ele>1548.0000</ele>
      </trkpt>
      <trkpt lat="-31.5891753" lon="-68.7020519">
        <ele>1553.0000</ele>
      </trkpt>
      <trkpt lat="-31.5892247" lon="-68.7019983">
        <ele>1555.0000</ele>
      </trkpt>
      <trkpt lat="-31.5892533" lon="-68.7019650">
        <ele>1556.0000</ele>
      </trkpt>
      <trkpt lat="-31.5891513" lon="-68.7018491">
        <ele>1558.0000</ele>
      </trkpt>
      <trkpt lat="-31.5890050" lon="-68.7016616">
        <ele>1559.0000</ele>
      </trkpt>
      <trkpt lat="-31.5888886" lon="-68.7014266">
        <ele>1560.0000</ele>
      </trkpt>
      <trkpt lat="-31.5890522" lon="-68.7012813">
        <ele>1572.0000</ele>
      </trkpt>
      <trkpt lat="-31.5891364" lon="-68.7011744">
        <ele>1582.0000</ele>
      </trkpt>
      <trkpt lat="-31.5892179" lon="-68.7011312">
        <ele>1588.0000</ele>
      </trkpt>
      <trkpt lat="-31.5893914" lon="-68.7011208">
        <ele>1595.0000</ele>
      </trkpt>
      <trkpt lat="-31.5895905" lon="-68.7010243">
        <ele>1602.0000</ele>
      </trkpt>
      <trkpt lat="-31.5895866" lon="-68.7008439">
        <ele>1612.0000</ele>
      </trkpt>
      <trkpt lat="-31.5896391" lon="-68.7007471">
        <ele>1616.0000</ele>
      </trkpt>
      <trkpt lat="-31.5895364" lon="-68.7004508">
        <ele>1623.0000</ele>
      </trkpt>
      <trkpt lat="-31.5898205" lon="-68.7005437">
        <ele>1624.0000</ele>
      </trkpt>
      <trkpt lat="-31.5898642" lon="-68.7006011">
        <ele>1622.0000</ele>
      </trkpt>
      <trkpt lat="-31.5897511" lon="-68.7002632">
        <ele>1632.0000</ele>
      </trkpt>
      <trkpt lat="-31.5898819" lon="-68.7002597">
        <ele>1639.0000</ele>
      </trkpt>
      <trkpt lat="-31.5899991" lon="-68.7003077">
        <ele>1642.0000</ele>
      </trkpt>
      <trkpt lat="-31.5899591" lon="-68.7001935">
        <ele>1646.0000</ele>
      </trkpt>
      <trkpt lat="-31.5898563" lon="-68.7000433">
        <ele>1649.0000</ele>
      </trkpt>
      <trkpt lat="-31.5897868" lon="-68.6999374">
        <ele>1651.0000</ele>
      </trkpt>
      <trkpt lat="-31.5897833" lon="-68.6998829">
        <ele>1653.0000</ele>
      </trkpt>
      <trkpt lat="-31.5897936" lon="-68.6998841">
        <ele>1653.0000</ele>
      </trkpt>
      <trkpt lat="-31.5896157" lon="-68.6997530">
        <ele>1650.0000</ele>
      </trkpt>
      <trkpt lat="-31.5897840" lon="-68.6997657">
        <ele>1657.0000</ele>
      </trkpt>
      <trkpt lat="-31.5899313" lon="-68.6998419">
        <ele>1659.0000</ele>
      </trkpt>
      <trkpt lat="-31.5899231" lon="-68.6998065">
        <ele>1660.0000</ele>
      </trkpt>
      <trkpt lat="-31.5899049" lon="-68.6997771">
        <ele>1660.0000</ele>
      </trkpt>
      <trkpt lat="-31.5898750" lon="-68.6996867">
        <ele>1662.0000</ele>
      </trkpt>
      <trkpt lat="-31.5897303" lon="-68.6995498">
        <ele>1661.0000</ele>
      </trkpt>
      <trkpt lat="-31.5898313" lon="-68.6994160">
        <ele>1664.0000</ele>
      </trkpt>
      <trkpt lat="-31.5899034" lon="-68.6993059">
        <ele>1664.0000</ele>
      </trkpt>
      <trkpt lat="-31.5899906" lon="-68.6993111">
        <ele>1664.0000</ele>
      </trkpt>
      <trkpt lat="-31.5900848" lon="-68.6994114">
        <ele>1666.0000</ele>
      </trkpt>
      <trkpt lat="-31.5901236" lon="-68.6994608">
        <ele>1666.0000</ele>
      </trkpt>
      <trkpt lat="-31.5901711" lon="-68.6995002">
        <ele>1667.0000</ele>
      </trkpt>
      <trkpt lat="-31.5902299" lon="-68.6995456">
        <ele>1668.0000</ele>
      </trkpt>
      <trkpt lat="-31.5902469" lon="-68.6995844">
        <ele>1668.0000</ele>
      </trkpt>
      <trkpt lat="-31.5902665" lon="-68.6996162">
        <ele>1669.0000</ele>
      </trkpt>
      <trkpt lat="-31.5902657" lon="-68.6996939">
        <ele>1669.0000</ele>
      </trkpt>
      <trkpt lat="-31.5902384" lon="-68.6996937">
        <ele>1669.0000</ele>
      </trkpt>
      <trkpt lat="-31.5902445" lon="-68.6996405">
        <ele>1668.0000</ele>
      </trkpt>
      <trkpt lat="-31.5901861" lon="-68.6995200">
        <ele>1667.0000</ele>
      </trkpt>
      <trkpt lat="-31.5901120" lon="-68.6994795">
        <ele>1666.0000</ele>
      </trkpt>
      <trkpt lat="-31.5900576" lon="-68.6994278">
        <ele>1666.0000</ele>
      </trkpt>
      <trkpt lat="-31.5900496" lon="-68.6993794">
        <ele>1665.0000</ele>
      </trkpt>
      <trkpt lat="-31.5899932" lon="-68.6993408">
        <ele>1665.0000</ele>
      </trkpt>
      <trkpt lat="-31.5899497" lon="-68.6993175">
        <ele>1664.0000</ele>
      </trkpt>
      <trkpt lat="-31.5898913" lon="-68.6993446">
        <ele>1664.0000</ele>
      </trkpt>
      <trkpt lat="-31.5898459" lon="-68.6994611">
        <ele>1664.0000</ele>
      </trkpt>
      <trkpt lat="-31.5898444" lon="-68.6995166">
        <ele>1663.0000</ele>
      </trkpt>
      <trkpt lat="-31.5898085" lon="-68.6995950">
        <ele>1662.0000</ele>
      </trkpt>
      <trkpt lat="-31.5898840" lon="-68.6996811">
        <ele>1662.0000</ele>
      </trkpt>
      <trkpt lat="-31.5899173" lon="-68.6997291">
        <ele>1662.0000</ele>
      </trkpt>
      <trkpt lat="-31.5899158" lon="-68.6997666">
        <ele>1661.0000</ele>
      </trkpt>
      <trkpt lat="-31.5899624" lon="-68.6998337">
        <ele>1660.0000</ele>
      </trkpt>
      <trkpt lat="-31.5899420" lon="-68.6998609">
        <ele>1659.0000</ele>
      </trkpt>
      <trkpt lat="-31.5898918" lon="-68.6998466">
        <ele>1658.0000</ele>
      </trkpt>
      <trkpt lat="-31.5898539" lon="-68.6998245">
        <ele>1657.0000</ele>
      </trkpt>
      <trkpt lat="-31.5898235" lon="-68.6998074">
        <ele>1657.0000</ele>
      </trkpt>
      <trkpt lat="-31.5897931" lon="-68.6997930">
        <ele>1657.0000</ele>
      </trkpt>
      <trkpt lat="-31.5897562" lon="-68.6998189">
        <ele>1655.0000</ele>
      </trkpt>
      <trkpt lat="-31.5898173" lon="-68.6998570">
        <ele>1655.0000</ele>
      </trkpt>
      <trkpt lat="-31.5898570" lon="-68.6998871">
        <ele>1655.0000</ele>
      </trkpt>
      <trkpt lat="-31.5898709" lon="-68.6999058">
        <ele>1655.0000</ele>
      </trkpt>
      <trkpt lat="-31.5898765" lon="-68.6999429">
        <ele>1654.0000</ele>
      </trkpt>
      <trkpt lat="-31.5898690" lon="-68.6999661">
        <ele>1653.0000</ele>
      </trkpt>
      <trkpt lat="-31.5898818" lon="-68.6999852">
        <ele>1653.0000</ele>
      </trkpt>
      <trkpt lat="-31.5898879" lon="-68.6999950">
        <ele>1653.0000</ele>
      </trkpt>
      <trkpt lat="-31.5898929" lon="-68.7000318">
        <ele>1651.0000</ele>
      </trkpt>
      <trkpt lat="-31.5899179" lon="-68.7000560">
        <ele>1651.0000</ele>
      </trkpt>
      <trkpt lat="-31.5899361" lon="-68.7000797">
        <ele>1650.0000</ele>
      </trkpt>
      <trkpt lat="-31.5899454" lon="-68.7001014">
        <ele>1650.0000</ele>
      </trkpt>
      <trkpt lat="-31.5899688" lon="-68.7001295">
        <ele>1650.0000</ele>
      </trkpt>
      <trkpt lat="-31.5899869" lon="-68.7001462">
        <ele>1649.0000</ele>
      </trkpt>
      <trkpt lat="-31.5899997" lon="-68.7001671">
        <ele>1649.0000</ele>
      </trkpt>
      <trkpt lat="-31.5900101" lon="-68.7001894">
        <ele>1649.0000</ele>
      </trkpt>
      <trkpt lat="-31.5900142" lon="-68.7002038">
        <ele>1648.0000</ele>
      </trkpt>
      <trkpt lat="-31.5900137" lon="-68.7002371">
        <ele>1647.0000</ele>
      </trkpt>
      <trkpt lat="-31.5900254" lon="-68.7002593">
        <ele>1646.0000</ele>
      </trkpt>
      <trkpt lat="-31.5900388" lon="-68.7002705">
        <ele>1646.0000</ele>
      </trkpt>
      <trkpt lat="-31.5900362" lon="-68.7002876">
        <ele>1645.0000</ele>
      </trkpt>
      <trkpt lat="-31.5900490" lon="-68.7003060">
        <ele>1644.0000</ele>
      </trkpt>
      <trkpt lat="-31.5900597" lon="-68.7003361">
        <ele>1643.0000</ele>
      </trkpt>
      <trkpt lat="-31.5900683" lon="-68.7003541">
        <ele>1642.0000</ele>
      </trkpt>
      <trkpt lat="-31.5900694" lon="-68.7003769">
        <ele>1640.0000</ele>
      </trkpt>
      <trkpt lat="-31.5900553" lon="-68.7003859">
        <ele>1639.0000</ele>
      </trkpt>
      <trkpt lat="-31.5900329" lon="-68.7003674">
        <ele>1640.0000</ele>
      </trkpt>
      <trkpt lat="-31.5900121" lon="-68.7003504">
        <ele>1640.0000</ele>
      </trkpt>
      <trkpt lat="-31.5899860" lon="-68.7003330">
        <ele>1640.0000</ele>
      </trkpt>
      <trkpt lat="-31.5899617" lon="-68.7003218">
        <ele>1640.0000</ele>
      </trkpt>
      <trkpt lat="-31.5899350" lon="-68.7003090">
        <ele>1639.0000</ele>
      </trkpt>
      <trkpt lat="-31.5898984" lon="-68.7002856">
        <ele>1639.0000</ele>
      </trkpt>
      <trkpt lat="-31.5898721" lon="-68.7002789">
        <ele>1638.0000</ele>
      </trkpt>
      <trkpt lat="-31.5898522" lon="-68.7002785">
        <ele>1636.0000</ele>
      </trkpt>
      <trkpt lat="-31.5898227" lon="-68.7002925">
        <ele>1634.0000</ele>
      </trkpt>
      <trkpt lat="-31.5898395" lon="-68.7003202">
        <ele>1634.0000</ele>
      </trkpt>
      <trkpt lat="-31.5898432" lon="-68.7003413">
        <ele>1633.0000</ele>
      </trkpt>
      <trkpt lat="-31.5898559" lon="-68.7003627">
        <ele>1633.0000</ele>
      </trkpt>
      <trkpt lat="-31.5898807" lon="-68.7003899">
        <ele>1632.0000</ele>
      </trkpt>
      <trkpt lat="-31.5898743" lon="-68.7004119">
        <ele>1632.0000</ele>
      </trkpt>
      <trkpt lat="-31.5898768" lon="-68.7004310">
        <ele>1631.0000</ele>
      </trkpt>
      <trkpt lat="-31.5898848" lon="-68.7004493">
        <ele>1630.0000</ele>
      </trkpt>
      <trkpt lat="-31.5898906" lon="-68.7004658">
        <ele>1630.0000</ele>
      </trkpt>
      <trkpt lat="-31.5898939" lon="-68.7004837">
        <ele>1628.0000</ele>
      </trkpt>
      <trkpt lat="-31.5898938" lon="-68.7005046">
        <ele>1627.0000</ele>
      </trkpt>
      <trkpt lat="-31.5899089" lon="-68.7005459">
        <ele>1626.0000</ele>
      </trkpt>
      <trkpt lat="-31.5899069" lon="-68.7006135">
        <ele>1622.0000</ele>
      </trkpt>
      <trkpt lat="-31.5898996" lon="-68.7006169">
        <ele>1622.0000</ele>
      </trkpt>
      <trkpt lat="-31.5898620" lon="-68.7006295">
        <ele>1621.0000</ele>
      </trkpt>
      <trkpt lat="-31.5897885" lon="-68.7006266">
        <ele>1621.0000</ele>
      </trkpt>
      <trkpt lat="-31.5897696" lon="-68.7006093">
        <ele>1621.0000</ele>
      </trkpt>
      <trkpt lat="-31.5897348" lon="-68.7005717">
        <ele>1622.0000</ele>
      </trkpt>
      <trkpt lat="-31.5896836" lon="-68.7005118">
        <ele>1623.0000</ele>
      </trkpt>
      <trkpt lat="-31.5895544" lon="-68.7004785">
        <ele>1623.0000</ele>
      </trkpt>
      <trkpt lat="-31.5895121" lon="-68.7005006">
        <ele>1622.0000</ele>
      </trkpt>
      <trkpt lat="-31.5894810" lon="-68.7005193">
        <ele>1621.0000</ele>
      </trkpt>
      <trkpt lat="-31.5895625" lon="-68.7006403">
        <ele>1618.0000</ele>
      </trkpt>
      <trkpt lat="-31.5896053" lon="-68.7006762">
        <ele>1618.0000</ele>
      </trkpt>
      <trkpt lat="-31.5895889" lon="-68.7007193">
        <ele>1616.0000</ele>
      </trkpt>
      <trkpt lat="-31.5895530" lon="-68.7006917">
        <ele>1617.0000</ele>
      </trkpt>
      <trkpt lat="-31.5895630" lon="-68.7007487">
        <ele>1615.0000</ele>
      </trkpt>
      <trkpt lat="-31.5895471" lon="-68.7008200">
        <ele>1613.0000</ele>
      </trkpt>
      <trkpt lat="-31.5895388" lon="-68.7008745">
        <ele>1610.0000</ele>
      </trkpt>
      <trkpt lat="-31.5895372" lon="-68.7009067">
        <ele>1608.0000</ele>
      </trkpt>
      <trkpt lat="-31.5895659" lon="-68.7009727">
        <ele>1605.0000</ele>
      </trkpt>
      <trkpt lat="-31.5895878" lon="-68.7009916">
        <ele>1604.0000</ele>
      </trkpt>
      <trkpt lat="-31.5896073" lon="-68.7009920">
        <ele>1605.0000</ele>
      </trkpt>
      <trkpt lat="-31.5896696" lon="-68.7010087">
        <ele>1604.0000</ele>
      </trkpt>
      <trkpt lat="-31.5896379" lon="-68.7010540">
        <ele>1601.0000</ele>
      </trkpt>
      <trkpt lat="-31.5896568" lon="-68.7010845">
        <ele>1599.0000</ele>
      </trkpt>
      <trkpt lat="-31.5896481" lon="-68.7011191">
        <ele>1598.0000</ele>
      </trkpt>
      <trkpt lat="-31.5896101" lon="-68.7011327">
        <ele>1597.0000</ele>
      </trkpt>
      <trkpt lat="-31.5895777" lon="-68.7011161">
        <ele>1598.0000</ele>
      </trkpt>
      <trkpt lat="-31.5895467" lon="-68.7011166">
        <ele>1597.0000</ele>
      </trkpt>
      <trkpt lat="-31.5895063" lon="-68.7011525">
        <ele>1596.0000</ele>
      </trkpt>
      <trkpt lat="-31.5894916" lon="-68.7011876">
        <ele>1594.0000</ele>
      </trkpt>
      <trkpt lat="-31.5894525" lon="-68.7011702">
        <ele>1594.0000</ele>
      </trkpt>
      <trkpt lat="-31.5893972" lon="-68.7011647">
        <ele>1593.0000</ele>
      </trkpt>
      <trkpt lat="-31.5893375" lon="-68.7012039">
        <ele>1589.0000</ele>
      </trkpt>
      <trkpt lat="-31.5893062" lon="-68.7012142">
        <ele>1587.0000</ele>
      </trkpt>
      <trkpt lat="-31.5892773" lon="-68.7011980">
        <ele>1587.0000</ele>
      </trkpt>
      <trkpt lat="-31.5892464" lon="-68.7011718">
        <ele>1587.0000</ele>
      </trkpt>
      <trkpt lat="-31.5892289" lon="-68.7011743">
        <ele>1586.0000</ele>
      </trkpt>
      <trkpt lat="-31.5892081" lon="-68.7012211">
        <ele>1583.0000</ele>
      </trkpt>
      <trkpt lat="-31.5892166" lon="-68.7012779">
        <ele>1580.0000</ele>
      </trkpt>
      <trkpt lat="-31.5891551" lon="-68.7013047">
        <ele>1576.0000</ele>
      </trkpt>
      <trkpt lat="-31.5891267" lon="-68.7013494">
        <ele>1572.0000</ele>
      </trkpt>
      <trkpt lat="-31.5891046" lon="-68.7014579">
        <ele>1567.0000</ele>
      </trkpt>
      <trkpt lat="-31.5890732" lon="-68.7015468">
        <ele>1564.0000</ele>
      </trkpt>
      <trkpt lat="-31.5891271" lon="-68.7015913">
        <ele>1564.0000</ele>
      </trkpt>
      <trkpt lat="-31.5891625" lon="-68.7016437">
        <ele>1564.0000</ele>
      </trkpt>
      <trkpt lat="-31.5891691" lon="-68.7016578">
        <ele>1564.0000</ele>
      </trkpt>
      <trkpt lat="-31.5891988" lon="-68.7017061">
        <ele>1563.0000</ele>
      </trkpt>
      <trkpt lat="-31.5892226" lon="-68.7017584">
        <ele>1562.0000</ele>
      </trkpt>
      <trkpt lat="-31.5892381" lon="-68.7018035">
        <ele>1561.0000</ele>
      </trkpt>
      <trkpt lat="-31.5892570" lon="-68.7018160">
        <ele>1561.0000</ele>
      </trkpt>
      <trkpt lat="-31.5892980" lon="-68.7018423">
        <ele>1561.0000</ele>
      </trkpt>
      <trkpt lat="-31.5893162" lon="-68.7018807">
        <ele>1560.0000</ele>
      </trkpt>
      <trkpt lat="-31.5893129" lon="-68.7019286">
        <ele>1558.0000</ele>
      </trkpt>
      <trkpt lat="-31.5893038" lon="-68.7019878">
        <ele>1556.0000</ele>
      </trkpt>
      <trkpt lat="-31.5892876" lon="-68.7020394">
        <ele>1554.0000</ele>
      </trkpt>
      <trkpt lat="-31.5892578" lon="-68.7020414">
        <ele>1554.0000</ele>
      </trkpt>
      <trkpt lat="-31.5892359" lon="-68.7020834">
        <ele>1553.0000</ele>
      </trkpt>
      <trkpt lat="-31.5891994" lon="-68.7021438">
        <ele>1551.0000</ele>
      </trkpt>
      <trkpt lat="-31.5892077" lon="-68.7021872">
        <ele>1550.0000</ele>
      </trkpt>
      <trkpt lat="-31.5892451" lon="-68.7022292">
        <ele>1549.0000</ele>
      </trkpt>
      <trkpt lat="-31.5892486" lon="-68.7022629">
        <ele>1548.0000</ele>
      </trkpt>
      <trkpt lat="-31.5892798" lon="-68.7022990">
        <ele>1547.0000</ele>
      </trkpt>
      <trkpt lat="-31.5892453" lon="-68.7024764">
        <ele>1541.0000</ele>
      </trkpt>
      <trkpt lat="-31.5892705" lon="-68.7024977">
        <ele>1540.0000</ele>
      </trkpt>
      <trkpt lat="-31.5892923" lon="-68.7025382">
        <ele>1540.0000</ele>
      </trkpt>
      <trkpt lat="-31.5892154" lon="-68.7026094">
        <ele>1538.0000</ele>
      </trkpt>
      <trkpt lat="-31.5891847" lon="-68.7026872">
        <ele>1536.0000</ele>
      </trkpt>
      <trkpt lat="-31.5891741" lon="-68.7027631">
        <ele>1535.0000</ele>
      </trkpt>
      <trkpt lat="-31.5891677" lon="-68.7028243">
        <ele>1534.0000</ele>
      </trkpt>
      <trkpt lat="-31.5891689" lon="-68.7029057">
        <ele>1534.0000</ele>
      </trkpt>
      <trkpt lat="-31.5891956" lon="-68.7029672">
        <ele>1534.0000</ele>
      </trkpt>
      <trkpt lat="-31.5891930" lon="-68.7030361">
        <ele>1533.0000</ele>
      </trkpt>
      <trkpt lat="-31.5891877" lon="-68.7031061">
        <ele>1531.0000</ele>
      </trkpt>
      <trkpt lat="-31.5891538" lon="-68.7032059">
        <ele>1528.0000</ele>
      </trkpt>
      <trkpt lat="-31.5890627" lon="-68.7032803">
        <ele>1529.0000</ele>
      </trkpt>
      <trkpt lat="-31.5888467" lon="-68.7033859">
        <ele>1536.0000</ele>
      </trkpt>
      <trkpt lat="-31.5886964" lon="-68.7033879">
        <ele>1539.0000</ele>
      </trkpt>
      <trkpt lat="-31.5886254" lon="-68.7033658">
        <ele>1540.0000</ele>
      </trkpt>
      <trkpt lat="-31.5885551" lon="-68.7033626">
        <ele>1542.0000</ele>
      </trkpt>
      <trkpt lat="-31.5884824" lon="-68.7033716">
        <ele>1543.0000</ele>
      </trkpt>
      <trkpt lat="-31.5883020" lon="-68.7034208">
        <ele>1547.0000</ele>
      </trkpt>
      <trkpt lat="-31.5882095" lon="-68.7034448">
        <ele>1548.0000</ele>
      </trkpt>
      <trkpt lat="-31.5881370" lon="-68.7034593">
        <ele>1549.0000</ele>
      </trkpt>
      <trkpt lat="-31.5880262" lon="-68.7034944">
        <ele>1550.0000</ele>
      </trkpt>
      <trkpt lat="-31.5879261" lon="-68.7034791">
        <ele>1548.0000</ele>
      </trkpt>
      <trkpt lat="-31.5878430" lon="-68.7036206">
        <ele>1551.0000</ele>
      </trkpt>
      <trkpt lat="-31.5877625" lon="-68.7037115">
        <ele>1552.0000</ele>
      </trkpt>
      <trkpt lat="-31.5876744" lon="-68.7037863">
        <ele>1554.0000</ele>
      </trkpt>
      <trkpt lat="-31.5875773" lon="-68.7038183">
        <ele>1555.0000</ele>
      </trkpt>
      <trkpt lat="-31.5874549" lon="-68.7038471">
        <ele>1557.0000</ele>
      </trkpt>
      <trkpt lat="-31.5874184" lon="-68.7038396">
        <ele>1558.0000</ele>
      </trkpt>
      <trkpt lat="-31.5873847" lon="-68.7038192">
        <ele>1558.0000</ele>
      </trkpt>
      <trkpt lat="-31.5873171" lon="-68.7037731">
        <ele>1559.0000</ele>
      </trkpt>
      <trkpt lat="-31.5872592" lon="-68.7037346">
        <ele>1559.0000</ele>
      </trkpt>
      <trkpt lat="-31.5872008" lon="-68.7036567">
        <ele>1560.0000</ele>
      </trkpt>
      <trkpt lat="-31.5871748" lon="-68.7035902">
        <ele>1560.0000</ele>
      </trkpt>
      <trkpt lat="-31.5871239" lon="-68.7034934">
        <ele>1560.0000</ele>
      </trkpt>
      <trkpt lat="-31.5870819" lon="-68.7034513">
        <ele>1561.0000</ele>
      </trkpt>
      <trkpt lat="-31.5869782" lon="-68.7034397">
        <ele>1564.0000</ele>
      </trkpt>
      <trkpt lat="-31.5868613" lon="-68.7034127">
        <ele>1568.0000</ele>
      </trkpt>
      <trkpt lat="-31.5867617" lon="-68.7033260">
        <ele>1571.0000</ele>
      </trkpt>
      <trkpt lat="-31.5867014" lon="-68.7032804">
        <ele>1573.0000</ele>
      </trkpt>
      <trkpt lat="-31.5867298" lon="-68.7032173">
        <ele>1571.0000</ele>
      </trkpt>
      <trkpt lat="-31.5866287" lon="-68.7031451">
        <ele>1574.0000</ele>
      </trkpt>
      <trkpt lat="-31.5865723" lon="-68.7030388">
        <ele>1574.0000</ele>
      </trkpt>
      <trkpt lat="-31.5864587" lon="-68.7029698">
        <ele>1576.0000</ele>
      </trkpt>
      <trkpt lat="-31.5863411" lon="-68.7029102">
        <ele>1577.0000</ele>
      </trkpt>
      <trkpt lat="-31.5863111" lon="-68.7028704">
        <ele>1578.0000</ele>
      </trkpt>
      <trkpt lat="-31.5862581" lon="-68.7028284">
        <ele>1578.0000</ele>
      </trkpt>
      <trkpt lat="-31.5862166" lon="-68.7027615">
        <ele>1578.0000</ele>
      </trkpt>
      <trkpt lat="-31.5861617" lon="-68.7026991">
        <ele>1579.0000</ele>
      </trkpt>
      <trkpt lat="-31.5861423" lon="-68.7026319">
        <ele>1579.0000</ele>
      </trkpt>
      <trkpt lat="-31.5861325" lon="-68.7025660">
        <ele>1578.0000</ele>
      </trkpt>
      <trkpt lat="-31.5861158" lon="-68.7024687">
        <ele>1578.0000</ele>
      </trkpt>
      <trkpt lat="-31.5861120" lon="-68.7023869">
        <ele>1578.0000</ele>
      </trkpt>
      <trkpt lat="-31.5859363" lon="-68.7022353">
        <ele>1577.0000</ele>
      </trkpt>
      <trkpt lat="-31.5857299" lon="-68.7022144">
        <ele>1574.0000</ele>
      </trkpt>
      <trkpt lat="-31.5856848" lon="-68.7021753">
        <ele>1573.0000</ele>
      </trkpt>
      <trkpt lat="-31.5855579" lon="-68.7023409">
        <ele>1573.0000</ele>
      </trkpt>
      <trkpt lat="-31.5854557" lon="-68.7023966">
        <ele>1573.0000</ele>
      </trkpt>
      <trkpt lat="-31.5853631" lon="-68.7024728">
        <ele>1574.0000</ele>
      </trkpt>
      <trkpt lat="-31.5853175" lon="-68.7025781">
        <ele>1573.0000</ele>
      </trkpt>
      <trkpt lat="-31.5853031" lon="-68.7026903">
        <ele>1573.0000</ele>
      </trkpt>
      <trkpt lat="-31.5851383" lon="-68.7029101">
        <ele>1565.0000</ele>
      </trkpt>
      <trkpt lat="-31.5850067" lon="-68.7028517">
        <ele>1563.0000</ele>
      </trkpt>
      <trkpt lat="-31.5849116" lon="-68.7028210">
        <ele>1560.0000</ele>
      </trkpt>
      <trkpt lat="-31.5848055" lon="-68.7027351">
        <ele>1557.0000</ele>
      </trkpt>
      <trkpt lat="-31.5846438" lon="-68.7026832">
        <ele>1550.0000</ele>
      </trkpt>
      <trkpt lat="-31.5841221" lon="-68.7025590">
        <ele>1532.0000</ele>
      </trkpt>
      <trkpt lat="-31.5840966" lon="-68.7024509">
        <ele>1533.0000</ele>
      </trkpt>
      <trkpt lat="-31.5837883" lon="-68.7023445">
        <ele>1527.0000</ele>
      </trkpt>
      <trkpt lat="-31.5835643" lon="-68.7022578">
        <ele>1522.0000</ele>
      </trkpt>
      <trkpt lat="-31.5832029" lon="-68.7022072">
        <ele>1509.0000</ele>
      </trkpt>
      <trkpt lat="-31.5826831" lon="-68.7019629">
        <ele>1495.0000</ele>
      </trkpt>
      <trkpt lat="-31.5821657" lon="-68.7017723">
        <ele>1485.0000</ele>
      </trkpt>
      <trkpt lat="-31.5817363" lon="-68.7014543">
        <ele>1485.0000</ele>
      </trkpt>
      <trkpt lat="-31.5814376" lon="-68.7011784">
        <ele>1489.0000</ele>
      </trkpt>
      <trkpt lat="-31.5812308" lon="-68.7009556">
        <ele>1491.0000</ele>
      </trkpt>
      <trkpt lat="-31.5810939" lon="-68.7008178">
        <ele>1490.0000</ele>
      </trkpt>
      <trkpt lat="-31.5809959" lon="-68.7007184">
        <ele>1487.0000</ele>
      </trkpt>
      <trkpt lat="-31.5808248" lon="-68.7005455">
        <ele>1485.0000</ele>
      </trkpt>
      <trkpt lat="-31.5806022" lon="-68.7004125">
        <ele>1481.0000</ele>
      </trkpt>
      <trkpt lat="-31.5803922" lon="-68.7003326">
        <ele>1478.0000</ele>
      </trkpt>
      <trkpt lat="-31.5801282" lon="-68.7001959">
        <ele>1475.0000</ele>
      </trkpt>
      <trkpt lat="-31.5798166" lon="-68.7000991">
        <ele>1473.0000</ele>
      </trkpt>
      <trkpt lat="-31.5794157" lon="-68.6998565">
        <ele>1477.0000</ele>
      </trkpt>
      <trkpt lat="-31.5790771" lon="-68.6997672">
        <ele>1471.0000</ele>
      </trkpt>
      <trkpt lat="-31.5788495" lon="-68.6995354">
        <ele>1470.0000</ele>
      </trkpt>
      <trkpt lat="-31.5785596" lon="-68.6994050">
        <ele>1465.0000</ele>
      </trkpt>
      <trkpt lat="-31.5779394" lon="-68.6985056">
        <ele>1467.0000</ele>
      </trkpt>
      <trkpt lat="-31.5779859" lon="-68.6984280">
        <ele>1468.0000</ele>
      </trkpt>
      <trkpt lat="-31.5778493" lon="-68.6982602">
        <ele>1470.0000</ele>
      </trkpt>
      <trkpt lat="-31.5776557" lon="-68.6981093">
        <ele>1470.0000</ele>
      </trkpt>
      <trkpt lat="-31.5773639" lon="-68.6979290">
        <ele>1463.0000</ele>
      </trkpt>
      <trkpt lat="-31.5764551" lon="-68.6976135">
        <ele>1433.0000</ele>
      </trkpt>
      <trkpt lat="-31.5756774" lon="-68.6974593">
        <ele>1441.0000</ele>
      </trkpt>
      <trkpt lat="-31.5752300" lon="-68.6972072">
        <ele>1441.0000</ele>
      </trkpt>
      <trkpt lat="-31.5749331" lon="-68.6970078">
        <ele>1435.0000</ele>
      </trkpt>
      <trkpt lat="-31.5746602" lon="-68.6967855">
        <ele>1436.0000</ele>
      </trkpt>
      <trkpt lat="-31.5744473" lon="-68.6963711">
        <ele>1455.0000</ele>
      </trkpt>
      <trkpt lat="-31.5743083" lon="-68.6961165">
        <ele>1460.0000</ele>
      </trkpt>
      <trkpt lat="-31.5740588" lon="-68.6958168">
        <ele>1462.0000</ele>
      </trkpt>
      <trkpt lat="-31.5735694" lon="-68.6953808">
        <ele>1444.0000</ele>
      </trkpt>
      <trkpt lat="-31.5717038" lon="-68.6942310">
        <ele>1387.0000</ele>
      </trkpt>
      <trkpt lat="-31.5707609" lon="-68.6932829">
        <ele>1341.0000</ele>
      </trkpt>
      <trkpt lat="-31.5705676" lon="-68.6927135">
        <ele>1331.0000</ele>
      </trkpt>
      <trkpt lat="-31.5702416" lon="-68.6920510">
        <ele>1315.0000</ele>
      </trkpt>
      <trkpt lat="-31.5698039" lon="-68.6918233">
        <ele>1312.0000</ele>
      </trkpt>
      <trkpt lat="-31.5696651" lon="-68.6917519">
        <ele>1313.0000</ele>
      </trkpt>
      <trkpt lat="-31.5696235" lon="-68.6916651">
        <ele>1313.0000</ele>
      </trkpt>
      <trkpt lat="-31.5696252" lon="-68.6916257">
        <ele>1313.0000</ele>
      </trkpt>
      <trkpt lat="-31.5696785" lon="-68.6915842">
        <ele>1313.0000</ele>
      </trkpt>
      <trkpt lat="-31.5697241" lon="-68.6915654">
        <ele>1313.0000</ele>
      </trkpt>
      <trkpt lat="-31.5697446" lon="-68.6915633">
        <ele>1312.0000</ele>
      </trkpt>
      <trkpt lat="-31.5697538" lon="-68.6915644">
        <ele>1312.0000</ele>
      </trkpt>
      <trkpt lat="-31.5697683" lon="-68.6915355">
        <ele>1312.0000</ele>
      </trkpt>
      <trkpt lat="-31.5697852" lon="-68.6915110">
        <ele>1311.0000</ele>
      </trkpt>
      <trkpt lat="-31.5697990" lon="-68.6914963">
        <ele>1311.0000</ele>
      </trkpt>
      <trkpt lat="-31.5698025" lon="-68.6914897">
        <ele>1311.0000</ele>
      </trkpt>
      <trkpt lat="-31.5697872" lon="-68.6914398">
        <ele>1311.0000</ele>
      </trkpt>
      <trkpt lat="-31.5697818" lon="-68.6914003">
        <ele>1311.0000</ele>
      </trkpt>
      <trkpt lat="-31.5697860" lon="-68.6913831">
        <ele>1311.0000</ele>
      </trkpt>
      <trkpt lat="-31.5697743" lon="-68.6913399">
        <ele>1311.0000</ele>
      </trkpt>
      <trkpt lat="-31.5697619" lon="-68.6912838">
        <ele>1310.0000</ele>
      </trkpt>
      <trkpt lat="-31.5697377" lon="-68.6912467">
        <ele>1310.0000</ele>
      </trkpt>
      <trkpt lat="-31.5696930" lon="-68.6912059">
        <ele>1311.0000</ele>
      </trkpt>
      <trkpt lat="-31.5696439" lon="-68.6911650">
        <ele>1312.0000</ele>
      </trkpt>
      <trkpt lat="-31.5695959" lon="-68.6911119">
        <ele>1312.0000</ele>
      </trkpt>
      <trkpt lat="-31.5695416" lon="-68.6910578">
        <ele>1312.0000</ele>
      </trkpt>
      <trkpt lat="-31.5694775" lon="-68.6909953">
        <ele>1312.0000</ele>
      </trkpt>
      <trkpt lat="-31.5694508" lon="-68.6909548">
        <ele>1311.0000</ele>
      </trkpt>
      <trkpt lat="-31.5693779" lon="-68.6908986">
        <ele>1311.0000</ele>
      </trkpt>
      <trkpt lat="-31.5693500" lon="-68.6908660">
        <ele>1310.0000</ele>
      </trkpt>
      <trkpt lat="-31.5693377" lon="-68.6908488">
        <ele>1310.0000</ele>
      </trkpt>
      <trkpt lat="-31.5693100" lon="-68.6908206">
        <ele>1310.0000</ele>
      </trkpt>
      <trkpt lat="-31.5692866" lon="-68.6907991">
        <ele>1310.0000</ele>
      </trkpt>
      <trkpt lat="-31.5692016" lon="-68.6907243">
        <ele>1310.0000</ele>
      </trkpt>
      <trkpt lat="-31.5691665" lon="-68.6906826">
        <ele>1310.0000</ele>
      </trkpt>
      <trkpt lat="-31.5691596" lon="-68.6906709">
        <ele>1309.0000</ele>
      </trkpt>
      <trkpt lat="-31.5691326" lon="-68.6906359">
        <ele>1309.0000</ele>
      </trkpt>
      <trkpt lat="-31.5691066" lon="-68.6906137">
        <ele>1309.0000</ele>
      </trkpt>
      <trkpt lat="-31.5690835" lon="-68.6905810">
        <ele>1308.0000</ele>
      </trkpt>
      <trkpt lat="-31.5690779" lon="-68.6905699">
        <ele>1308.0000</ele>
      </trkpt>
      <trkpt lat="-31.5690620" lon="-68.6905337">
        <ele>1307.0000</ele>
      </trkpt>
      <trkpt lat="-31.5690196" lon="-68.6904973">
        <ele>1306.0000</ele>
      </trkpt>
      <trkpt lat="-31.5689655" lon="-68.6904527">
        <ele>1306.0000</ele>
      </trkpt>
      <trkpt lat="-31.5688817" lon="-68.6903980">
        <ele>1305.0000</ele>
      </trkpt>
      <trkpt lat="-31.5688167" lon="-68.6903386">
        <ele>1304.0000</ele>
      </trkpt>
      <trkpt lat="-31.5687416" lon="-68.6902842">
        <ele>1303.0000</ele>
      </trkpt>
      <trkpt lat="-31.5687237" lon="-68.6902721">
        <ele>1303.0000</ele>
      </trkpt>
      <trkpt lat="-31.5686731" lon="-68.6902224">
        <ele>1302.0000</ele>
      </trkpt>
      <trkpt lat="-31.5686594" lon="-68.6901848">
        <ele>1301.0000</ele>
      </trkpt>
      <trkpt lat="-31.5686423" lon="-68.6901359">
        <ele>1299.0000</ele>
      </trkpt>
      <trkpt lat="-31.5686306" lon="-68.6901011">
        <ele>1298.0000</ele>
      </trkpt>
      <trkpt lat="-31.5685646" lon="-68.6901153">
        <ele>1298.0000</ele>
      </trkpt>
      <trkpt lat="-31.5685460" lon="-68.6901125">
        <ele>1298.0000</ele>
      </trkpt>
      <trkpt lat="-31.5683799" lon="-68.6900811">
        <ele>1297.0000</ele>
      </trkpt>
      <trkpt lat="-31.5682964" lon="-68.6900619">
        <ele>1295.0000</ele>
      </trkpt>
      <trkpt lat="-31.5682210" lon="-68.6900432">
        <ele>1292.0000</ele>
      </trkpt>
      <trkpt lat="-31.5682125" lon="-68.6899625">
        <ele>1290.0000</ele>
      </trkpt>
      <trkpt lat="-31.5682108" lon="-68.6899449">
        <ele>1289.0000</ele>
      </trkpt>
      <trkpt lat="-31.5682013" lon="-68.6899098">
        <ele>1287.0000</ele>
      </trkpt>
      <trkpt lat="-31.5682280" lon="-68.6899179">
        <ele>1288.0000</ele>
      </trkpt>
      <trkpt lat="-31.5681933" lon="-68.6898395">
        <ele>1284.0000</ele>
      </trkpt>
      <trkpt lat="-31.5681856" lon="-68.6897558">
        <ele>1281.0000</ele>
      </trkpt>
      <trkpt lat="-31.5681395" lon="-68.6896737">
        <ele>1277.0000</ele>
      </trkpt>
      <trkpt lat="-31.5680841" lon="-68.6896004">
        <ele>1272.0000</ele>
      </trkpt>
      <trkpt lat="-31.5679539" lon="-68.6895421">
        <ele>1269.0000</ele>
      </trkpt>
      <trkpt lat="-31.5677144" lon="-68.6895741">
        <ele>1270.0000</ele>
      </trkpt>
      <trkpt lat="-31.5674357" lon="-68.6895259">
        <ele>1266.0000</ele>
      </trkpt>
      <trkpt lat="-31.5672317" lon="-68.6891767">
        <ele>1253.0000</ele>
      </trkpt>
      <trkpt lat="-31.5671445" lon="-68.6889962">
        <ele>1251.0000</ele>
      </trkpt>
      <trkpt lat="-31.5668539" lon="-68.6885146">
        <ele>1247.0000</ele>
      </trkpt>
      <trkpt lat="-31.5666827" lon="-68.6882280">
        <ele>1237.0000</ele>
      </trkpt>
      <trkpt lat="-31.5662447" lon="-68.6876567">
        <ele>1226.0000</ele>
      </trkpt>
      <trkpt lat="-31.5661921" lon="-68.6875952">
        <ele>1227.0000</ele>
      </trkpt>
      <trkpt lat="-31.5660808" lon="-68.6873204">
        <ele>1225.0000</ele>
      </trkpt>
      <trkpt lat="-31.5660391" lon="-68.6871841">
        <ele>1222.0000</ele>
      </trkpt>
      <trkpt lat="-31.5660252" lon="-68.6870619">
        <ele>1217.0000</ele>
      </trkpt>
      <trkpt lat="-31.5660640" lon="-68.6869699">
        <ele>1212.0000</ele>
      </trkpt>
      <trkpt lat="-31.5660468" lon="-68.6868402">
        <ele>1207.0000</ele>
      </trkpt>
      <trkpt lat="-31.5660291" lon="-68.6867601">
        <ele>1204.0000</ele>
      </trkpt>
      <trkpt lat="-31.5659954" lon="-68.6866328">
        <ele>1200.0000</ele>
      </trkpt>
      <trkpt lat="-31.5659422" lon="-68.6865164">
        <ele>1199.0000</ele>
      </trkpt>
      <trkpt lat="-31.5658543" lon="-68.6864062">
        <ele>1199.0000</ele>
      </trkpt>
      <trkpt lat="-31.5657819" lon="-68.6862933">
        <ele>1199.0000</ele>
      </trkpt>
      <trkpt lat="-31.5657149" lon="-68.6862124">
        <ele>1197.0000</ele>
      </trkpt>
      <trkpt lat="-31.5656934" lon="-68.6860792">
        <ele>1193.0000</ele>
      </trkpt>
      <trkpt lat="-31.5656303" lon="-68.6859188">
        <ele>1184.0000</ele>
      </trkpt>
      <trkpt lat="-31.5653955" lon="-68.6858093">
        <ele>1178.0000</ele>
      </trkpt>
      <trkpt lat="-31.5650280" lon="-68.6858614">
        <ele>1184.0000</ele>
      </trkpt>
      <trkpt lat="-31.5649747" lon="-68.6858425">
        <ele>1184.0000</ele>
      </trkpt>
      <trkpt lat="-31.5649477" lon="-68.6858316">
        <ele>1184.0000</ele>
      </trkpt>
      <trkpt lat="-31.5648796" lon="-68.6858084">
        <ele>1183.0000</ele>
      </trkpt>
      <trkpt lat="-31.5648365" lon="-68.6858057">
        <ele>1184.0000</ele>
      </trkpt>
      <trkpt lat="-31.5648180" lon="-68.6858027">
        <ele>1184.0000</ele>
      </trkpt>
      <trkpt lat="-31.5647322" lon="-68.6857793">
        <ele>1183.0000</ele>
      </trkpt>
      <trkpt lat="-31.5646839" lon="-68.6857502">
        <ele>1182.0000</ele>
      </trkpt>
      <trkpt lat="-31.5646604" lon="-68.6857364">
        <ele>1182.0000</ele>
      </trkpt>
      <trkpt lat="-31.5646435" lon="-68.6857278">
        <ele>1182.0000</ele>
      </trkpt>
      <trkpt lat="-31.5645913" lon="-68.6857034">
        <ele>1181.0000</ele>
      </trkpt>
      <trkpt lat="-31.5645413" lon="-68.6857034">
        <ele>1182.0000</ele>
      </trkpt>
      <trkpt lat="-31.5644835" lon="-68.6857008">
        <ele>1182.0000</ele>
      </trkpt>
      <trkpt lat="-31.5644246" lon="-68.6856980">
        <ele>1182.0000</ele>
      </trkpt>
      <trkpt lat="-31.5643984" lon="-68.6856733">
        <ele>1181.0000</ele>
      </trkpt>
      <trkpt lat="-31.5643480" lon="-68.6856454">
        <ele>1180.0000</ele>
      </trkpt>
      <trkpt lat="-31.5643347" lon="-68.6856496">
        <ele>1180.0000</ele>
      </trkpt>
      <trkpt lat="-31.5643292" lon="-68.6856498">
        <ele>1180.0000</ele>
      </trkpt>
      <trkpt lat="-31.5642907" lon="-68.6856564">
        <ele>1180.0000</ele>
      </trkpt>
      <trkpt lat="-31.5642809" lon="-68.6856563">
        <ele>1179.0000</ele>
      </trkpt>
      <trkpt lat="-31.5642107" lon="-68.6856728">
        <ele>1179.0000</ele>
      </trkpt>
      <trkpt lat="-31.5641647" lon="-68.6856730">
        <ele>1179.0000</ele>
      </trkpt>
      <trkpt lat="-31.5641367" lon="-68.6856395">
        <ele>1177.0000</ele>
      </trkpt>
      <trkpt lat="-31.5641032" lon="-68.6856038">
        <ele>1176.0000</ele>
      </trkpt>
      <trkpt lat="-31.5640596" lon="-68.6855763">
        <ele>1174.0000</ele>
      </trkpt>
      <trkpt lat="-31.5639386" lon="-68.6855707">
        <ele>1171.0000</ele>
      </trkpt>
      <trkpt lat="-31.5638669" lon="-68.6855744">
        <ele>1169.0000</ele>
      </trkpt>
      <trkpt lat="-31.5638390" lon="-68.6855797">
        <ele>1168.0000</ele>
      </trkpt>
      <trkpt lat="-31.5637699" lon="-68.6855890">
        <ele>1166.0000</ele>
      </trkpt>
      <trkpt lat="-31.5637368" lon="-68.6855677">
        <ele>1164.0000</ele>
      </trkpt>
      <trkpt lat="-31.5636466" lon="-68.6855352">
        <ele>1161.0000</ele>
      </trkpt>
      <trkpt lat="-31.5636001" lon="-68.6855529">
        <ele>1160.0000</ele>
      </trkpt>
      <trkpt lat="-31.5635556" lon="-68.6855800">
        <ele>1158.0000</ele>
      </trkpt>
      <trkpt lat="-31.5635292" lon="-68.6855798">
        <ele>1157.0000</ele>
      </trkpt>
      <trkpt lat="-31.5635336" lon="-68.6855575">
        <ele>1157.0000</ele>
      </trkpt>
      <trkpt lat="-31.5635296" lon="-68.6855400">
        <ele>1157.0000</ele>
      </trkpt>
      <trkpt lat="-31.5635482" lon="-68.6855146">
        <ele>1158.0000</ele>
      </trkpt>
      <trkpt lat="-31.5635478" lon="-68.6854830">
        <ele>1157.0000</ele>
      </trkpt>
      <trkpt lat="-31.5635652" lon="-68.6854428">
        <ele>1157.0000</ele>
      </trkpt>
      <trkpt lat="-31.5635840" lon="-68.6853915">
        <ele>1157.0000</ele>
      </trkpt>
      <trkpt lat="-31.5635831" lon="-68.6853450">
        <ele>1156.0000</ele>
      </trkpt>
      <trkpt lat="-31.5635739" lon="-68.6852962">
        <ele>1156.0000</ele>
      </trkpt>
      <trkpt lat="-31.5635582" lon="-68.6852547">
        <ele>1155.0000</ele>
      </trkpt>
      <trkpt lat="-31.5635402" lon="-68.6852052">
        <ele>1155.0000</ele>
      </trkpt>
      <trkpt lat="-31.5635365" lon="-68.6851454">
        <ele>1155.0000</ele>
      </trkpt>
      <trkpt lat="-31.5635056" lon="-68.6850660">
        <ele>1155.0000</ele>
      </trkpt>
      <trkpt lat="-31.5635176" lon="-68.6850255">
        <ele>1155.0000</ele>
      </trkpt>
      <trkpt lat="-31.5635176" lon="-68.6849992">
        <ele>1155.0000</ele>
      </trkpt>
      <trkpt lat="-31.5635181" lon="-68.6849541">
        <ele>1154.0000</ele>
      </trkpt>
      <trkpt lat="-31.5635265" lon="-68.6849368">
        <ele>1153.0000</ele>
      </trkpt>
      <trkpt lat="-31.5635301" lon="-68.6848866">
        <ele>1152.0000</ele>
      </trkpt>
      <trkpt lat="-31.5635346" lon="-68.6848619">
        <ele>1152.0000</ele>
      </trkpt>
      <trkpt lat="-31.5635408" lon="-68.6848119">
        <ele>1150.0000</ele>
      </trkpt>
      <trkpt lat="-31.5635412" lon="-68.6847625">
        <ele>1149.0000</ele>
      </trkpt>
      <trkpt lat="-31.5635401" lon="-68.6847272">
        <ele>1148.0000</ele>
      </trkpt>
      <trkpt lat="-31.5635422" lon="-68.6847089">
        <ele>1148.0000</ele>
      </trkpt>
      <trkpt lat="-31.5635364" lon="-68.6846823">
        <ele>1147.0000</ele>
      </trkpt>
      <trkpt lat="-31.5635468" lon="-68.6846626">
        <ele>1146.0000</ele>
      </trkpt>
      <trkpt lat="-31.5635434" lon="-68.6846423">
        <ele>1145.0000</ele>
      </trkpt>
      <trkpt lat="-31.5635573" lon="-68.6845987">
        <ele>1143.0000</ele>
      </trkpt>
      <trkpt lat="-31.5635466" lon="-68.6845430">
        <ele>1141.0000</ele>
      </trkpt>
      <trkpt lat="-31.5635216" lon="-68.6844904">
        <ele>1140.0000</ele>
      </trkpt>
      <trkpt lat="-31.5634820" lon="-68.6844364">
        <ele>1139.0000</ele>
      </trkpt>
      <trkpt lat="-31.5633820" lon="-68.6843395">
        <ele>1138.0000</ele>
      </trkpt>
      <trkpt lat="-31.5633074" lon="-68.6842873">
        <ele>1137.0000</ele>
      </trkpt>
      <trkpt lat="-31.5631496" lon="-68.6841826">
        <ele>1129.0000</ele>
      </trkpt>
      <trkpt lat="-31.5631008" lon="-68.6841674">
        <ele>1127.0000</ele>
      </trkpt>
      <trkpt lat="-31.5629088" lon="-68.6841321">
        <ele>1122.0000</ele>
      </trkpt>
      <trkpt lat="-31.5628173" lon="-68.6841372">
        <ele>1121.0000</ele>
      </trkpt>
      <trkpt lat="-31.5627631" lon="-68.6841523">
        <ele>1121.0000</ele>
      </trkpt>
      <trkpt lat="-31.5625822" lon="-68.6841596">
        <ele>1119.0000</ele>
      </trkpt>
      <trkpt lat="-31.5625148" lon="-68.6841755">
        <ele>1119.0000</ele>
      </trkpt>
      <trkpt lat="-31.5624465" lon="-68.6841832">
        <ele>1119.0000</ele>
      </trkpt>
      <trkpt lat="-31.5623622" lon="-68.6842555">
        <ele>1120.0000</ele>
      </trkpt>
      <trkpt lat="-31.5623037" lon="-68.6843007">
        <ele>1119.0000</ele>
      </trkpt>
      <trkpt lat="-31.5622158" lon="-68.6843151">
        <ele>1118.0000</ele>
      </trkpt>
      <trkpt lat="-31.5621698" lon="-68.6843184">
        <ele>1117.0000</ele>
      </trkpt>
      <trkpt lat="-31.5621013" lon="-68.6843232">
        <ele>1116.0000</ele>
      </trkpt>
      <trkpt lat="-31.5620940" lon="-68.6843528">
        <ele>1115.0000</ele>
      </trkpt>
      <trkpt lat="-31.5620659" lon="-68.6843828">
        <ele>1114.0000</ele>
      </trkpt>
      <trkpt lat="-31.5620532" lon="-68.6844300">
        <ele>1113.0000</ele>
      </trkpt>
      <trkpt lat="-31.5619211" lon="-68.6844359">
        <ele>1109.0000</ele>
      </trkpt>
      <trkpt lat="-31.5617886" lon="-68.6844371">
        <ele>1103.0000</ele>
      </trkpt>
      <trkpt lat="-31.5616187" lon="-68.6843381">
        <ele>1099.0000</ele>
      </trkpt>
      <trkpt lat="-31.5614677" lon="-68.6842912">
        <ele>1090.0000</ele>
      </trkpt>
      <trkpt lat="-31.5612246" lon="-68.6842233">
        <ele>1081.0000</ele>
      </trkpt>
      <trkpt lat="-31.5609784" lon="-68.6841300">
        <ele>1079.0000</ele>
      </trkpt>
      <trkpt lat="-31.5608848" lon="-68.6841545">
        <ele>1077.0000</ele>
      </trkpt>
      <trkpt lat="-31.5608215" lon="-68.6841895">
        <ele>1074.0000</ele>
      </trkpt>
      <trkpt lat="-31.5607776" lon="-68.6840551">
        <ele>1078.0000</ele>
      </trkpt>
      <trkpt lat="-31.5607254" lon="-68.6839580">
        <ele>1079.0000</ele>
      </trkpt>
      <trkpt lat="-31.5606613" lon="-68.6839050">
        <ele>1078.0000</ele>
      </trkpt>
      <trkpt lat="-31.5606428" lon="-68.6838688">
        <ele>1078.0000</ele>
      </trkpt>
      <trkpt lat="-31.5605547" lon="-68.6838028">
        <ele>1074.0000</ele>
      </trkpt>
      <trkpt lat="-31.5604704" lon="-68.6837690">
        <ele>1070.0000</ele>
      </trkpt>
      <trkpt lat="-31.5601998" lon="-68.6836846">
        <ele>1054.0000</ele>
      </trkpt>
      <trkpt lat="-31.5601310" lon="-68.6835568">
        <ele>1051.0000</ele>
      </trkpt>
      <trkpt lat="-31.5599743" lon="-68.6832714">
        <ele>1044.0000</ele>
      </trkpt>
      <trkpt lat="-31.5599745" lon="-68.6832017">
        <ele>1043.0000</ele>
      </trkpt>
      <trkpt lat="-31.5598131" lon="-68.6828065">
        <ele>1027.0000</ele>
      </trkpt>
      <trkpt lat="-31.5594673" lon="-68.6826931">
        <ele>1011.0000</ele>
      </trkpt>
      <trkpt lat="-31.5594458" lon="-68.6827006">
        <ele>1011.0000</ele>
      </trkpt>
      <trkpt lat="-31.5588676" lon="-68.6824793">
        <ele>984.00000</ele>
      </trkpt>
      <trkpt lat="-31.5583557" lon="-68.6821944">
        <ele>956.00000</ele>
      </trkpt>
      <trkpt lat="-31.5582937" lon="-68.6823961">
        <ele>962.00000</ele>
      </trkpt>
      <trkpt lat="-31.5581187" lon="-68.6824564">
        <ele>955.00000</ele>
      </trkpt>
      <trkpt lat="-31.5579926" lon="-68.6824980">
        <ele>949.00000</ele>
      </trkpt>
      <trkpt lat="-31.5578301" lon="-68.6825673">
        <ele>937.00000</ele>
      </trkpt>
      <trkpt lat="-31.5578157" lon="-68.6819896">
        <ele>928.00000</ele>
      </trkpt>
      <trkpt lat="-31.5572623" lon="-68.6819768">
        <ele>919.00000</ele>
      </trkpt>
      <trkpt lat="-31.5571314" lon="-68.6820082">
        <ele>914.00000</ele>
      </trkpt>
      <trkpt lat="-31.5570486" lon="-68.6822210">
        <ele>912.00000</ele>
      </trkpt>
      <trkpt lat="-31.5571457" lon="-68.6824427">
        <ele>911.00000</ele>
      </trkpt>
      <trkpt lat="-31.5572961" lon="-68.6826185">
        <ele>912.00000</ele>
      </trkpt>
      <trkpt lat="-31.5573959" lon="-68.6827637">
        <ele>912.00000</ele>
      </trkpt>
      <trkpt lat="-31.5575966" lon="-68.6830694">
        <ele>914.00000</ele>
      </trkpt>
      <trkpt lat="-31.5578371" lon="-68.6832067">
        <ele>920.00000</ele>
      </trkpt>
      <trkpt lat="-31.5580191" lon="-68.6833431">
        <ele>925.00000</ele>
      </trkpt>
      <trkpt lat="-31.5580683" lon="-68.6834896">
        <ele>922.00000</ele>
      </trkpt>
      <trkpt lat="-31.5584766" lon="-68.6840423">
        <ele>923.00000</ele>
      </trkpt>
      <trkpt lat="-31.5588763" lon="-68.6847617">
        <ele>926.00000</ele>
      </trkpt>
      <trkpt lat="-31.5588302" lon="-68.6853200">
        <ele>917.00000</ele>
      </trkpt>
      <trkpt lat="-31.5587387" lon="-68.6854237">
        <ele>915.00000</ele>
      </trkpt>
      <trkpt lat="-31.5586310" lon="-68.6855657">
        <ele>912.00000</ele>
      </trkpt>
      <trkpt lat="-31.5586287" lon="-68.6855960">
        <ele>912.00000</ele>
      </trkpt>
      <trkpt lat="-31.5586320" lon="-68.6856612">
        <ele>912.00000</ele>
      </trkpt>
      <trkpt lat="-31.5586113" lon="-68.6857083">
        <ele>912.00000</ele>
      </trkpt>
      <trkpt lat="-31.5584806" lon="-68.6858546">
        <ele>913.00000</ele>
      </trkpt>
      <trkpt lat="-31.5582664" lon="-68.6858132">
        <ele>913.00000</ele>
      </trkpt>
      <trkpt lat="-31.5580591" lon="-68.6857261">
        <ele>912.00000</ele>
      </trkpt>
      <trkpt lat="-31.5579261" lon="-68.6856496">
        <ele>910.00000</ele>
      </trkpt>
      <trkpt lat="-31.5576625" lon="-68.6855806">
        <ele>909.00000</ele>
      </trkpt>
      <trkpt lat="-31.5574786" lon="-68.6856343">
        <ele>910.00000</ele>
      </trkpt>
      <trkpt lat="-31.5573370" lon="-68.6856748">
        <ele>910.00000</ele>
      </trkpt>
      <trkpt lat="-31.5572323" lon="-68.6857141">
        <ele>911.00000</ele>
      </trkpt>
      <trkpt lat="-31.5570529" lon="-68.6857531">
        <ele>915.00000</ele>
      </trkpt>
      <trkpt lat="-31.5567802" lon="-68.6857307">
        <ele>917.00000</ele>
      </trkpt>
      <trkpt lat="-31.5567687" lon="-68.6856681">
        <ele>913.00000</ele>
      </trkpt>
      <trkpt lat="-31.5566194" lon="-68.6855100">
        <ele>904.00000</ele>
      </trkpt>
      <trkpt lat="-31.5565246" lon="-68.6854095">
        <ele>900.00000</ele>
      </trkpt>
      <trkpt lat="-31.5561941" lon="-68.6852906">
        <ele>897.00000</ele>
      </trkpt>
      <trkpt lat="-31.5559767" lon="-68.6851960">
        <ele>890.00000</ele>
      </trkpt>
      <trkpt lat="-31.5556211" lon="-68.6852200">
        <ele>894.00000</ele>
      </trkpt>
      <trkpt lat="-31.5553478" lon="-68.6852965">
        <ele>901.00000</ele>
      </trkpt>
      <trkpt lat="-31.5551881" lon="-68.6851962">
        <ele>903.00000</ele>
      </trkpt>
      <trkpt lat="-31.5550816" lon="-68.6851530">
        <ele>906.00000</ele>
      </trkpt>
      <trkpt lat="-31.5550696" lon="-68.6851591">
        <ele>906.00000</ele>
      </trkpt>
      <trkpt lat="-31.5549876" lon="-68.6850419">
        <ele>907.00000</ele>
      </trkpt>
      <trkpt lat="-31.5549720" lon="-68.6848058">
        <ele>902.00000</ele>
      </trkpt>
      <trkpt lat="-31.5548716" lon="-68.6846634">
        <ele>898.00000</ele>
      </trkpt>
      <trkpt lat="-31.5547062" lon="-68.6845417">
        <ele>898.00000</ele>
      </trkpt>
      <trkpt lat="-31.5544835" lon="-68.6844408">
        <ele>897.00000</ele>
      </trkpt>
      <trkpt lat="-31.5543904" lon="-68.6843648">
        <ele>892.00000</ele>
      </trkpt>
      <trkpt lat="-31.5542330" lon="-68.6842819">
        <ele>890.00000</ele>
      </trkpt>
      <trkpt lat="-31.5540125" lon="-68.6841469">
        <ele>889.00000</ele>
      </trkpt>
      <trkpt lat="-31.5536108" lon="-68.6841089">
        <ele>889.00000</ele>
      </trkpt>
      <trkpt lat="-31.5534433" lon="-68.6842294">
        <ele>894.00000</ele>
      </trkpt>
      <trkpt lat="-31.5533841" lon="-68.6842726">
        <ele>895.00000</ele>
      </trkpt>
      <trkpt lat="-31.5533224" lon="-68.6842644">
        <ele>892.00000</ele>
      </trkpt>
      <trkpt lat="-31.5528631" lon="-68.6843406">
        <ele>880.00000</ele>
      </trkpt>
      <trkpt lat="-31.5528010" lon="-68.6844276">
        <ele>881.00000</ele>
      </trkpt>
      <trkpt lat="-31.5526115" lon="-68.6845332">
        <ele>882.00000</ele>
      </trkpt>
      <trkpt lat="-31.5528641" lon="-68.6847549">
        <ele>890.00000</ele>
      </trkpt>
      <trkpt lat="-31.5529409" lon="-68.6849404">
        <ele>893.00000</ele>
      </trkpt>
      <trkpt lat="-31.5532302" lon="-68.6851604">
        <ele>899.00000</ele>
      </trkpt>
      <trkpt lat="-31.5533506" lon="-68.6853995">
        <ele>898.00000</ele>
      </trkpt>
      <trkpt lat="-31.5535671" lon="-68.6855362">
        <ele>902.00000</ele>
      </trkpt>
      <trkpt lat="-31.5535789" lon="-68.6855629">
        <ele>902.00000</ele>
      </trkpt>
      <trkpt lat="-31.5535393" lon="-68.6857529">
        <ele>896.00000</ele>
      </trkpt>
      <trkpt lat="-31.5535430" lon="-68.6861788">
        <ele>880.00000</ele>
      </trkpt>
      <trkpt lat="-31.5539548" lon="-68.6862804">
        <ele>902.00000</ele>
      </trkpt>
      <trkpt lat="-31.5539386" lon="-68.6864619">
        <ele>893.00000</ele>
      </trkpt>
      <trkpt lat="-31.5535073" lon="-68.6867471">
        <ele>848.00000</ele>
      </trkpt>
      <trkpt lat="-31.5536911" lon="-68.6868604">
        <ele>853.00000</ele>
      </trkpt>
      <trkpt lat="-31.5541744" lon="-68.6868450">
        <ele>879.00000</ele>
      </trkpt>
      <trkpt lat="-31.5543819" lon="-68.6869392">
        <ele>878.00000</ele>
      </trkpt>
      <trkpt lat="-31.5545713" lon="-68.6869894">
        <ele>879.00000</ele>
      </trkpt>
      <trkpt lat="-31.5550228" lon="-68.6872269">
        <ele>878.00000</ele>
      </trkpt>
      <trkpt lat="-31.5552741" lon="-68.6872910">
        <ele>881.00000</ele>
      </trkpt>
      <trkpt lat="-31.5555055" lon="-68.6873781">
        <ele>877.00000</ele>
      </trkpt>
      <trkpt lat="-31.5556853" lon="-68.6874515">
        <ele>873.00000</ele>
      </trkpt>
      <trkpt lat="-31.5559256" lon="-68.6875769">
        <ele>868.00000</ele>
      </trkpt>
      <trkpt lat="-31.5560415" lon="-68.6876849">
        <ele>866.00000</ele>
      </trkpt>
      <trkpt lat="-31.5560345" lon="-68.6877170">
        <ele>864.00000</ele>
      </trkpt>
      <trkpt lat="-31.5561067" lon="-68.6878280">
        <ele>861.00000</ele>
      </trkpt>
      <trkpt lat="-31.5562605" lon="-68.6880072">
        <ele>856.00000</ele>
      </trkpt>
      <trkpt lat="-31.5565270" lon="-68.6880881">
        <ele>858.00000</ele>
      </trkpt>
      <trkpt lat="-31.5566136" lon="-68.6881185">
        <ele>859.00000</ele>
      </trkpt>
      <trkpt lat="-31.5573715" lon="-68.6887919">
        <ele>856.00000</ele>
      </trkpt>
      <trkpt lat="-31.5575561" lon="-68.6889888">
        <ele>852.00000</ele>
      </trkpt>
      <trkpt lat="-31.5576640" lon="-68.6891365">
        <ele>849.00000</ele>
      </trkpt>
      <trkpt lat="-31.5577607" lon="-68.6891838">
        <ele>849.00000</ele>
      </trkpt>
      <trkpt lat="-31.5578697" lon="-68.6892658">
        <ele>847.00000</ele>
      </trkpt>
      <trkpt lat="-31.5579080" lon="-68.6892908">
        <ele>846.00000</ele>
      </trkpt>
      <trkpt lat="-31.5581339" lon="-68.6893368">
        <ele>844.00000</ele>
      </trkpt>
      <trkpt lat="-31.5581942" lon="-68.6893436">
        <ele>843.00000</ele>
      </trkpt>
      <trkpt lat="-31.5582861" lon="-68.6893537">
        <ele>843.00000</ele>
      </trkpt>
      <trkpt lat="-31.5585270" lon="-68.6894022">
        <ele>840.00000</ele>
      </trkpt>
      <trkpt lat="-31.5587777" lon="-68.6894925">
        <ele>837.00000</ele>
      </trkpt>
      <trkpt lat="-31.5590372" lon="-68.6895097">
        <ele>836.00000</ele>
      </trkpt>
      <trkpt lat="-31.5590180" lon="-68.6896330">
        <ele>832.00000</ele>
      </trkpt>
      <trkpt lat="-31.5588263" lon="-68.6896194">
        <ele>831.00000</ele>
      </trkpt>
      <trkpt lat="-31.5585753" lon="-68.6896041">
        <ele>829.00000</ele>
      </trkpt>
      <trkpt lat="-31.5581681" lon="-68.6896344">
        <ele>828.00000</ele>
      </trkpt>
      <trkpt lat="-31.5579404" lon="-68.6896188">
        <ele>829.00000</ele>
      </trkpt>
      <trkpt lat="-31.5576189" lon="-68.6895616">
        <ele>830.00000</ele>
      </trkpt>
      <trkpt lat="-31.5572973" lon="-68.6894354">
        <ele>828.00000</ele>
      </trkpt>
      <trkpt lat="-31.5570104" lon="-68.6895514">
        <ele>816.00000</ele>
      </trkpt>
      <trkpt lat="-31.5573402" lon="-68.6897106">
        <ele>818.00000</ele>
      </trkpt>
      <trkpt lat="-31.5578543" lon="-68.6899397">
        <ele>814.00000</ele>
      </trkpt>
      <trkpt lat="-31.5576290" lon="-68.6901092">
        <ele>806.00000</ele>
      </trkpt>
      <trkpt lat="-31.5573711" lon="-68.6900418">
        <ele>807.00000</ele>
      </trkpt>
      <trkpt lat="-31.5571204" lon="-68.6898501">
        <ele>810.00000</ele>
      </trkpt>
      <trkpt lat="-31.5567005" lon="-68.6896353">
        <ele>804.00000</ele>
      </trkpt>
      <trkpt lat="-31.5568539" lon="-68.6900635">
        <ele>797.00000</ele>
      </trkpt>
      <trkpt lat="-31.5572461" lon="-68.6902750">
        <ele>798.00000</ele>
      </trkpt>
      <trkpt lat="-31.5574510" lon="-68.6904572">
        <ele>795.00000</ele>
      </trkpt>
      <trkpt lat="-31.5568025" lon="-68.6905750">
        <ele>785.00000</ele>
      </trkpt>
      <trkpt lat="-31.5567723" lon="-68.6909329">
        <ele>781.00000</ele>
      </trkpt>
      <trkpt lat="-31.5568340" lon="-68.6910842">
        <ele>781.00000</ele>
      </trkpt>
      <trkpt lat="-31.5570151" lon="-68.6911784">
        <ele>783.00000</ele>
      </trkpt>
      <trkpt lat="-31.5570561" lon="-68.6913848">
        <ele>783.00000</ele>
      </trkpt>
      <trkpt lat="-31.5568502" lon="-68.6914312">
        <ele>781.00000</ele>
      </trkpt>
      <trkpt lat="-31.5566227" lon="-68.6914103">
        <ele>777.00000</ele>
      </trkpt>
      <trkpt lat="-31.5562016" lon="-68.6913506">
        <ele>771.00000</ele>
      </trkpt>
      <trkpt lat="-31.5560200" lon="-68.6913484">
        <ele>769.00000</ele>
      </trkpt>
      <trkpt lat="-31.5558781" lon="-68.6913828">
        <ele>767.00000</ele>
      </trkpt>
      <trkpt lat="-31.5557005" lon="-68.6914257">
        <ele>764.00000</ele>
      </trkpt>
      <trkpt lat="-31.5555050" lon="-68.6915188">
        <ele>760.00000</ele>
      </trkpt>
      <trkpt lat="-31.5554821" lon="-68.6915450">
        <ele>759.00000</ele>
      </trkpt>
      <trkpt lat="-31.5551684" lon="-68.6916607">
        <ele>754.00000</ele>
      </trkpt>
      <trkpt lat="-31.5550199" lon="-68.6916784">
        <ele>754.00000</ele>
      </trkpt>
      <trkpt lat="-31.5549447" lon="-68.6915560">
        <ele>754.00000</ele>
      </trkpt>
      <trkpt lat="-31.5548739" lon="-68.6914673">
        <ele>754.00000</ele>
      </trkpt>
      <trkpt lat="-31.5547864" lon="-68.6913536">
        <ele>754.00000</ele>
      </trkpt>
      <trkpt lat="-31.5545662" lon="-68.6914136">
        <ele>755.00000</ele>
      </trkpt>
      <trkpt lat="-31.5542110" lon="-68.6915021">
        <ele>757.00000</ele>
      </trkpt>
    </trkseg>
  </trk>
</gpx>

